ccn,name,type,facility_class,address,city,state,zip,in_hgi,reason,addresses_tried,best_attempt
02014F,Bassett ACH (FT Wainwright),Acute Care - Department of Defense,hospital,4076 Neely Rd,Fort Wainwright,AK,99703,True,no_match,1,
021305,SEARHC WRANGELL MEDICAL CENTER & LTC,Critical Access Hospitals,hospital,232 WOOD STREET,WRANGELL,AK,99929,True,wrong_county,1,"232 WOOD ST EXD, WRANGELL, AK, 99929"
021308,NORTON SOUND REGIONAL HOSPITAL,Critical Access Hospitals,hospital,1000 GREG KRUSCHEK AVENUE (P O BOX 966),NOME,AK,99762,True,no_match,1,
021309,BRISTOL BAY DBA KANAKANAK HOSPITAL,Critical Access Hospitals,hospital,P O BOX 130,DILLINGHAM,AK,99576,True,no_usable_address,0,
021310,MANIILAQ HEALTH CENTER,Critical Access Hospitals,hospital,PO BOX 43,KOTZEBUE,AK,99752,True,no_usable_address,0,
014015,BEACON CHILDREN'S HOSPITAL,Psychiatric,hospital,150 HOSPITAL DRIVE,LUVERNE,AL,36049,True,no_match,1,
014019,UNITY PSYCHIATRIC CARE - CREEKSIDE,Psychiatric,hospital,200 ROWLAND DRIVE,BRIDGEPORT,AL,35740,False,no_match,1,
04009F,FAYETTEVILLE AR VA MEDICAL CENTER,Acute Care - Veterans Administration,hospital,1100 N. COLLEGE AVENUE,FAYETTEVILLE,AR,72703,True,no_match,1,
040161,ARKANSAS HEART HOSPITAL-ENCORE,Acute Care Hospitals,hospital,1901 ENCORE WAY,BRYANT,AR,72019,True,no_match,2,
041333,SEVIER COUNTY MEDICAL CENTER,Critical Access Hospitals,hospital,960 HWY 71 N,DE QUEEN,AR,71832,True,no_match,1,
042010,CORNERSTONE SPECIALTY HOSPITALS LITTLE ROCK,Long-term,hospital,"2 ST VINCENT CIRCLE, 6TH FLOOR",LITTLE ROCK,AR,72205,False,non_exact_house_number,1,"6 SAINT VINCENT CIR, LITTLE ROCK, AR, 72205"
030055,KINGMAN REGIONAL MEDICAL CENTER,Acute Care Hospitals,hospital,3269 STOCKTON HILL ROAD,KINGMAN,AZ,86401,True,no_match,1,
030071,FORT DEFIANCE INDIAN HOSPITAL,Acute Care Hospitals,hospital,PO BOX 649,FT. DEFIANCE,AZ,86504,True,no_usable_address,0,
030138,CITY OF HOPE CANCER CENTER PHOENIX,Acute Care Hospitals,hospital,14200 WEST CELEBRATE LIFE WAY,GOODYEAR,AZ,85338,True,no_match,1,
030152,EXCEPTIONAL COMMUNITY HOSPITAL - MARICOPA,Acute Care Hospitals,hospital,19060 NORTH JOHN WAYNE PARKWAY,MARICOPA,AZ,85139,True,no_match,1,
030195,KAYENTA ALTERNATIVE RURAL HOSPITAL,Acute Care Hospitals,hospital,"US HWY 160, S MP 394, KAYENTA, AZ 86033-0368",KAYENTA,AZ,86033,True,no_match,1,
031304,PAGE HOSPITAL,Critical Access Hospitals,hospital,501 NORTH NAVAJO DRIVE,PAGE,AZ,86040,True,no_match,1,
031307,PARKER INDIAN HEALTH CENTER,Critical Access Hospitals,hospital,12033 AGENCY ROAD,PARKER,AZ,85344,True,no_match,1,
031308,HUHU KAM MEMORIAL HOSPITAL,Critical Access Hospitals,hospital,483 WEST SEED FARM ROAD,SACATON,AZ,85147,True,no_match,1,
031317,LA PAZ REGIONAL HOSPITAL,Critical Access Hospitals,hospital,1200 WEST MOHAVE ROAD,PARKER,AZ,85344,True,no_match,1,
031320,SAN CARLOS APACHE HEALTHCARE CORPORATION,Critical Access Hospitals,hospital,103 MEDICINE WAY ROAD,PERIDOT,AZ,85542,True,wrong_county,2,San Carlos Apache Healthcare (OpenStreetMap way/463085920)
034040,VIA LINDA BEHAVIORAL HOSPITAL,Psychiatric,hospital,9160 EAST HORSESHOE RD,SCOTTSDALE,AZ,85258,True,no_match,1,
050191,ST MARY MEDICAL CENTER,Acute Care Hospitals,hospital,1050 LINDEN AVE,LONG BEACH,CA,90813,True,no_match,1,
05020F,NH Camp Pendleton,Acute Care - Department of Defense,hospital,200 Mercy Cir,Camp Pendleton,CA,92055,True,no_match,1,
05041F,Weed ACH (FT Irwin),Acute Care - Department of Defense,hospital,390 N Loop Rd,Fort Irwin,CA,92310,True,no_match,1,
050735,WHITTIER HOSPITAL MEDICAL CENTER,Acute Care Hospitals,hospital,9080 COLIMA RD,WHITTIER,CA,90605,True,no_match,1,
05128F,VA GREATER LOS ANGELES HEALTHCARE SYSTEM,Acute Care - Veterans Administration,hospital,11301 WILSHIRE BLVD.,LOS ANGELES,CA,90073,True,no_match,1,
051317,ADVENTIST HEALTH CLEARLAKE,Critical Access Hospitals,hospital,15630 18TH AVE - HWY 53,CLEARLAKE,CA,95422,True,no_match,2,
053309,MEMORIAL CARE MILLER CHILDREN'S &  WOMEN'S HOSP LB,Childrens,hospital,2801 ATLANTIC AVENUE,LONG BEACH,CA,90806,True,no_match,1,
054089,JEWISH HOME & REHAB CENTER,Psychiatric,hospital,302  SILVER AVENUE,SAN FRANCISCO,CA,94112,True,no_match,1,
054150,KAISER PERMANENTE PSYCHIATRIC HEALTH FACILITY-SANT,Psychiatric,hospital,3840 HOMESTEAD ROAD,SANTA CLARA,CA,95051,True,no_match,1,
054158,"ALISO RIDGE BEHAVIORAL HEALTH, LLC",Psychiatric,hospital,200 FREEDOM LN,ALISO VIEJO,CA,92656,True,no_match,1,
060013,MERCY REGIONAL MEDICAL CENTER,Acute Care Hospitals,hospital,1010 THREE SPRINGS BLVD,DURANGO,CO,81301,True,no_match,1,
060031,CENTURA HEALTH-PENROSE ST FRANCIS HEALTH SERVICES,Acute Care Hospitals,hospital,2222 N NEVADA AVE,COLORADO SPRINGS,CO,80907,True,no_match,1,
06003F,Evans ACH (FT Carson),Acute Care - Department of Defense,hospital,Fort Carson MEDDAC 1650 Cochrane Cir,Fort Carson,CO,80913,True,non_exact_house_number,1,"1650 COCHRANE CIR, FORT CARSON, CO, 80913"
060119,MEDICAL CENTER OF THE ROCKIES,Acute Care Hospitals,hospital,2500 ROCKY MOUNTAIN AVE,LOVELAND,CO,80538,True,no_match,1,
061312,ESTES PARK MEDICAL CENTER,Critical Access Hospitals,hospital,555 PROSPECT AVE,ESTES PARK,CO,80517,True,tie,1,
061317,GRAND RIVER HOSPITAL DISTRICT,Critical Access Hospitals,hospital,501 AIRPORT RD,RIFLE,CO,81650,True,no_match,1,
061322,HEART OF THE ROCKIES REGIONAL MEDICAL CENTER,Critical Access Hospitals,hospital,1000 RUSH DR,SALIDA,CO,81201,True,no_match,1,
061325,EASTERN RIO BLANCO COUNTY HEALTH SERVICE DISTRICT,Critical Access Hospitals,hospital,100 PIONEERS MEDICAL CENTER DR,MEEKER,CO,81641,True,no_match,1,
070006,STAMFORD HOSPITAL,Acute Care Hospitals,hospital,ONE HOSPITAL PLAZA,STAMFORD,CT,06904,True,no_match,1,
070022,YALE-NEW HAVEN HOSPITAL,Acute Care Hospitals,hospital,20 YORK ST,NEW HAVEN,CT,06504,True,tie,1,
073027,ENCOMPASS HEALTH REHABILITATION HOSPITAL OF DANBU,Rehabilitation,hospital,50 RESERVE RD,DANBURY,CT,06810,False,no_match,1,
074011,CONNECTICUT MENTAL HEALTH CENTER,Psychiatric,hospital,34 PARK STREET,NEW HAVEN,CT,06508,True,tie,1,
074016,MASONICARE HEALTH CENTER,Psychiatric,hospital,22 MASONIC AVE BLDG STURGES,WALLINGFORD,CT,06492,True,no_match,1,
090012,CEDAR HILL REGIONAL MEDICAL CENTER,Acute Care Hospitals,hospital,1200 PECAN ST SE,WASHINGTON,DC,20032,False,no_match,1,
082000,SELECT SPECIALTY HOSPITAL WILMINGTON,Long-term,hospital,501 WEST 14TH STREET 9TH FLOOR,WILMINGTON,DE,19801,False,tie,1,
100067,ST ANTHONYS HOSPITAL,Acute Care Hospitals,hospital,1200 SEVENTH AVE N,SAINT PETERSBURG,FL,33705,True,non_exact_direction,2,"1200 7TH AVE S, SAINT PETERSBURG, FL, 33705"
100093,BAPTIST HOSPITAL,Acute Care Hospitals,hospital,123 BAPTIST WAY,PENSACOLA,FL,32503,True,no_match,1,
100224,UNIVERSITY HOSPITAL AND MEDICAL CENTER,Acute Care Hospitals,hospital,7201 N UNIVERSITY DR,TAMARAC,FL,33321,True,no_match,1,
10057F,VA NORTH FLORIDA/SOUTH GEORGIA HEALTHCARE SYSTEM - GAINESVILLE,Acute Care - Veterans Administration,hospital,1601 S W ARCHER ROAD,GAINESVILLE,FL,32608,True,no_match,1,
103052,ENCOMPASS HEALTH REHABILITATION HOSPITAL OF JACKSO,Rehabilitation,hospital,11595 BURNT MILL RD,JACKSONVILLE,FL,32256,False,no_match,1,
103057,PAM HEALTH REHABILITATION HOSPITAL OF JUPITER,Rehabilitation,hospital,5075 INNOVATION WAY,JUPITER,FL,33458,False,no_match,1,
103063,REUNION REHABILITATION HOSPITAL JACKSONVILLE,Rehabilitation,hospital,12645 SALINA DR,JACKSONVILLE,FL,32246,False,no_match,1,
103066,NORTH FLORIDA REHABILITATION HOSPITAL,Rehabilitation,hospital,7775 VOLUNTEER WAY,JACKSONVILLE,FL,32221,False,no_match,1,
103071,CLEARSKY REHABILITATION HOSPITAL OF LAKE CITY,Rehabilitation,hospital,198 SW REAL TERRACE,LAKE CITY,FL,32056,False,no_match,2,
103075,EXALT HEALTH REHABILITATION HOSPITAL LAKELAND,Rehabilitation,hospital,1080 US HWY 92 W,AUBURNDALE,FL,33823,False,no_match,2,
104063,AXIOM BEHAVIORAL HEALTH AT NAPLES,Psychiatric,hospital,9001 TAMIAMI TRAIL EAST,NAPLES,FL,34113,True,no_match,2,
104087,NORTH PORT BEHAVIORAL HEALTH,Psychiatric,hospital,4501 CITIZENS PARKWAY,NORTH PORT,FL,34288,True,no_match,1,
110027,"TY COBB REGIONAL MEDICAL CENTER, LLC",Acute Care Hospitals,hospital,367 CLEAR CREEK PARKWAY,LAVONIA,GA,30553,True,no_match,2,
110233,"SOUTHEASTERN REGIONAL MEDICAL CENTER, INC",Acute Care Hospitals,hospital,600 CELEBRATE LIFE PARKWAY NORTH,NEWNAN,GA,30265,True,no_match,1,
11032F,Martin ACH (FT Benning),Acute Care - Department of Defense,hospital,6600 Van Aalst Blvd,Fort Benning,GA,31905,True,no_match,1,
11035F,Winn ACH (FT Stewart),Acute Care - Department of Defense,hospital,1061 Harmon Ave,Fort Stewart,GA,31314,True,no_match,1,
111310,ATRIUM HEALTH NAVICENT PEACH,Critical Access Hospitals,hospital,1960 HIGHWAY 247 CONNECTOR,BYRON,GA,31008,True,no_match,1,
112012,"COLUMBUS SPECIALTY HOSPITAL, INC",Long-term,hospital,616 19TH STREEET,COLUMBUS,GA,31901,False,no_match,1,
113300,ATHUR M BLANK HOSPITAL,Childrens,hospital,2220 NORTH DRUID HILLS ROAD NE,ATLANTA,GA,30329,True,no_match,2,
650001,GUAM MEMORIAL  HOSPITAL AUTHORITY,Acute Care Hospitals,hospital,85O GOV CARLOS G CAMACHO ROAD,TAMUNING,GU,96913,True,no_match,1,
650003,GUAM REGIONAL MEDICAL CITY,Acute Care Hospitals,hospital,133 ROUTE 3,DEDEDO,GU,96929,True,no_match,1,
121303,MOLOKAI GENERAL HOSPITAL,Critical Access Hospitals,hospital,280 HOME OLU PLACE,KAUNAKAKAI,HI,96748,True,no_match,1,
160001,UNITYPOINT HEALTH - MARSHALLTOWN,Acute Care Hospitals,hospital,55 UNITYPOINT WAY,MARSHALLTOWN,IA,50158,True,no_match,1,
130779,CASCADE MEDICAL CENTER,Rural Emergency Hospital,hospital,402 LAKE CASCADE PARKWAY,CASCADE,ID,83611,True,no_match,2,
140161,SAINT JAMES HOSPITAL,Acute Care Hospitals,hospital,2500 WEST REYNOLDS STREET,PONTIAC,IL,61764,True,no_match,2,
140275,GENESIS HLTH SYSTEM DBA GENESIS MDL CTR-ILLINI,Acute Care Hospitals,hospital,801 ILLINI DR,SILVIS,IL,61282,True,no_match,1,
141305,MEMORIAL HOSPITAL,Critical Access Hospitals,hospital,1454 N COUNTY ROAD 2050 E,CARTHAGE,IL,62321,True,non_exact_direction,1,"1454 N CO RD 2050, CARTHAGE, IL, 62321"
142015,"RUSH SPECIALTY HOSPITAL, LLC",Long-term,hospital,516 S LOOMIS ST,CHICAGO,IL,60607,False,no_match,3,
143301,LARABIDA CHILDRENS HOSPITAL I,Childrens,hospital,E 65TH ST AT LAKE MICHIGAN,CHICAGO,IL,60649,True,no_match,1,
150069,NORTON-KING'S DAUGHTERS' HEALTH,Acute Care Hospitals,hospital,1373 EAST SR 62,MADISON,IN,47250,True,no_match,1,
150167,ORTHOPAEDIC HOSPITAL AT PARKVIEW NORTH,Acute Care Hospitals,hospital,11130 PARKVIEW CIRCLE DR,FORT WAYNE,IN,46845,True,no_match,1,
150195,UCHICAGO MEDICINE NORTHWEST INDIANA,Acute Care Hospitals,hospital,10855 VIRGINIA STREET,CROWN POINT,IN,46307,True,no_match,2,
152024,REGENCY HOSPITAL OF NORTHWEST INDIANA,Long-term,hospital,4321 FIR ST 4TH FL,EAST CHICAGO,IN,46312,False,no_match,2,
153049,BLOOMINGTON REGIONAL REHABILITATION HOSPITAL LLC,Rehabilitation,hospital,3050 N LINTEL DRIVE,BLOOMINGTON,IN,47404,False,no_match,2,
153050,COMMUNITY REHABILITATION HOSPITAL WEST,Rehabilitation,hospital,8920 E 56TH STREET,BROWNSBURG,IN,46112,False,no_match,2,
17008F,WICHITA VA MEDICAL CENTER,Acute Care - Veterans Administration,hospital,5500 E. KELLOG,WICHITA,KS,67218,True,non_exact_direction,1,"5500 E KELLOGG DR N, WICHITA, KS, 67218"
170204,"ROCK REGIONAL HOSPITAL, LLC",Acute Care Hospitals,hospital,3251 NORTH ROCK ROAD,DERBY,KS,67037,True,non_exact_direction,1,"3251 S ROCK RD, DERBY, KS, 67037"
171363,"COMMUNITY MEMORIAL HEALTHCARE, INC.",Critical Access Hospitals,hospital,708 N 18TH STREET,MARYSVILLE,KS,66508,True,no_match,2,
173035,CLEARSKY REHABILITATION HOSPITAL OF ELWOOD ST JOS,Rehabilitation,hospital,502 ROSEPORT ROAD,ELWOOD,KS,66024,False,no_match,2,
174022,ADAIR ACUTE CARE AT OSAWATOMIE STATE HOSPITAL,Psychiatric,hospital,500 STATE HOSPITAL DRIVE,OSAWATOMIE,KS,66064,True,no_match,1,
174026,CORTERRA OF WICHITA LLC,Psychiatric,hospital,7447 WEST VILLAGE CIRCLE,WICHITA,KS,67205,True,no_match,2,
18003F,Blanchfield ACH (FT Campbell),Acute Care - Department of Defense,hospital,650 Joel Dr,Fort Campbell,KY,42223,True,no_match,1,
180092,CLARK REGIONAL MEDICAL CENTER,Acute Care Hospitals,hospital,175 HOSPITAL DRIVE,WINCHESTER,KY,40391,True,no_match,2,
181318,THE MEDICAL CENTER AT FRANKLIN,Critical Access Hospitals,hospital,1100 BROOKHAVEN ROAD,FRANKLIN,KY,42135,True,no_match,1,
182006,CONTINUECARE HOSPITAL AT BAPTIST HEALTH CORBIN,Long-term,hospital,"ONE TRILLIUM WAY, LOWER LEVEL",CORBIN,KY,40701,False,wrong_county,2,Baptist Health Corbin (OpenStreetMap way/491851795)
184018,BELLEFONTE HOSPITAL AND RECOVERY CENTER,Psychiatric,hospital,50 RECOVERY DRIVE,ASHLAND,KY,41101,False,no_match,2,
192007,BRIDGEPOINT CONTINUING CARE HOSPITAL,Long-term,hospital,1101 MEDICAL CENTER BLVD 4TH FLOOR,MARRERO,LA,70072,False,no_match,2,
193074,UNITED MEDICAL HEALTHWEST-NEW ORLEANS,Rehabilitation,hospital,"3201 WALL BLVD, STE B",GRETNA,LA,70056,False,no_match,1,
193079,OASIS POINT REHABILITATION HOSPITAL,Rehabilitation,hospital,15261 WEST CLUB DELUXE ROAD,HAMMOND,LA,70403,False,no_match,2,
193096,ACADIANA REHABILITATION,Rehabilitation,hospital,314 YOUNGSVILLE HWY,LAFAYETTE,LA,70508,False,no_match,1,
193097,COVINGTON - A M G PHYSICAL REHABILITATION HOSPITAL,Rehabilitation,hospital,5025 KEYSTONE BLVDSUITE 200,COVINGTON,LA,70433,False,no_match,1,
194112,BEACON BEHAVIORAL HOSPITAL - CENTRAL,Psychiatric,hospital,"323 EVERGREEN STREET, SUITE B",BUNKIE,LA,71322,True,no_match,1,
220098,NASHOBA VALLEY MEDICAL CENTER,Acute Care Hospitals,hospital,200 GROTON ROAD,AYER,MA,01432,True,no_match,1,
224044,WESTBOROUGH BEHAVIORAL HEALTHCARE HOSPITAL LLC,Psychiatric,hospital,300 FRIBERG PARKWAY,WESTBOROUGH,MA,01581,True,no_match,1,
21010F,VA MARYLAND HEALTHCARE SYSTEM - PERRY POINT,Acute Care - Veterans Administration,hospital,VA MEDICAL CENTER,PERRY POINT,MD,21902,True,no_match,1,
214022,UM UPPER CHESAPEAKE BEHAVIORAL HEALTH PAVILION AT,Psychiatric,hospital,660 MCHENRY ROAD,ABERDEEN,MD,21001,True,no_match,1,
200039,MAINE GENERAL MEDICAL CENTER,Acute Care Hospitals,hospital,35 MEDICAL CENTER PARKWAY,AUGUSTA,ME,04330,True,no_match,1,
230002,ST JOE MERCY HOSPITAL SYSTEM LIVONIA,Acute Care Hospitals,hospital,36475 FIVE MILE ROAD,LIVONIA,MI,48154,True,tie,2,
230110,COREWELL HEALTH LUDINGTON HOSPITAL,Acute Care Hospitals,hospital,ONE N ATKINSON DRIVE,LUDINGTON,MI,49431,True,no_match,2,
230222,MYMICHIGAN MEDICAL CENTER MIDLAND,Acute Care Hospitals,hospital,4000 WELLNESS DRIVE,MIDLAND,MI,48670,True,no_match,2,
232024,SELECT SPECIALTY HOSPITAL-ANN ARBOR,Long-term,hospital,"5301 E HURON RIVER DR, 7TH FL",YPSILANTI,MI,48197,False,no_match,2,
234052,SOUTHRIDGE BEHAVIORAL HOSPITAL,Psychiatric,hospital,6291 VENTURE HILLS BLVD SW,BYRON CENTER,MI,49315,False,no_match,1,
240206,RED LAKE HOSPITAL,Acute Care Hospitals,hospital,24760 HOSPITAL DRIVE,REDLAKE,MN,56671,True,no_match,1,
241306,OLIVIA HOSPITAL & CLINIC,Critical Access Hospitals,hospital,100 HEALTHY WAY,OLIVIA,MN,56277,True,no_match,1,
241322,RAINY LAKE MEDICAL CENTER,Critical Access Hospitals,hospital,1400 HIGHWAY 71,INTERNATIONAL FALLS,MN,56649,True,no_match,1,
244016,PRAIRIECARE,Psychiatric,hospital,9400 ZANE AVENUE NORTH,BROOKLYN PARK,MN,55443,False,no_match,1,
260011,SSM HEALTH ST. MARY'S HOSPITAL - JEFFERSON CITY,Acute Care Hospitals,hospital,2505 MISSION DRIVE,JEFFERSON CITY,MO,65109,True,no_match,1,
260094,COX MEDICAL CENTER BRANSON,Acute Care Hospitals,hospital,"525 BRANSON LANDING BLVD, PO BOX 650",BRANSON,MO,65615,True,no_match,1,
260141,UNIVERSITY OF MISSOURI HEALTH CARE,Acute Care Hospitals,hospital,ONE HOSPITAL DRIVE,COLUMBIA,MO,65212,True,no_match,2,
261303,COMMUNITY HOSPITAL ASSOCIATION,Critical Access Hospitals,hospital,"26136 US HIGHWAY 59, PO BOX 107",FAIRFAX,MO,64446,True,no_match,1,
263027,RUSK REHABILITATION CTR,Rehabilitation,hospital,315 BUSINESS LOOP 70 W,COLUMBIA,MO,65203,False,no_match,2,
263035,COXHEALTH REHABILITATION HOSPITAL,Rehabilitation,hospital,1660 WEST GARTON ROAD,OZARK,MO,65721,False,no_match,2,
264035,MARYLAND HEIGHTS CENTER FOR BEHAVIORAL HEALTH,Psychiatric,hospital,11100 AYSHIRE DR,MARYLAND HEIGHTS,MO,63043,True,no_match,1,
660001,COMMONWEALTH HEALTH CENTER,Acute Care Hospitals,hospital,1 LOWER NAVY HILL ROAD (PO BOX 409CK),GARAPAN,MP,96950,True,no_match,2,
250067,CLAY COUNTY MEDICAL CORPORATION,Acute Care Hospitals,hospital,150 MEDICAL CENTER DRIVE,WEST POINT,MS,39773,True,no_match,1,
25039F,81st Medical Group (Keesler AFB),Acute Care - Department of Defense,hospital,81 MDG 301 Fisher St Suite 109,Biloxi,MS,39534,True,non_exact_house_number,1,"301 FISHER ST, BILOXI, MS, 39534"
251335,OCHSNER STENNIS MEMORIAL HOSPITAL,Critical Access Hospitals,hospital,14365 HIGHWAY 16 WEST,DE KALB,MS,39328,True,no_match,1,
253028,BAPTIST MEMORIAL REHABILITATION HOSPITAL-MADISON,Rehabilitation,hospital,1520 HIGHLAND COLONY PARKWAY,MADISON,MS,39110,False,no_match,2,
254013,OCEANS BEHAVIORAL HOSPITAL OF TUPELO,Psychiatric,hospital,4579 S EASON BLVD,TUPELO,MS,38801,True,no_match,2,
254014,OCEANS BEHAVIORAL HOSPITAL OF JACKSON,Psychiatric,hospital,"2969 NORTH CURRAN DRIVE, BLDG A",JACKSON,MS,39216,True,no_match,2,
27003F,VA MONTANA HEALTHCARE SYSTEM,Acute Care - Veterans Administration,hospital,3687 VETERANS DRIVE,FORT HARRISON,MT,59636,True,no_match,1,
270074,P H S INDIAN HOSPITAL AT BROWNING - BLACKFEET,Acute Care Hospitals,hospital,"760 HOSPITAL CIRCLE, POST OFFICE BOX 760",BROWNING,MT,59417,True,no_match,1,
271320,CABINET PEAKS MEDICAL CENTER,Critical Access Hospitals,hospital,209 HEALTH PARK DR,LIBBY,MT,59923,True,no_match,1,
340047,NORTH CAROLINA BAPTIST HOSPITAL,Acute Care Hospitals,hospital,MEDICAL CENTER BOULEVARD,WINSTON-SALEM,NC,27157,True,no_match,2,
340071,BETSY JOHNSON REGIONAL HOSPITAL,Acute Care Hospitals,hospital,800 TILGHMAN DR,DUNN,NC,28334,True,no_match,1,
34014F,Womack AMC (FT Bragg),Acute Care - Department of Defense,hospital,2817 Reilly Rd,Fort Bragg,NC,28310,True,no_match,1,
341323,CHARLES A CANNON JR MEMORIAL HOSPITAL,Critical Access Hospitals,hospital,434 HOSPITAL DRIVE,LINVILLE,NC,28646,True,no_match,1,
343025,CAREPARTNERS REHABILITATION HOSPITAL,Rehabilitation,hospital,68 SWEETEN CREEK RD,ASHEVILLE,NC,28813,False,no_match,1,
344034,APPALACHIAN REGIONAL BEHAVIORAL HEALTHCARE,Psychiatric,hospital,432 HOSPITAL DR,LINVILLE,NC,28646,True,no_match,1,
344035,RALEIGH OAKS BEHAVIORAL HEALTH,Psychiatric,hospital,3200 WATERFIELD DRIVE,GARNER,NC,27529,True,no_match,2,
350063,P H S INDIAN HOSP AT BELCOURT-QUENTIN N BURDICK,Acute Care Hospitals,hospital,PO BOX 160,BELCOURT,ND,58316,True,no_usable_address,0,
351364,STANDING ROCK SERVICE UNIT,Critical Access Hospitals,hospital,10 NORTH RIVER ROAD,"FORT YATES,",ND,58538,True,no_match,2,
280013,THE NEBRASKA MEDICAL CENTER,Acute Care Hospitals,hospital,988102 Nebrasks Medical Center,OMAHA,NE,68198,True,no_match,2,
280059,TWELVE CLANS UNITY HOSPITAL,Acute Care Hospitals,hospital,225 S BLUFF STREET,WINNEBAGO,NE,68071,True,no_match,1,
281348,TRI VALLEY HEALTH SYSTEM,Critical Access Hospitals,hospital,1305 WEST HIGHWAY 6/34,CAMBRIDGE,NE,69022,True,no_match,2,
281352,"COMMUNITY MEDICAL CENTER, INC",Critical Access Hospitals,hospital,"P O BOX 399, 3307 BILL SCHOCK BOULEVARD",FALLS CITY,NE,68355,True,no_match,1,
300003,MARY HITCHCOCK MEMORIAL HOSPITAL,Acute Care Hospitals,hospital,1 MEDICAL CENTER DRIVE,LEBANON,NH,03756,True,no_match,2,
310015,MORRISTOWN MEDICAL CENTER,Acute Care Hospitals,hospital,100 MADISON AVE,MORRISTOWN,NJ,07962,True,no_match,3,
310054,HACKENSACK MERIDIAN MOUNTAINSIDE MEDICAL,Acute Care Hospitals,hospital,1 BAY AVENUE,MONTCLAIR,NJ,07042,True,no_match,2,
310083,CAREWELL HEALTH MEDICAL CENTER,Acute Care Hospitals,hospital,300 CENTRAL AVE,EAST ORANGE,NJ,07018,True,no_match,2,
312014,MATHENY MEDICAL AND EDUCATIONAL CENTER,Long-term,hospital,65 HIGHLAND AVENUE,PEAPACK,NJ,07977,False,no_match,1,
313038,ATLANTIC REHABILITATION INSTITUTE,Rehabilitation,hospital,200 MADISON AVENUE,MADISON,NJ,07940,False,no_match,1,
313300,CHILDREN'S SPECIALIZED HOSPITAL,Childrens,hospital,200 SOMERSET ST,NEW BRUNSWICK,NJ,08901,True,no_match,1,
314005,ANCORA PSYCH HOSP,Psychiatric,hospital,ANCORA BRANCH,HAMMONTON,NJ,08037,True,no_match,1,
314013,TRENTON PSYCHIATRIC HOSP,Psychiatric,hospital,STATION A,TRENTON,NJ,08625,True,no_match,1,
314023,ASPEN HILLS HEALTHCARE CENTER,Psychiatric,hospital,600 PEMBERTON-BROWNS MILLS ROAD,PEMBERTON,NJ,08068,True,no_match,1,
320059,NORTHERN NAVAJO MEDICAL CENTER,Acute Care Hospitals,hospital,US HWY 491 NORTH,SHIPROCK,NM,87420,True,no_match,1,
320062,CROWNPOINT HEALTHCARE FACILITY,Acute Care Hospitals,hospital,JUNCTION OF HWY 371,CROWNPOINT,NM,87313,True,no_match,2,
321310,HOLY CROSS HOSPITAL A DIV OF TAOS HEALTH SYSTEMS,Critical Access Hospitals,hospital,1397 WEIMER ROAD,TAOS,NM,87571,True,no_match,1,
321312,ALTA VISTA REGIONAL HOSPITAL,Critical Access Hospitals,hospital,104 LEGION DRIVE,LAS VEGAS,NM,87701,True,no_match,2,
29001F,99th Medical Group (Nellis AFB),Acute Care - Department of Defense,hospital,99 MDG 4700 Las Vegas Blvd,Nellis AFB,NV,89191,True,non_exact_house_number,1,"4700 LAS VEGAS BLVD N, NELLIS AFB, NV, 89191"
330259,MERCY MEDICAL CENTER,Acute Care Hospitals,hospital,1000 NORTH VILLAGE AVENUE,ROCKVILLE CENTRE,NY,11571,True,no_match,3,
334045,ELMIRA PSYCH CENTER,Psychiatric,hospital,WASHINGTON ST,ELMIRA,NY,14901,True,no_match,1,
334065,WESTERN NY CHILDRENS PSYCHIATRIC CENTER,Psychiatric,hospital,1010 EAST & WEST ROAD,WEST SENECA,NY,14224,True,no_match,1,
360020,SUMMA HEALTH SYSTEM,Acute Care Hospitals,hospital,525 EAST MARKET STREET,AKRON,OH,44309,True,no_match,2,
36006F,88th Medical Group (Wright-Patterson AFB),Acute Care - Department of Defense,hospital,88 MDG 4881 Sugar Maple Dr,Wright-Patterson AFB,OH,45433,True,non_exact_house_number,1,"4881 SUGAR MAPLE DR, WRIGHT PATTERSON AFB, OH, 45433"
362033,KINDRED HOSPITALS-DAYTON,Long-term,hospital,707 EAST EDWIN C MOSES BLVD,DAYTON,OH,45417,False,non_exact_direction,1,"707 S EDWIN C MOSES BLVD, DAYTON, OH, 45417"
363047,CINCINNATI REHABILITATION HOSPITAL LLC,Rehabilitation,hospital,4291 PARKVIEW DRIVE,BLUE ASH,OH,45242,False,no_match,2,
364031,HEARTLAND BEHAVIORAL HEALTHCARE,Psychiatric,hospital,3000 ERIE SW,MASSILLON,OH,44648,True,tie,1,
364048,HAVEN BEHAVIORAL HOSPITAL OF DAYTON,Psychiatric,hospital,"ONE ELIZABETH PLACE, SUITE 10B",DAYTON,OH,45417,True,no_match,1,
364054,GENERATIONS BEHAVIORAL HEALTH - GENEVA,Psychiatric,hospital,60 WEST STREET,GENEVA,OH,44041,True,no_match,1,
364060,GENERATIONS BEHAVIORAL HEALTH-YOUNGSTOWN LLC,Psychiatric,hospital,196 COLONIAL DRIVE,YOUNGSTOWN,OH,44504,True,wrong_county,1,"196 COLONIAL DR, YOUNGSTOWN, OH, 44505"
370014,ALLIANCEHEALTH DURANT,Acute Care Hospitals,hospital,1800 UNIVERSITY BOULEVARD,DURANT,OK,74702,True,no_match,1,
370172,CHOCTAW NATION HEALTH SERVICES AUTHORITY,Acute Care Hospitals,hospital,1 CHOCTAW WAY,TALIHINA,OK,74571,True,no_match,1,
370180,CHICKASAW NATION MEDICAL CENTER,Acute Care Hospitals,hospital,1921 STONECIPHER BLVD,ADA,OK,74820,True,no_match,1,
371307,CIMARRON MEMORIAL HOSPITAL,Critical Access Hospitals,hospital,100 SOUTH ELLIS,BOISE CITY,OK,73933,True,tie,3,
371322,BEAVER COUNTY MEMORIAL HOSPITAL,Critical Access Hospitals,hospital,212 EAST 8TH STREET,BEAVER,OK,73932,True,no_match,1,
374001,NORTHWEST CENTER FOR BEHAVIORAL HEALTH (NCBH),Psychiatric,hospital,1 MILE EAST US HIGHWAY 270,FORT SUPPLY,OK,73841,True,no_match,2,
390115,JEFFERSON HEALTH- NORTHEAST,Acute Care Hospitals,hospital,10800 KNIGHTS ROAD,PHILADELPHIA,PA,19114,True,no_match,1,
39012F,VA PITTSBURGH HEALTHCARE SYSTEM - UNIV DR,Acute Care - Veterans Administration,hospital,UNIVERSITY DRIVE,PITTSBURGH,PA,15240,True,no_match,1,
390168,INDEPENDENCE HEALTH SYSTEM BUTLER MEMORIAL HOSPITA,Acute Care Hospitals,hospital,ONE HOSPITAL WAY,BUTLER,PA,16001,True,no_match,1,
392036,SELECT SPECIALTY HOSPITAL LAUREL HIGHLANDS INC,Long-term,hospital,ONE MELLON WAY,LATROBE,PA,15650,False,no_match,2,
394040,MEADOWS PSYCHIATRIC CENTER,Psychiatric,hospital,132 MEADOWS DRIVE,CENTRE HALL,PA,16828,True,no_match,2,
394056,TOWER BEHAVIORAL HEALTH,Psychiatric,hospital,201 WELLNESS WAY,READING,PA,19605,True,no_match,1,
394063,GEISINGER BEHAVIORAL HEALTH CENTER DANVILLE,Psychiatric,hospital,206 MARIA HALL DRIVE,DANVILLE,PA,17821,True,no_match,1,
400003,HOSPITAL METROPOLITANO DR PILA,Acute Care Hospitals,hospital,2435  BOULEVARD LUIS A FERRE,PONCE,PR,00717,True,no_match,3,
400004,"ASOCIACION HOSPITAL DEL MAESTRO, INC",Acute Care Hospitals,hospital,SERGIO CUEVAS BUSTAMANTE STREET 550,SAN JUAN,PR,00918,True,no_match,1,
400010,HOSPITAL GENERAL DE CASTANER,Acute Care Hospitals,hospital,CARR 135 KM 64 2,CASTANER,PR,00631,True,no_match,2,
400012,HOSPITAL ONCOLOGICO DR ISAAC GONZALEZ MARTINEZ,Acute Care Hospitals,hospital,BO. MONACILLOS 150 AVE AMERICO MIRANDA,SAN JUAN,PR,00936,True,no_match,1,
400013,HOSPITAL MENONITA DE CAYEY,Acute Care Hospitals,hospital,BO. RINCON SECTOR LAS LOMAS  KM.3.1 CARR 14,CAYEY,PR,00737,True,no_match,1,
400014,BELLA VISTA HOSPITAL,Acute Care Hospitals,hospital,CARR 349 KM 2 7 CERRO LAS MESAS,MAYAGUEZ,PR,00681,True,no_match,2,
400015,SAN JUAN MUNICIPALITY HOSPITAL,Acute Care Hospitals,hospital,"BO MONACILLOS,CENTRO MEDICO",RIO PIEDRAS,PR,00926,True,no_match,1,
400016,AUXILIO MUTUO HOSPITAL,Acute Care Hospitals,hospital,PONCE DE LEON AVENUE  735 STOP 37 1/2,SAN JUAN,PR,00918,True,tie,2,
400018,HOSPITAL MENONITA DE AIBONITO,Acute Care Hospitals,hospital,CALLE JOSE C VASQUEZ BO. CAONILLAS,AIBONITO,PR,00705,True,no_match,1,
400019,HOSPITAL PAVIA SANTURCE,Acute Care Hospitals,hospital,STREET PROFESOR AUGUSTO RODRIGUEZ #1462,SAN JUAN,PR,00910,True,no_match,2,
400021,HOSPITAL DE LA CONCEPCION,Acute Care Hospitals,hospital,ROAD NUMBER 2 KM 173.4 CAIN ALTO,SAN GERMAN,PR,00683,True,no_match,3,
400022,HOSPITAL DAMAS INC,Acute Care Hospitals,hospital,PONCE BY PASS #2213,PONCE,PR,00717,True,no_match,1,
400032,BAYAMON MEDICAL CENTER,Acute Care Hospitals,hospital,CARRETERA #2 KM 11 7,BAYAMON,PR,00960,True,no_match,2,
40003F,SAN JUAN VA MEDICAL CENTER,Acute Care - Veterans Administration,hospital,10 CALLE CASIA,SAN JUAN,PR,00921,True,tie,1,
400044,HOSPITAL EPISCOPAL SAN LUCAS II,Acute Care Hospitals,hospital,917 AVE TITO CASTRO,PONCE,PR,00716,True,no_match,2,
400048,HOSPITAL MENONITA GUAYAMA,Acute Care Hospitals,hospital,AVE. PEDRO ALBIZU CAMPOS URB. LA HACIENDA,GUAYAMA,PR,00785,True,no_match,1,
400061,HOSPITAL UNIVERSITARIO DE ADULTO,Acute Care Hospitals,hospital,BARRIO MONACILLOS CENTROMEDICO,RIO PIEDRAS,PR,00927,True,no_match,1,
400079,HOSPITAL  COMUNITARIO BUEN SAMARITANO INC,Acute Care Hospitals,hospital,CARR EST PR 460 KM 0 2 BO CAIMITAL BAJO,AGUADILLA,PR,00603,True,no_match,3,
400087,HOSPITAL PAVIA ARECIBO,Acute Care Hospitals,hospital,CARRETERA 129 KM.1 AVENIDA SAN LUIS,ARECIBO,PR,00612,True,non_exact_house_number,2,"1 AVE SAN LUIS, ARECIBO, PR, 00612"
400102,DOCTORS' CENTER BAYAMON,Acute Care Hospitals,hospital,CALLE  J 9 EXTENSION  HERMANAS DAVILA,BAYAMON,PR,00960,True,no_match,2,
400103,MAYAGUEZ MEDICAL CENTER DR RAMON EMETERIO BETANCES,Acute Care Hospitals,hospital,CARR 2 BO SABALOS,MAYAGUEZ,PR,00682,True,no_match,1,
400104,HOSPITAL MENONITA CAGUAS INC,Acute Care Hospitals,hospital,CARR 172  EXIT 21 URB TURABO GARDENS,CAGUAS,PR,00726,True,no_match,3,
400105,HOSPITAL UNIVERSITARIO DR RUIZ ARNAU,Acute Care Hospitals,hospital,LAUREL AVE SANTA JUANITA #100,BAYAMON,PR,00956,True,no_match,1,
400106,METROPOLITAN HOSPITAL,Acute Care Hospitals,hospital,CARRETERA 21 1785 URB LAS LOMAS,SAN JUAN,PR,00915,True,non_exact_house_number,2,"21 CAM LAS LOMAS, SAN JUAN, PR, 00926"
400110,HOSPITAL PAVIA YAUCO,Acute Care Hospitals,hospital,ROAD 128 KM 1.0,YAUCO,PR,00698,True,no_match,4,
400111,HOSPITAL SAN CARLOS BORROMEO,Acute Care Hospitals,hospital,CALLE CONCEPCION VERA AYALA #550 S,MOCA,PR,00676,True,no_match,1,
400112,"HOSPITAL UPR, DR  FEDERICO TRILLA",Acute Care Hospitals,hospital,CARR 3 KM 8  3 AVE 65TH INFANTERIA       BOX 6021,CAROLINA,PR,00984,True,no_match,1,
400113,HOSPITAL MENONITA PONCE,Acute Care Hospitals,hospital,CARR PR 506 KM 1 0 BO COTO LAUREL,PONCE,PR,00780,True,no_match,3,
400114,MANATI MEDICAL CENTER DR OTERO LOPEZ,Acute Care Hospitals,hospital,CARR 668 CALLE HERNANDEZ CARRION URB ATENAS,MANATI,PR,00674,True,no_match,2,
400115,CENTRO MEDICO WILMA N VAZQUEZ,Acute Care Hospitals,hospital,CARR. 2 KM 39.5    ROAD NUMBER 2 BO ALGARROBO,VEGA BAJA,PR,00693,True,no_match,1,
400117,HOSPITAL METROPOLITANO  DR SUSONI,Acute Care Hospitals,hospital,CALLE  PALMA  NUM 55,ARECIBO,PR,00612,True,non_exact_house_number,1,"55 CLL PALMA, ARECIBO, PR, 00612"
400118,"DOCTORS' CENTER HOSPITAL, INC",Acute Care Hospitals,hospital,"MARGINAL CARRETERA NO 2, KM 47.7",MANATI,PR,00674,True,no_match,4,
400120,HOSPITAL PAVIA CAGUAS,Acute Care Hospitals,hospital,URB MARIOLGA 100 AVE LUIS MUNOZ MARIN,CAGUAS,PR,00725,True,no_match,2,
400124,CENTRO CARDIOVASCULAR DE PUERTO RICO Y EL CARIBE,Acute Care Hospitals,hospital,"AVENIDA AMERICO MIRANDA, ENTRADA PRINCIPAL C M",SAN JUAN,PR,00936,True,no_match,1,
400127,ASEM,Acute Care Hospitals,hospital,EDIFICIO CENTRAL JULIO A PEREZ MEDICAL CENTER,SAN JUAN,PR,00935,True,no_match,1,
400128,"HOSPITAL PAVIA HATO REY, INC",Acute Care Hospitals,hospital,AVE PONCE DE LEON 435,HATO REY,PR,00919,True,non_exact_house_number,1,"435 AVE PONCE DE LEON, HATO REY, PR, 00917"
400130,HOSPITAL METROPOLITANO DE LA MONTANA,Acute Care Hospitals,hospital,CALLE ISAAC GONZALEZ ESQUINA LEDESMA,BDA NUEVA,PR,00641,True,no_match,2,
400132,DOCTORS CENTER HOSPITAL  CAROLINA LLC,Acute Care Hospitals,hospital,EDIF JESUS T PINEIRO AVE FERNANDEZ JUNCOS BO PUEBL,CAROLINA,PR,00979,True,no_match,3,
400135,HOSPITAL  CENTRO COMPRENSIVO DEL CANCER,Acute Care Hospitals,hospital,PR21 INT PR 18   BO MONACILLOS URBANO,SAN JUAN,PR,00927,True,no_match,2,
400137,DOCTORS CENTER HOSPITAL ORLANDO HEALTH DORADO,Acute Care Hospitals,hospital,900 CARRETERA 696,DORADO,PR,00646,True,no_match,1,
400138,PUERTO RICO WOMEN AND CHILDREN HOSPITAL LLC,Acute Care Hospitals,hospital,CARR PR-2 KM11 6 INTERIOR ALEDANO HOSPITAL HERMANO,BAYAMON,PR,00959,True,tie,2,
400139,HOSPITAL EPISCOPAL  SAN LUCAS METRO,Acute Care Hospitals,hospital,CARR 844 KM 0 5 CUPEY,SAN JUAN,PR,00928,True,no_match,2,
403025,ENCOMPASS HEALTH REHABILITATION HOSPITAL OF SAN JU,Rehabilitation,hospital,3RD FLOOR  UNIVERSITY HOSPITAL  MEDICAL CENTER,SAN JUAN,PR,00936,False,no_match,3,
403026,ENCOMPASS HEALTH REHABILITATION HOSPITAL MANATI,Rehabilitation,hospital,CARRETERA 2 KILOMETRO 47 7,MANATI,PR,00674,False,no_match,2,
403028,VARMED REHABILITATION CENTER,Rehabilitation,hospital,CALLE MANUEL F ROSSY ESQUINA ISABEL II,BAYAMON,PR,00959,False,no_match,3,
403301,UNIVERSITY PEDIATRIC HOSPITAL,Childrens,hospital,PUERTO RICO MEDICAL CENTER IN RIO PIEDRAS,SAN JUAN,PR,00935,True,no_match,3,
404004,FIRST HOSPITAL PANAMERICANO,Psychiatric,hospital,CARR ESTATAL NUM 787 KM 1 5,CIDRA,PR,00739,True,no_match,2,
404005,SAN JUAN CAPESTRANO  HOSPITAL INC,Psychiatric,hospital,CARR 877 KM 1 6 CAMINO LAS LOMAS,RIO PIEDRAS,PR,00928,True,tie,1,
404009,CENTRO DE SALUD CONDUCTUAL MENONITA-CIMA,Psychiatric,hospital,CARR ESTATAL 14 INTERIOR SARGENTO GERARDO SANTIAGO,AIBONITO,PR,00705,True,no_match,2,
420086,PRISMA HEALTH BAPTIST,Acute Care Hospitals,hospital,1330 TAYLOR AT MARION ST,COLUMBIA,SC,29220,True,non_exact_house_number,1,"TAYLOR ST & MARION ST, COLUMBIA, SC, 29201"
423032,ENCOMPASS HEALTH REHAB HOSPITAL OF BLUFFTON,Rehabilitation,hospital,107 SEAGRASS ROAD,BLUFFTON,SC,29910,False,no_match,2,
430084,PHS INDIAN HOSPITAL AT ROSEBUD,Acute Care Hospitals,hospital,400 SOLDIER CREEK ROAD,ROSEBUD,SD,57570,True,no_match,1,
431383,EAGLE BUTTE INDIAN HEALTH SERVICE HOSPITAL,Critical Access Hospitals,hospital,24276 166TH AIRPORT ROAD,EAGLE BUTTE,SD,57625,True,no_match,1,
44016F,MOUNTAIN HOME VA MEDICAL CENTER,Acute Care - Veterans Administration,hospital,CORNER OF LAMONT STREET AND VETERANS WAY,MOUNTAIN HOME,TN,37684,True,no_match,1,
44017F,VA MIDDLE TENNESSEE HEALTHCARE SYSTEM - MURFREESBORO,Acute Care - Veterans Administration,hospital,3400 LEBANON PIKE,MURFREESBORO,TN,37129,True,no_match,1,
442016,SELECT SPECIALTY HOSPITAL-TRICITIES,Long-term,hospital,"ONE MEDICAL PARK BOULEVARD, 5TH FLOOR",BRISTOL,TN,37620,False,no_match,3,
443037,KNOXVILLE REHABILITATION HOSPITAL,Rehabilitation,hospital,1250 TENNOVA MEDICAL WAY,KNOXVILLE,TN,37909,False,no_match,1,
444029,PINEWOOD SPRINGS,Psychiatric,hospital,1001 N JAMES CAMPBELL BLVD,COLUMBIA,TN,38401,True,non_exact_direction,1,"1001 S JAMES CAMPBELL BLVD, COLUMBIA, TN, 38401"
444031,KNOXVILLE CENTER FOR BEHAVIORAL MEDICINE,Psychiatric,hospital,1240 TENNOVA MEDICAL WAY,KNOXVILLE,TN,37909,True,no_match,1,
450080,TITUS REGIONAL MEDICAL CENTER,Acute Care Hospitals,hospital,2001 N JEFFERSON,MOUNT PLEASANT,TX,75455,True,no_match,3,
450132,MEDICAL CENTER HOSPITAL,Acute Care Hospitals,hospital,500 W 4TH STREET,ODESSA,TX,79761,True,non_exact_direction,1,"500 E 4TH ST, ODESSA, TX, 79761"
450147,DE TAR HOSPITAL NAVARRO,Acute Care Hospitals,hospital,506 E SAN ANTONIO ST,VICTORIA,TX,77901,True,non_exact_direction,1,"506 W SAN ANTONIO ST, VICTORIA, TX, 77901"
450395,CHI ST LUKES HEALTH MEMORIAL LIVINGSTON,Acute Care Hospitals,hospital,1717 HWY 59 BYPASS,LIVINGSTON,TX,77351,True,no_match,2,
450617,HCA HOUSTON HEALTHCARE CLEAR LAKE,Acute Care Hospitals,hospital,500 W MEDICAL CENTER BLVD,WEBSTER,TX,77598,True,no_match,2,
45068F,William Beaumont AMG (FT Bliss),Acute Care - Department of Defense,hospital,18511 Highlander Medics St,El Paso,TX,79920,True,no_match,1,
45070F,Darnall AMC (FT Cavazos),Acute Care - Department of Defense,hospital,590 Medical Center Rd,Fort Cavazos,TX,76544,True,no_match,1,
450775,HCA HOUSTON HEALTHCARE KINGWOOD,Acute Care Hospitals,hospital,22999 US HWY 59,KINGWOOD,TX,77325,True,wrong_county,1,"22999 US HWY 59 N, KINGWOOD, TX, 77339"
450820,HOUSTON METHODIST SUGARLAND HOSPITAL,Acute Care Hospitals,hospital,16655 SOUTHWEST FREEWAY,SUGAR LAND,TX,77479,True,no_match,2,
450860,SUGAR LAND SURGICAL HOSPITAL LLP,Acute Care Hospitals,hospital,16906 SOUTHWEST FREEWAY,SUGAR LAND,TX,77479,True,no_match,1,
451309,MC CAMEY HOSPITAL,Critical Access Hospitals,hospital,2500 HWY 305 SOUTH,MCCAMEY,TX,79752,True,no_match,1,
451329,RANKIN HOSPITAL MEDICAL CLINIC,Critical Access Hospitals,hospital,1611 SPUR 576,RANKIN,TX,79778,True,no_match,1,
451356,MEMORIAL MEDICAL CENTER,Critical Access Hospitals,hospital,701 N VIRGINIA ST,PORT LAVACA,TX,77979,True,non_exact_direction,1,"701 SOUTH VIRGINIA ST, PORT LAVACA, TX, 77979"
452044,LIFECARE HOSPITALS OF NORTH TEXAS,Long-term,hospital,2329 PARKER ROAD,CARROLLTON,TX,75010,False,no_match,2,
452060,TEXAS SPECIALTY HOSPITAL,Long-term,hospital,1540 RESEARCH ST,AMARILLO,TX,79124,False,no_match,1,
452090,PAM SPECIALTY HOSPITAL OF SAN ANTONIO,Long-term,hospital,5418 N LOOP 1604 W,SAN ANTONIO,TX,78249,False,no_match,1,
452121,CONTINUECARE HOSPITAL AT MEDICAL CENTER ODESSA,Long-term,hospital,"500 WEST  4TH STREET , 4TH FLOOR",ODESSA,TX,79761,False,no_match,1,
453040,ENCOMPASS HEALTH REHABILITATION HOSPITAL OF ARLING,Rehabilitation,hospital,3200 MATLOCK ROAD,ARLINGTON,TX,76015,False,no_match,2,
453092,SOUTH TEXAS REHABILTATION HOSPITAL,Rehabilitation,hospital,425 EAST ALTON GLOOR BLVD,BROWNSVILLE,TX,78526,False,no_match,2,
453317,COOK CHILDRENS MEDICAL CENTER PROSPER,Childrens,hospital,4100 W UNIVERSITY DRIVE,PROSPER,TX,75078,True,no_match,2,
453321,DRISCOLL CHILDREN'S HOSPITAL RIO GRANDE VALLEY,Childrens,hospital,2820 W MICHAELANGELO DRIVE,EDINBURG,TX,78539,True,no_match,3,
454110,OCEANS BEHAVIORAL  HOSPITAL OF PERMIAN BASIN,Psychiatric,hospital,3300 S FM 1788,MIDLAND,TX,79706,True,no_match,1,
454148,PERIMETER BEHAVIORAL HOSPITAL OF ARLINGTON,Psychiatric,hospital,7000 US HIGHWAY 287,ARLINGTON,TX,76001,True,no_match,1,
454155,OCEANS BEHAVIORAL HOSPITAL OF CORPUS CHRISTI,Psychiatric,hospital,600 ELIZABETH ST 5 EAST,CORPUS CHRISTI,TX,78404,True,no_match,2,
454158,VOYAGES BEHAVIORAL HEALTH OF CONROE,Psychiatric,hospital,1317 S LOOP 336 WEST,CONROE,TX,77304,True,tie,2,
670112,LEGENT ORTHOPEDIC + SPINE,Acute Care Hospitals,hospital,5330 NORTH LOOP 1604 WEST,SAN ANTONIO,TX,78249,True,no_match,1,
670285,ELITE HOSPITAL KINGWOOD,Acute Care Hospitals,hospital,23330 HIGHWAY 59 N,KINGWOOD,TX,77339,True,no_match,1,
670314,ST MICHAELS MEDICAL HOSPITAL LLC,Acute Care Hospitals,hospital,"16000 SOUTHWEST FREEWAY, SUITE 100",SUGAR LAND,TX,77479,True,no_match,2,
670321,ADVANCED DALLAS HOSPITALS AND CLINICS,Acute Care Hospitals,hospital,7502 GREENVILLE AVENUE,DALLAS,TX,75231,True,no_match,2,
670327,EXCEPTIONAL COMMUNITY HOSPITAL LUBBOCK,Acute Care Hospitals,hospital,6401 SPUR 327,LUBBOCK,TX,79424,True,no_match,1,
670346,BAYLOR SCOTT AND WHITE MEDICAL CENTER FRISCO AT PG,Acute Care Hospitals,hospital,7600 BETTER WAY,FRISCO,TX,75033,True,wrong_county,2,Baylor Scott & White Medical Center – Frisco (OpenStreetMap way/597488098)
673029,ENCOMPASS HEALTH REHABILITAITON HOSPITAL OF RICHAR,Rehabilitation,hospital,3351 WATERVIEW PARKWAY,RICHARDSON,TX,75080,False,no_match,2,
673050,ENCOMPASS HEALTH REHABILITATION HOSPITAL OF CYPRES,Rehabilitation,hospital,13031 WORTHAM CENTER DRIVE,HOUSTON,TX,77065,False,no_match,2,
673058,BAYLOR SCOTT & WHITE INSTITUTE FOR REHABILITATION,Rehabilitation,hospital,2000 MEDICAL DRIVE,LAKEWAY,TX,78734,False,no_match,2,
673079,ENCOMPASS HEALTH REHABILITATION HOSPITAL OF WACO,Rehabilitation,hospital,3600 SOUTH LOOP 340 HIGHWAY,ROBINSON,TX,76706,False,no_match,2,
673089,CLEARSKY REHABILITATION HOSPITAL OF HARKER HEIGHTS,Rehabilitation,hospital,750 W CENTRAL TEXAS EXPRESSWAY,HARKER HEIGHTS,TX,76548,False,tie,1,
743025,REHABILITATION INSTITUTE OF SOUTH SAN ANTONIO,Rehabilitation,hospital,12011 S E LOOP 410,SAN ANTONIO,TX,78221,False,no_match,1,
743027,CLEARSKY REHABILITATION HOSPITAL OF BAYTOWN LLC,Rehabilitation,hospital,150 BLUE HERON PKWY,BAYTOWN,TX,77521,False,tie,1,
743031,HORIZON MEDICAL CENTER OF MCKINNEY LLC,Rehabilitation,hospital,6601 W UNIVERSITY DRIVE,MC KINNEY,TX,75071,False,no_match,2,
460062,INTERMOUNTAIN HEALTH SPANISH FORK HOSPITAL,Acute Care Hospitals,hospital,765 EAST MARKET PLACE DRIVE,SPANISH FORK,UT,84660,True,no_match,2,
461307,INTERMOUNTAIN HEALTH HEBER VALLEY HOSPITAL,Critical Access Hospitals,hospital,454 EAST MEDICAL WAY,HEBER CITY,UT,84032,True,no_match,2,
490009,UNIVERSITY OF VIRGINIA MEDICAL CENTER,Acute Care Hospitals,hospital,1215 LEE STREET,CHARLOTTESVILLE,VA,22908,True,no_match,2,
49001F,Fort Belvoir Community Hospital,Acute Care - Department of Defense,hospital,9300 DeWitt Loop,Fort Belvoir,VA,22060,True,no_match,1,
49010F,RICHMOND VA MEDICAL CENTER,Acute Care - Veterans Administration,hospital,1201 BROAD ROCK BOULEVARD,RICHMOND,VA,23249,True,tie,1,
492010,CENTRA SPECIALTY HOSPITAL,Long-term,hospital,"3300 RIVERMONT AVENUE,  KRISE BUILDING, 5TH FLOOR",LYNCHBURG,VA,24503,False,no_match,1,
492012,INOVA SPECIALTY HOSPITAL,Long-term,hospital,"2501 PARKERS LANE, 4TH FLOOR",ALEXANDRIA,VA,22306,False,no_match,2,
493028,ENCOMPASS HEALTH REHAB HOSPITAL OF RICHMOND,Rehabilitation,hospital,5700 FITZHUGH AVENUE,RICHMOND,VA,23226,False,no_match,2,
493300,CUMBERLAND HOSPITAL LLC,Childrens,hospital,9407 CUMBERLAND ROAD,NEW KENT,VA,23124,True,no_match,1,
480001,"ROY LESTER SCHNEIDER HOSPITAL,THE",Acute Care Hospitals,hospital,9048 SUGAR ESTATE,ST THOMAS,VI,00801,True,no_match,3,
480002,GOV JUAN F LUIS HOSPITAL & MEDICAL CTR,Acute Care Hospitals,hospital,"#4007 EST DIAMOND RUBY, CHRISTIANSTED",ST CROIX,VI,00820,True,no_match,2,
500016,CONFLUENCE HEALTH HOSPITAL,Acute Care Hospitals,hospital,1201 S MILLER STREET,WENATCHEE,WA,98807,True,non_exact_direction,2,"1201 N MILLER ST, WENATCHEE, WA, 98801"
500054,PROV SACRED HRT MED CTR & CHILDS HOSP.,Acute Care Hospitals,hospital,101 WEST 8TH AVENUE,SPOKANE,WA,99220,True,no_match,3,
520070,MAYO CLINIC HEALTH SYSTEM EAU CLAIRE HOSPITAL,Acute Care Hospitals,hospital,1221 WHIPPLE ST,EAU CLAIRE,WI,54703,True,no_match,1,
520207,AURORA MEDICAL CENTER,Acute Care Hospitals,hospital,975 PORT WASHINGTON ROAD,GRAFTON,WI,53024,True,no_match,2,
521305,MAYO CLINIC HLTH SYSTM FRANCISCAN HLTHCARE SPARTA,Critical Access Hospitals,hospital,310 W MAIN ST,SPARTA,WI,54656,True,non_exact_direction,1,"310 E MAIN ST, SPARTA, WI, 54656"
521312,LAFAYETTE HOSPITAL AND CLINICS,Critical Access Hospitals,hospital,211 BEV ANDERSON DR,DARLINGTON,WI,53530,True,no_match,1,
521357,MERCY WALWORTH HOSPITAL & MEDICAL CENTER,Critical Access Hospitals,hospital,N2950 STATE ROAD 67,LAKE GENEVA,WI,53147,True,tie,1,
523035,CLEARSKY REHABILITATION HOSPITAL LAKESHORE,Rehabilitation,hospital,1330 WILLOW WAY,CLEVELAND,WI,53015,False,no_match,1,
524045,SHOREWOOD BEHAVIORAL HEALTH,Psychiatric,hospital,5401 QUARRY PARK RD,MADISON,WI,53718,False,no_match,2,
51004F,HUNTINGTON VA MEDICAL CENTER,Acute Care - Veterans Administration,hospital,1540 SPRING VALLEY ROAD,HUNTINGTON,WV,25704,True,wrong_county,2,VA (OpenStreetMap way/463888358)
512002,SELECT SPECIALTY HOSPITAL - CHARLESTON,Long-term,hospital,"3200 MACCORKLE AVE SE, 3N & 3E",CHARLESTON,WV,25304,False,no_match,3,
530038,SUBLETTE COUNTY HEALTH,Acute Care Hospitals,hospital,615 E HENNICK ST,PINEDALE,WY,82941,True,no_match,1,
531307,COMMUNITY HOSPITAL,Critical Access Hospitals,hospital,2000 CAMPBELL DRIVE,TORRINGTON,WY,82240,True,no_match,2,
531317,NORTH PLATTE VALLEY MEDICAL CENTER,Critical Access Hospitals,hospital,1300 WEST BRIDGE AVE,SARATOGA,WY,82331,True,no_match,2,
531318,MEMORIAL HOSPITAL SWEETWATER COUNTY,Critical Access Hospitals,hospital,1200 COLLEGE DRIVE,ROCK SPRINGS,WY,82901,True,no_match,2,
021002,TOK MEDICAL CLINIC TMC,Federally Qualified Health Center,other,1314.5 ALASKA HIGHWAY,TOK,AK,99780,False,no_match,1,
021003,COPPER RIVER NATIVE ASSOCIATION,Federally Qualified Health Center,other,MILE 111.5 RICHARDSON HWY,COPPER CENTER,AK,99573,False,no_match,1,
021805,YUKON FLATS HEALTH CENTER,Federally Qualified Health Center,other,1936 EAST 3RD AVENUE (P O BOX 33),FT YUKON,AK,99740,False,no_match,1,
021816,SUNSHINE COMMUNITY HEALTH CENTER,Federally Qualified Health Center,other,P O BOX 787,TALKEETNA,AK,99676,False,no_usable_address,0,
021820,CROSS ROAD MEDICAL CENTER,Federally Qualified Health Center,other,PO BOX 5,GLENNALLEN,AK,99588,False,no_usable_address,0,
021821,CROSS ROAD MEDICAL CENTER - NORTH COUNTY CLINIC,Federally Qualified Health Center,other,"HC 01, P O BOX 335",GAKONA,AK,99586,False,no_match,1,
021823,"ILIULIUK FAMILY AND HEALTH SERVICES, INC",Federally Qualified Health Center,other,P O BOX 144,UNALASKA,AK,99685,False,no_usable_address,0,
021828,ALASKA ISLAND COMMUNITY SERVICES - PORT PROTECTION,Federally Qualified Health Center,other,#1 MAIN,POINT BAKER,AK,99927,False,no_usable_address,0,
021834,SUNSHINE COMMUNITY HEALTH CENTER INC,Federally Qualified Health Center,other,24091 WEST LONG LAKE ROAD,WILLOW,AK,99688,False,no_match,1,
021835,BETHEL FAMILY CLINIC,Federally Qualified Health Center,other,631 4TH AVE,BETHEL,AK,99559,False,no_match,1,
021836,DAHL MEMORIAL CLINIC,Federally Qualified Health Center,other,350 14TH AVENUE,SKAGWAY,AK,99840,False,no_match,1,
021838,YAKUTAT COMMUNITY HEALTH CENTER,Federally Qualified Health Center,other,712 OCEAN CAPE ROAD,YAKUTAT,AK,99689,False,no_match,1,
021844,SEWARD COMMUNITY HEALTH CENTER INC,Federally Qualified Health Center,other,"417 FIRST STREET, SUITE 2895",SEWARD,AK,99664,False,wrong_county,1,"417 FIRST AVE, SEWARD, AK, 99664"
021846,INTERIOR ALASKA MEDICAL CLINIC,Federally Qualified Health Center,other,2730 ALASKA HIGHWAY,DELTA JUNCTION,AK,99737,False,no_match,1,
021851,SUVALLY JR/SR HIGH SCHOOL,Federally Qualified Health Center,other,42728 S. PARKS HWY,TALKEETNA,AK,99676,False,no_match,1,
021852,TALKEETNA ELEMENTARY SCHOOL,Federally Qualified Health Center,other,13930 E TIMBERWOLF LOOP,TALKEETNA,AK,99676,False,no_match,1,
021853,MAT-SU HEALTH SERVICES,Federally Qualified Health Center,other,"3261 S BIG LAKE RD, STE F, E7, E8",BIG LAKE,AK,99652,False,non_exact_direction,1,"3261 S BIG LAKE RD, BIG LAKE, AK, 99652"
021854,BETHEL FAMILY CLINIC,Federally Qualified Health Center,other,430 MAIN STREET,BETHEL,AK,99559,False,no_match,1,
021858,INTERIOR ALASKA MEDICAL CLINIC,Federally Qualified Health Center,other,"MILE POST 1420.5 ALASKA HWY, UNIT 1-C",DELTA JUNCTION,AK,99737,False,no_match,1,
011001,HAPPI HEALTH,Federally Qualified Health Center,other,115 SAINT CLAIR AVENUE SUITE 200,HUNTSVILLE,AL,35801,False,tie,1,
011007,SW MOBILE HEALTH CENTER,Federally Qualified Health Center,other,5580 INN ROAD,MOBILE,AL,36619,False,no_match,1,
011020,POARCH CREEK INDIANS HEALTH DEPARTMENT,Federally Qualified Health Center,other,429 BUFORD L BOLIN DR,ATMORE,AL,36502,False,no_match,1,
011021,WOODSTOCK FAMILY MEDICINE,Federally Qualified Health Center,other,28921 HIGHWAY 5,WOODSTOCK,AL,35188,False,no_match,1,
011023,"WHATLEY HEALTH SERVICES, INC",Federally Qualified Health Center,other,3601 STILLMAN BLVD/JOHNSON-ROBINSON BLDG,TUSCALOOSA,AL,35401,False,no_match,1,
011026,CAPSTONE COTTAGE,Federally Qualified Health Center,other,1351 SUMMITT,JASPER,AL,35501,False,no_match,1,
011027,WHATLEY HEALTH SERVICES AT CARROLLTON,Federally Qualified Health Center,other,289 WILLIAM E HILL DR,CARROLLTON,AL,35447,False,no_match,1,
011029,CAHABA MEDICAL CARE,Federally Qualified Health Center,other,1088 8 AVE SW,BESSEMER,AL,35022,False,no_match,1,
011044,CAHABA MEDICAL CARE FOUNDATION,Federally Qualified Health Center,other,1303 WASHINGTON STREET,MARION,AL,36756,False,no_match,1,
011051,THRIVE ALABAMA,Federally Qualified Health Center,other,3500 MEMORIAL PKWY SW,HUNTSVILLE,AL,35801,False,no_match,1,
011063,CAHABA MEDICAL CARE - GLEN OAKS ELEMENTARY,Federally Qualified Health Center,other,1301 HIGHLAND DRIVE,FAIRFIELD,AL,35064,False,no_match,1,
011069,ACCORDIA HEALTH- ROCKFORD,Federally Qualified Health Center,other,9518 US HIGHWAY 231,ROCKFORD,AL,35136,False,no_match,1,
011071,THE CAPSTONE RURAL HEALTH CENTER,Federally Qualified Health Center,other,25734 HIGHWAY 195,DOUBLE SPRINGS,AL,35553,False,no_match,1,
011089,CAHABA MEDICAL CARE FOUNDATION,Federally Qualified Health Center,other,"801 PRINCETON AVE SW, STE 505",BIRMINGHAM,AL,35211,False,no_match,1,
011093,PHYSICIANS CARE OF SWEET WATER,Federally Qualified Health Center,other,"31431 AL HIGHWAY 10,",RANDOLPH,AL,36792,False,no_match,1,
011096,THRIVE ALABAMA,Federally Qualified Health Center,other,3007 MEMORIAL PKWY SW,HUNTSVILLE,AL,35801,False,no_match,1,
011098,CAHABA MEDICAL CARE-ABILITY CLINIC,Federally Qualified Health Center,other,200 OSLO CIRCLE,BIRMINGHAM,AL,35211,False,no_match,1,
011099,THRIVE ALABAMA,Federally Qualified Health Center,other,"415 E CHURCH ST NW, STE 10",HUNTSVILLE,AL,35801,False,non_exact_direction,1,"415 CHURCH ST NW, HUNTSVILLE, AL, 35801"
011102,WHATLEY HEALTH SERVICES AT ALICEVILLE,Federally Qualified Health Center,other,432 5TH ST NW,ALICEVILLE,AL,35442,False,non_exact_direction,1,"432 5TH ST SE, ALICEVILLE, AL, 35442"
011115,HILLTOP HEALTH,Federally Qualified Health Center,other,217 BULLDOG BLVD,CARBON HILL,AL,35549,False,no_match,1,
011121,CHRIST HEALTH PEDIATRICS,Federally Qualified Health Center,other,"628 JOSEPH HOLLIS DR, STE 300",BIRMINGHAM,AL,35215,False,no_match,1,
011806,GATEWAY FAMILY HEALTH CENTER,Federally Qualified Health Center,other,2905 EAST SOUTH BLVD - STE 53,MONTGOMERY,AL,36116,False,no_match,1,
011815,BRYANT PRIMARY HEALTH CENTER,Federally Qualified Health Center,other,PO BOX 355,BRYANT,AL,35958,False,no_usable_address,0,
011830,SARDIS CITY MEDICAL CLINIC,Federally Qualified Health Center,other,ROUTE 1 BOX 511,BOAZ,AL,35957,False,no_match,1,
011832,SOUTHWEST ALABAMA HEALTH SERVICES,Federally Qualified Health Center,other,PO BOX 415 HIGHWAY 43,MC INTOSH,AL,36553,False,no_match,1,
011833,MOSTELLAR MEDICAL CENTER,Federally Qualified Health Center,other,12701 PADGETT SWITCH ROAD,IRVINGTON,AL,36544,False,no_match,1,
011835,YELLOW BLUFF HEALTH CENTER,Federally Qualified Health Center,other,HIGHWAY 10 ROUTE 1 BOX 199,PINE HILL,AL,36769,False,non_exact_house_number,1,"10 CO RD 1, PINE HILL, AL, 36769"
011836,PINE APPLE HEALTH CENTER,Federally Qualified Health Center,other,HIGHWAY 59,PINE APPLE,AL,36768,False,no_match,1,
011837,UNIONTOWN HEALTH CENTER,Federally Qualified Health Center,other,NORTH ROAD,UNIONTOWN,AL,36786,False,no_match,1,
011840,SE AL RURAL HEALTH ASSOC/NEWTON MED CT,Federally Qualified Health Center,other,201 OATES STREET,NEWTON,AL,36352,False,no_match,1,
011841,"MAYSVILLE MEDICAL CENTER,THE",Federally Qualified Health Center,other,1956 DUVAL,MOBILE,AL,36607,False,no_match,1,
011845,FRANKLIN MEMORIAL MOBILE CENTER,Federally Qualified Health Center,other,1303 DR MARTIN LUTHER KIING JR AVE,MOBILE,AL,36603,False,no_match,1,
011853,"NORTHEAST ALABAMA HEALTH SERVICES, INC",Federally Qualified Health Center,other,60 MAIN STREET,SECTION,AL,35771,False,tie,1,
011854,RAMER HEALTH CENTER,Federally Qualified Health Center,other,PO BOX 96,RAMER,AL,36069,False,no_usable_address,0,
011855,FAMILY ORIENTED PRIMARY HEALTH CARE CENTER N MOBIL,Federally Qualified Health Center,other,1080A RESERVATION ROAD,MOUNT VERNON,AL,36560,False,no_match,1,
011864,CENTRAL AL COMPREHEN HEALTH MIDWAY,Federally Qualified Health Center,other,OLD TROY HIGHWAY,MIDWAY,AL,36053,False,no_match,1,
011865,CENTRAL AL COMPREHENSIVE HEALTH,Federally Qualified Health Center,other,242 LONG STREET,HURTSBORO,AL,36860,False,no_match,1,
011866,SE AL RURAL HEALTH ASSOC/DOZIER MED CT,Federally Qualified Health Center,other,HIGHWAY 29 BOX 100,DOZIER,AL,36028,False,no_match,1,
011880,W T SCRUGGS MEDICAL CENTER,Federally Qualified Health Center,other,4350 CLEVELAND AVENUE,WALNUT GROVE,AL,35990,False,no_match,1,
011885,RED LEVEL MEDICAL CENTER,Federally Qualified Health Center,other,111 MAIN STREET,RED LEVEL,AL,36474,False,no_match,1,
011889,ALBERTA HEALTH CENTER,Federally Qualified Health Center,other,HIGHWAY 5,ALBERTA,AL,36720,False,no_match,1,
011890,VRENDENBURGH HEALTH CENTER,Federally Qualified Health Center,other,P O BOX 494,VREDENBURGH,AL,36481,False,no_usable_address,0,
011892,TRICOUNTY MEDICAL CENTER INC,Federally Qualified Health Center,other,124 EAST CLEVELAND STREET,CHRYSLER,AL,36480,False,no_match,1,
011893,TRICOUNTY MEDICAL CENTER INC,Federally Qualified Health Center,other,8580 HIGHWAY 31,ATMORE,AL,36502,False,no_match,1,
011896,LOXLEY FAMILY MEDICAL CENTER,Federally Qualified Health Center,other,1083 EAST RELHAM DRIVE,LOXLEY,AL,36551,False,no_match,1,
011897,CULLMAN QUALITY HEALTH CARE,Federally Qualified Health Center,other,2016 MAIN AVENUE SW,CULLMAN,AL,35055,False,no_match,1,
011905,SKYLINE PRIMARY HEALTH CENTER,Federally Qualified Health Center,other,21680 ALABAMA HIGHWAY 79,SCOTTSBORO,AL,35768,False,no_match,1,
011913,GILBERTTOWN MEDICAL CENTER,Federally Qualified Health Center,other,140 FRONT STREET SUITE 4,GILBERTOWN,AL,36908,False,no_match,1,
011923,ALABAMA HEALTH CARE CENTER,Federally Qualified Health Center,other,1210 3RD AVENUE SOUTH,BIRMINGHAM,AL,35232,False,tie,1,
011938,EUTAW HEALTH CENTER,Federally Qualified Health Center,other,ROUTE 2 BOX 90 HIGHWAY 43,EUTAW,AL,35462,False,no_match,1,
011939,SIPSEY HEALTH CENTER,Federally Qualified Health Center,other,3805 SIPSEY ROAD,SIPSEY,AL,35584,False,no_match,1,
011949,CLEBURNE QUALITY HEALTHCARE,Federally Qualified Health Center,other,64 GILES STREET,HEFLIN,AL,36264,False,no_match,1,
011954,EUFAULA INTERNAL MEDICINE,Federally Qualified Health Center,other,23 VETERAN'S BLVD,EUFAULA,AL,36027,False,no_match,1,
011956,LOWER PEACH TREE MEDICAL CENTER,Federally Qualified Health Center,other,2046 COUNTY ROAD 49,LOWER PEACH TREE,AL,36751,False,no_match,1,
011962,DEKALB QUALITY HEALTH CARE,Federally Qualified Health Center,other,4858 COUNTY ROAD,GERALDINE,AL,35974,False,no_match,1,
011979,HAYNEVILLE FAMILY HEALTH CARE,Federally Qualified Health Center,other,100 OAK STREET,HAYNEVILLE,AL,36040,False,no_match,1,
011980,THE FAMILY HEALTH CENTER,Federally Qualified Health Center,other,8578 US HWY WEST,TYLER,AL,36785,False,no_match,1,
011981,CHISHOLM FAMILY HEALTH CENTER,Federally Qualified Health Center,other,100 E VANDIVER BLVD,MONTGOMERY,AL,36110,False,no_match,1,
011984,CHEROKEE QUALITY HEALTH CARE,Federally Qualified Health Center,other,4055 HIGHWAY 9,CEDAR BLUFF,AL,35959,False,no_match,1,
013446,ATMORE URGENT CARE,Rural Health Clinic,other,5850 HWY 21,ATMORE,AL,36502,False,no_match,1,
013447,HALE COUNTY HOSPITAL CLINIC,Rural Health Clinic,other,508 GREENE STREET,GREENSBORO,AL,36744,False,no_match,2,
013461,J PAUL JONES HOSPITAL RURAL HEALTH CLINIC,Rural Health Clinic,other,45 INDUSTRIAL DRIVE W,PINE HILL,AL,36769,False,no_match,2,
013462,NO MS MEDICAL CTR-HAMILTON'S PRIMARY CARE CTR,Rural Health Clinic,other,1336 MILITARY STREET SOUTH,HAMILTON,AL,35570,False,no_match,2,
013468,MOUNDVILLE MEDICAL ASSOCIATES,Rural Health Clinic,other,40870 AL HWY 69 STE A,MOUNDVILLE,AL,35474,False,no_match,2,
013472,OCHSNER  HEALTH  CENTER- GILBERTOWN,Rural Health Clinic,other,12731 HIGHWAY 17,GILBERTOWN,AL,36908,False,no_match,1,
013476,SANAR MEDICAL CLINIC,Rural Health Clinic,other,42030 HIGHWAY 195 SUITE B,HALEYVILLE,AL,35565,False,no_match,1,
013477,LAKELAND FAMILY PRACTICE,Rural Health Clinic,other,"42030 HIGHWAY 195, SUITE A",HALEYVILLE,AL,35565,False,no_match,1,
013478,RUSSELLVILLE HOSPITAL MEDICAL CLINIC,Rural Health Clinic,other,15225 HIGHWAY 43 STE 1,RUSSELLVILLE,AL,35653,False,no_match,1,
013479,MCB FAMILY CLINIC,Rural Health Clinic,other,31 RAILROAD STREET,LOUISVILLE,AL,36048,False,no_match,2,
013480,TANNER PRIMARY CARE OF WEDOWEE,Rural Health Clinic,other,1030 MAIN STREET SOUTH,WEDOWEE,AL,36278,False,non_exact_direction,2,"1030 N MAIN ST, WEDOWEE, AL, 36278"
013484,TANNER PRIMARY CARE OF ROANOKE,Rural Health Clinic,other,965 HIGHWAY 431,ROANOKE,AL,36274,False,no_match,1,
013487,THE WHIT FAMILY CLINIC-LINDEN,Rural Health Clinic,other,1007 SOUTH MAIN STREET,LINDEN,AL,36748,False,no_match,2,
013491,MEDICAL PARK FAMILY CARE,Rural Health Clinic,other,1034 SOUTH TALLASSEE STREET,DADEVILLE,AL,36853,False,no_match,2,
013496,HEALTH PARTNERS OF NEW SITE,Rural Health Clinic,other,12761 HIGHWAY 22 EAST,DAVISTON,AL,36256,False,no_match,2,
013800,MAINSTREET FAMILY CARE - CENTRE,Rural Health Clinic,other,1925 W MAIN ST STE 102,CENTRE,AL,35960,False,no_match,1,
013808,GOAR PEDIATRICS PC,Rural Health Clinic,other,42233 HW'Y 195,HALEYVILLE,AL,35565,False,no_match,2,
013810,MAINSTREET FAMILY CARE - SYLACAUGA,Rural Health Clinic,other,40900 US HIGHWAY 280,SYLACAUGA,AL,35150,False,no_match,1,
013905,GREENVILLE PEDIATRICS,Rural Health Clinic,other,46 LV STABLER DRIVE,GREENVILLE,AL,36037,False,no_match,2,
013964,ROANOKE RURAL HEALTH CLINIC,Rural Health Clinic,other,1950 MAIN STREET,ROANOKE,AL,36274,False,no_match,1,
013970,MARION REGIONAL HEALTH - WINFIELD INC,Rural Health Clinic,other,1390 WALNUT STREET,SULLIGENT,AL,35586,False,no_match,2,
013982,MARION CLINIC,Rural Health Clinic,other,"1768 SO WASHINGTON STREET, HWY 45 SOUTH",MARION,AL,36756,False,no_match,3,
013994,"LAWRENCE RHC, MOULTON/LAWRENCE URGENT CARE CENTER",Rural Health Clinic,other,10939 ALABAMA HIGHWAY 157,MOULTON,AL,35650,False,no_match,2,
018505,HIGHLANDS PRIMARY CARE,Rural Health Clinic,other,1108 SOUTH BROAD STREET,SCOTTSBORO,AL,35768,False,non_exact_direction,2,"1108 N BROAD ST, SCOTTSBORO, AL, 35768"
018508,WASHINGTON COUNTY HEALTHCARE AUTHORITY INC,Rural Health Clinic,other,73 LONG STREET,MILLRY,AL,36558,False,no_match,2,
018907,"SOUTHVIEW MEDICAL CLINIC, LLC",Rural Health Clinic,other,"222 ARKADELPHIA ROAD, NE",HANCEVILLE,AL,35077,False,no_match,2,
018908,TANNER MEDICAL CLINIC,Rural Health Clinic,other,"20104 SWANNER BLVD, SUITE C",TANNER,AL,35671,False,no_match,1,
018917,FORT PAYNE PEDIATRICS - WATERWORKS,Rural Health Clinic,other,1359 OLD WATERWORKS ROAD SW,FORT PAYNE,AL,35968,False,non_exact_direction,2,"1359 S OLD WATER WORKS RD, FORT PAYNE, AL, 35968"
018919,"COVINGTON HEALTHCARE, LLC",Rural Health Clinic,other,1608A GILMER AVE,TALLASSEE,AL,36078,False,no_match,1,
018925,SMART START PEDIATRICS,Rural Health Clinic,other,460 AL HWY 75 NORTH,ALBERTVILLE,AL,35951,False,tie,2,
018927,SOMERVILLE FAMILY MEDICINE,Rural Health Clinic,other,4166 HIGHWAY 36 E,SOMERVILLE,AL,35670,False,non_exact_direction,1,"4166 STATE RTE 36 W, SOMERVILLE, AL, 35670"
018928,KIDS 1ST PEDIATRICS,Rural Health Clinic,other,23800 JOHN T REID PARKWAY,SCOTTSBORO,AL,35768,False,no_match,2,
018931,SPRINGVILLE PEDIATRICS LLC,Rural Health Clinic,other,350 SPRINGVILLE STATION BOULEVARD,SPRINGVILLE,AL,35146,False,no_match,1,
018932,ISBELL MEDICAL GROUP PC,Rural Health Clinic,other,550 MEDICAL CENTER DRIVE SW,FORT PAYNE,AL,35968,False,no_match,2,
018933,"PATHWAY PEDIATRICS, INC",Rural Health Clinic,other,40920 US HWY 280,SYLACAUGA,AL,35150,False,no_match,2,
018936,KIDS CLINIC PEDIATRIC AND ADOLESCENT MEDICINE,Rural Health Clinic,other,119 STEPHEN J WHITE MEMORIAL BLVD,TALLADEGA,AL,35160,False,no_match,1,
018941,PICKENS COUNTY PRIMARY CARE PC,Rural Health Clinic,other,205 4TH AVENUE SE,REFORM,AL,35481,False,non_exact_direction,1,"205 4TH AVE NE, REFORM, AL, 35481"
018945,PEDIATRIC ASSOCIATES OF ALEXANDER CITY,Rural Health Clinic,other,1962 CHEROKEE ROAD ALEXANDER CITY,ALEXANDER CITY,AL,35010,False,no_match,2,
018946,PEDIATRIC ASSOCIATES OF ALEXANDER CITY,Rural Health Clinic,other,"21 COOSA RD 50 KELLYTON, AL",KELLYTON,AL,35089,False,no_match,2,
018953,LAKESIDE PRIMARY CARE,Rural Health Clinic,other,1260 CHESNUT BYPASS SUITE A,CENTRE,AL,35960,False,no_match,2,
018954,UNITED DOCTORS FAMILY MEDICAL CENTER - ALTOONA,Rural Health Clinic,other,7130 6TH STREET,ALTOONA,AL,35952,False,no_match,2,
018956,UNITED DOCTORS FAMILY MEDICAL CENTER- SAND ROCK,Rural Health Clinic,other,2820 HWY 68 W,SAND ROCK,AL,35983,False,no_match,2,
018957,"PICKENS COUNTY PRIMARY CARE, PC",Rural Health Clinic,other,99 COMMERCE AVENUE,CARROLLTON,AL,35447,False,no_match,2,
018962,"FAST PACE MEDICAL CLINIC, PLLC",Rural Health Clinic,other,25 BEAR PARKWAY,LINCOLN,AL,35096,False,no_match,2,
018967,"JACKSON MEDICAL CENTER, LLC",Rural Health Clinic,other,220 HOSPITAL DIRVE,JACKSON,AL,36545,False,no_match,2,
018973,BOWLING FAMILY MEDICAL CLINIC,Rural Health Clinic,other,1369A GEORGE WALLACE HWY,RUSSELLVILLE,AL,35654,False,no_match,1,
018983,URGENT CARE 59 PC,Rural Health Clinic,other,108 C MCMEANS AVENUE,BAY MINETTE,AL,36507,False,no_match,2,
018986,FAST PACE HEALTH,Rural Health Clinic,other,1203 7TH ST N,CLANTON,AL,35045,False,non_exact_direction,1,"1203 7TH ST S, CLANTON, AL, 35045"
018988,DRS DABBS & HYLAND PC,Rural Health Clinic,other,1513 PEDIATRIC DRIVE,JASPER,AL,35501,False,no_match,2,
018989,FAST PACE HEALTH,Rural Health Clinic,other,2851 HIGHWAY 78 E,JASPER,AL,35501,False,no_match,1,
018990,MAINSTREET FAMILY CARE - VALLEY,Rural Health Clinic,other,3306 20TH AVE,VALLEY,AL,36854,False,no_match,1,
018994,MAINSTREET FAMILY CARE - ARAB,Rural Health Clinic,other,1420 N BRINDLEE MOUNTAIN PKWY STE A-1,ARAB,AL,35016,False,no_match,1,
018996,MAINSTREET FAMILY CARE - TALLADEGA,Rural Health Clinic,other,837 BATTLE ST E,TALLADEGA,AL,35160,False,non_exact_direction,1,"837 W BATTLE ST, TALLADEGA, AL, 35160"
041002,"BOSTON MOUNTAIN RURAL HEALTH CENTER, INC",Federally Qualified Health Center,other,4004 E VAN BUREN,EUREKA SPRINGS,AR,72632,False,no_match,1,
041005,MAINLINE HEALTH SYSTEMS INC,Federally Qualified Health Center,other,"517 UNIVERSITY DR, SUITE 201",MONTICELLO,AR,71655,False,no_match,1,
041019,WARREN HIGH SCHOOL BH (SEABEC),Federally Qualified Health Center,other,800 N WALNUT ST,WARREN,AR,71671,False,no_match,1,
041022,"BOSTON MOUNTAIN RURAL HEALTH CENTER, INC",Federally Qualified Health Center,other,1125 SKYLINE DR,CONWAY,AR,72032,False,no_match,1,
041029,"EAST ARKANAS FAMILY HEALTH CENTER, INC",Federally Qualified Health Center,other,FORREST CITY SCHOOL DISTRICT HEALTH AND WELLNESS,FORREST CITY,AR,72335,False,no_match,1,
041033,WARREN ELEMENTARY,Federally Qualified Health Center,other,2018 LADY JACK DRIVE,BAXTER,AR,71638,False,no_match,1,
041039,"BOSTON MOUNTAIN RURAL HEALTH CENTER, INC",Federally Qualified Health Center,other,130 4TH ST,QUITMAN,AR,72131,False,no_match,1,
041041,ARCARE76,Federally Qualified Health Center,other,815 SCHOOL DR,BRYANT,AR,72022,False,no_match,1,
041043,ARCARE 57,Federally Qualified Health Center,other,14558 HIGHWAY 412,HUNTSVILLE,AR,72740,False,no_match,1,
041045,"MAINLINE HEALTH SYSTEMS, INC",Federally Qualified Health Center,other,803 N WALNUT ST RM 214,WARREN,AR,71671,False,no_match,1,
041047,LAKE VILLAGE OB CLINIC,Federally Qualified Health Center,other,2729 US 65,ASHTON,AR,71653,False,no_match,1,
041062,BROADHURST ST MEDICAL CLINIC,Federally Qualified Health Center,other,100 BROADHURST ST,SILOAM SPRINGS,AR,72761,False,no_match,1,
041074,COMMUNITY CLINIC CENTRAL JUNIOR HIGH,Federally Qualified Health Center,other,"2811 W HUNTSVILLE AVE, STE 1016",SPRINGDALE,AR,72762,False,no_match,1,
041081,BMRHC HUNTSVILLE SCHOOL BASED HEALTH CENTER,Federally Qualified Health Center,other,403 POLK ST,HUNTSVILLE,AR,72740,False,no_match,1,
041086,ARCARE162,Federally Qualified Health Center,other,"9501 BAPTIST HEALTH DR, STE 770",LITTLE ROCK,AR,72205,False,no_match,1,
041107,COMMUNITY CLINIC ROGERS HERITAGE,Federally Qualified Health Center,other,1001 6TH ST,ROGERS,AR,72756,False,tie,1,
041801,MADISON CLINIC,Federally Qualified Health Center,other,509 JACKSON STREET,MADISON,AR,72359,False,no_match,1,
041803,LAKEVIEW AREA CLINIC,Federally Qualified Health Center,other,HWY 44 OLD TOWNE LAKE P O BOX 145,WABASH,AR,72389,False,no_match,1,
041807,MAINLINE HEALTH SYSTEMS INC,Federally Qualified Health Center,other,2520 HWY 65 N,EUDORA,AR,71640,False,no_match,1,
041813,COTTON PLANT MEDICAL CLINIC,Federally Qualified Health Center,other,MAIN ST,COTTON PLANT,AR,72036,False,no_match,1,
041816,ARCARE 80,Federally Qualified Health Center,other,606 W WILBUR MILLS AVE,SEARCY,AR,72143,False,no_match,1,
041818,PINE BLUFF MEDICAL AND DENTAL CLINIC,Federally Qualified Health Center,other,1101 TENNESSEE ST,PINE BLUFF,AR,71601,False,no_match,1,
041820,JEFFERSON COMPREHENSIVE CARE SYSTEM,Federally Qualified Health Center,other,KIRKWOOD & BRODIE STS REDFIELD CLINIC,REDFIELD,AR,72132,False,no_match,1,
041821,JEFFERSON COMPREHENSIVE CARE S,Federally Qualified Health Center,other,4206 FRAZIER PIKE COLLEGE STATION CL,COLLEGE STATION,AR,72053,False,no_match,1,
041823,BEARDEN HEALTH CENTER,Federally Qualified Health Center,other,2ND AND SCHOOL STS,BEARDEN,AR,71720,False,non_exact_house_number,1,"N 2ND & N SCHOOL, BEARDEN, AR, 71720"
041825,LEWISVILLE FAMILY PRACTICE CENTER,Federally Qualified Health Center,other,CHESTNUT ST,LEWISVILLE,AR,71845,False,no_match,1,
041827,STRONG CLINIC,Federally Qualified Health Center,other,153 S CONCORD ST,STRONG,AR,71765,False,no_match,1,
041828,BALD KNOB MEDICAL CLINIC,Federally Qualified Health Center,other,178 HIGHWAY 167,BALD KNOB,AR,72010,False,tie,1,
041833,BOSTON MOUNTAIN RHC INC,Federally Qualified Health Center,other,205 W COLLEGE ST P O BIX 1036,MARSHALL,AR,72650,False,no_match,1,
041836,PARKIN MED CL,Federally Qualified Health Center,other,1740 CHURCH ST,PARKIN,AR,72373,False,no_match,1,
041840,POCAHONTAS FAMILY MEDICAL CENTER,Federally Qualified Health Center,other,1016 MCQUAY AVE,POCAHONTAS,AR,72455,False,no_match,1,
041842,FOUNTAIN HILL MAINLINE CLINIC,Federally Qualified Health Center,other,127 PINE STREET,FOUNTAIN HILL,AR,71642,False,no_match,1,
041852,HUGHES SATELLITE CLINIC,Federally Qualified Health Center,other,503 SOUTH BROADWAY,HUGHES,AR,72348,False,wrong_county,1,"503 S BROADWAY ST, HUGHES, AR, 72348"
041853,BOSTON MOUNTAIN RURAL HEALTH CENTER,Federally Qualified Health Center,other,HIGHWAY 16 - VALLEY HEALTH DRIVE,DEER,AR,72628,False,no_match,1,
041893,ARCARE 46,Federally Qualified Health Center,other,"5830 HIGHWAY 5, ARCARE 46",CABOT,AR,72023,False,no_match,1,
041895,1ST CHOICE HEALTHCARE,Federally Qualified Health Center,other,"308 HWY 62, WEST",ASH FLAT,AR,72513,False,no_match,1,
041900,COMMUNITY CLINIC SPRINGDALE MEDICAL - FAMILY PRAC,Federally Qualified Health Center,other,"610 EEMMA AVENUE, SUITE C",SPRINGDALE,AR,72764,False,tie,1,
041902,ARCARE 23,Federally Qualified Health Center,other,805 THIRD STREET,HORSESHOE BEND,AR,72512,False,no_match,1,
041932,"HEALTHY CONNECTIONS, INC",Federally Qualified Health Center,other,1206 W COLLIN RAYE DRIVE,DE QUEEN,AR,71832,False,no_match,1,
041934,LAKESIDE SCHOOL,Federally Qualified Health Center,other,360A W HIGHWAY 82,LAKE VILLAGE,AR,71653,False,wrong_county,1,"360A US HWY 82, VILLAGE, AR, 71753"
041938,ARCARE64,Federally Qualified Health Center,other,305 SEARCY DRIVE,SEARCY,AR,72143,False,no_match,1,
041945,HAMBURG MIDDLE SCHOOL,Federally Qualified Health Center,other,1109 CUB DRIVE,HAMBURG,AR,71646,False,no_match,1,
041953,MAINLINE RISON,Federally Qualified Health Center,other,505 SYCAMORE STREET,RISON,AR,71665,False,no_match,1,
041959,ARCARE32,Federally Qualified Health Center,other,"501 MILLWOOD CIR, STE E",MAUMELLE,AR,72113,False,no_match,1,
041970,ARCARE124,Federally Qualified Health Center,other,3150 E HERITAGE PKWY,FARMINGTON,AR,72730,False,no_match,1,
041984,"BOSTON MOUNTAIN RURAL HEALTH CENTER, INC",Federally Qualified Health Center,other,106 WESTWOOD DR,MARSHALL,AR,72650,False,no_match,1,
043422,PLEASANT PLAINS MEDICAL CLINIC,Rural Health Clinic,other,6200 BATESVILLE BOULEVARD,PLEASANT PLAINS,AR,72568,False,no_match,3,
043477,ST VINCENT MEDICAL CLINIC MORRILTON,Rural Health Clinic,other,1711 EAST HARDING,MORRILTON,AR,72110,False,no_match,2,
043480,BAPTIST HEALTH - STUTTGART MEDICAL CLINIC,Rural Health Clinic,other,1609 NORTH MEDICAL DRIVE,STUTTGART,AR,72160,False,no_match,2,
043489,BAPTIST HEALTH - FAMILY CLINIC HAZEN,Rural Health Clinic,other,102 WEST FRONT STREET,HAZEN,AR,72064,False,no_match,1,
043491,MERCY CLINIC PRIMARY CARE - BOONEVILLE,Rural Health Clinic,other,128 DANIEL AVENUE,BOONEVILLE,AR,72927,False,no_match,2,
043494,DALLAS COUNTY MEDICAL CENTER FAMILY CLINIC,Rural Health Clinic,other,201 NORTH CLIFTON STREET,FORDYCE,AR,71742,False,non_exact_direction,2,"201 S CLIFTON ST, FORDYCE, AR, 71742"
043822,PARAGOULD DOCTORS CLINIC,Rural Health Clinic,other,"4000 LINWOOD DRIVE, SUITE A",PARAGOULD,AR,72450,False,no_match,2,
043861,"PILLOW CLINIC, PLLC",Rural Health Clinic,other,101 SHIRLEY HICKS DRIVE,HELENA,AR,72342,False,no_match,2,
043872,GREENBRIER CHILDREN'S CLINIC,Rural Health Clinic,other,10 LOIS LANE,GREENBRIER,AR,72058,False,no_match,1,
043884,WHITE RIVER HEALTH FAMILY CARE,Rural Health Clinic,other,105 CASE COMMONS DRIVE,MOUNTAIN VIEW,AR,72560,False,no_match,2,
043887,ACCESS MEDICAL CLINIC HARDY,Rural Health Clinic,other,"4196 HWY 62 412, SUITE A",HARDY,AR,72542,False,no_match,2,
043894,ACCESS MEDICAL CLINIC ARKANSAS LTC LLC,Rural Health Clinic,other,942 HIGHWAY 65 NORTH,MARSHALL,AR,72650,False,no_match,2,
043895,"ACCESS MEDICAL CLINIC ARKANSAS, LLC",Rural Health Clinic,other,217 NORTH MAIN STREET,RISON,AR,71665,False,no_match,2,
043898,ACCESS MEDICAL CLINIC ARKANSAS LTC LLC,Rural Health Clinic,other,1016 NORTH FOUCHE AVENUE,PERRYVILLE,AR,72126,False,no_match,2,
043923,ACCESS MEDICAL CLINIC,Rural Health Clinic,other,49 HIGHWAY 62 412,ASH FLAT,AR,72513,False,no_match,1,
043926,"ACCESS MEDICAL CLINIC ARKANSAS, LLC",Rural Health Clinic,other,871 E HERITAGE PARKWAY,PRAIRIE GROVE,AR,72753,False,no_match,2,
043928,ACCESS MEDICAL CLINIC ARKANSAS LLC,Rural Health Clinic,other,234 HIGHWAY 274,CAMDEN,AR,71701,False,no_match,1,
043933,ACCESS MEDICAL CLINIC ARKANSAS LLC,Rural Health Clinic,other,122 SOUTHERN DRIVE,ASHDOWN,AR,71822,False,no_match,2,
043948,ACCESS MEDICAL CLINIC ARKANSAS LLC,Rural Health Clinic,other,1248 W KEISER AVENUE,OSCEOLA,AR,72370,False,no_match,2,
043955,BRADLEY BIBB MD PLLC,Rural Health Clinic,other,115 TURNER LANE,SALEM,AR,72576,False,no_match,2,
043960,FAST PACE HEALTH,Rural Health Clinic,other,2315 W BEEBE CAPPS EXPY,SEARCY,AR,72143,False,non_exact_direction,1,"2315 E BEEBE CAPPS EXPY, SEARCY, AR, 72143"
043961,WAGNER MEDICAL CLINIC,Rural Health Clinic,other,730 GREENWOOD AVE,LEPANTO,AR,72354,False,no_match,1,
043982,CAVE CITY MEDICAL CLINIC,Rural Health Clinic,other,301 SOUTH MAIN STREET,CAVE CITY,AR,72521,False,non_exact_direction,1,"301 N MAIN ST, CAVE CITY, AR, 72521"
048506,BAPTIST HEALTH FAMILY CLINIC - HEBER SPRINGS,Rural Health Clinic,other,"1415 HIGHWAY 25B, SUITE 3",HEBER SPRINGS,AR,72543,False,no_match,1,
048507,BAPTIST HEALTH FAMILY CLINIC-CADDO VALLEY,Rural Health Clinic,other,10 MONTGOMERY DRIVE,CADDO VALLEY,AR,71923,False,no_match,3,
048508,BAPTIST HEALTH FAMILY CLINIC-BISMARCK,Rural Health Clinic,other,6679 HIGHWAY 7,BISMARCK,AR,71929,False,no_match,2,
048512,BAPTIST HEALTH HEBER SPRINGS CAMPUS CLINIC,Rural Health Clinic,other,1800 BY PASS ROAD,HEBER SPRINGS,AR,72543,False,no_match,2,
048532,JEFFERSON HOSPITAL ASSOCIATION INC.,Rural Health Clinic,other,201 FAIRVIEW RD STE A,CROSSETT,AR,71635,False,no_match,1,
048533,JEFFERSON REGIONAL MONTICELLO MEDICAL CLINIC,Rural Health Clinic,other,906 ROBERTS DRIVE,MONTICELLO,AR,71655,False,no_match,2,
048551,IRH MEDICAL GROUP - NORFORK FAMILY MEDICINE,Rural Health Clinic,other,13945 HIGHWAY 5 S,NORFORK,AR,72658,False,no_match,1,
048554,FAMILY CLINIC OF ASHLEY COUNTY,Rural Health Clinic,other,909 UNITY ROAD,CROSSETT,AR,71635,False,no_match,1,
048559,BAXTER HEALTH FAMILY CLINIC AT CALICO ROCK,Rural Health Clinic,other,2161 AR 56 HWY,CALICO ROCK,AR,72519,False,no_match,1,
031004,MHC WESTSIDE HEALTH CENTER,Federally Qualified Health Center,other,"1707 WEST ST MARY'S ROAD, SUITE 175",TUCSON,AZ,85745,False,tie,1,
031015,DESERT SENITA COMMUNITY HEALTH CENTER,Federally Qualified Health Center,other,14574 S SUNLAND GIN RD,ARIZONA CITY,AZ,85123,False,no_match,1,
031048,TERROS HEALTH,Federally Qualified Health Center,other,3540 E BASELINE RD STE 150,PHOENIX,AZ,85042,False,no_match,1,
031072,VALLEYWISE COMPREHENSIVE HEALTH CENTER - PHOENIX,Federally Qualified Health Center,other,"2525 E ROOSEVELT ST, SUITE 1A, 1B, 2B, 2D, 2E",PHOENIX,AZ,85008,False,no_match,1,
031080,VALLEYWISE COMMUNITY HEALTH CENTER - AVONDALE,Federally Qualified Health Center,other,950 EVAN BUREN ST,AVONDALE,AZ,85323,False,no_match,1,
031089,ELK RIDGE HOLBROOK,Federally Qualified Health Center,other,"2109 NAVAJO BLVD, HOLBROOK, AZ",CONCHO,AZ,86025,False,wrong_county,1,"2109 NAVAJO BLVD, HOLBROOK, AZ, 86025"
031092,ELK RIDGE SPRINGERVILLE,Federally Qualified Health Center,other,"488 S MOUNTAIN AVE,",SPRINGERVILLE,AZ,85938,False,no_match,1,
031809,"MARIPOSA COMMUNITY HEALTH CENTER, INC.",Federally Qualified Health Center,other,101 TAYLOR STREET,PATAGONIA,AZ,85624,False,no_match,1,
031824,"SUNSET COMMUNITY HEALTH CENTER, INC.",Federally Qualified Health Center,other,10425 WILLIAMS STREET,WELLTON,AZ,85356,False,no_match,1,
031834,CANYONLANDS HEALTH CARE CHILCHINBETO,Federally Qualified Health Center,other,CHILCHINBETO CHAPTER HOUSE COMPLEX,CHILCHINBITO,AZ,86033,False,no_match,1,
031835,CANYONLANDS COMMUNITY HEALTH CARE,Federally Qualified Health Center,other,3272 E RIO VIRGIN RD,LITTLEFIELD,AZ,86432,False,no_match,1,
031844,MOUNTAIN PARK HEALTH CENTER - GOODYEAR,Federally Qualified Health Center,other,"140 NORTH LITCHFIELD ROAD, SUITE 200",TOLLESON,AZ,85353,False,no_match,1,
031847,YAVAPAI COUNTY COMMUNITY HEALTH SERVICES,Federally Qualified Health Center,other,51 S BRIAN MICHELSEN PARKWAY,COTTONWOOD,AZ,86326,False,no_match,1,
031861,CANYONLANDS COMMUNITY HEALTH CARE,Federally Qualified Health Center,other,440 NORTH NAVAJO DRIVE,PAGE,AZ,86040,False,no_match,1,
031882,ADELANTE HEALTHCARE INC,Federally Qualified Health Center,other,9610 N METRO PKWY W,PHOENIX,AZ,85051,False,non_exact_direction,1,"9610 N METRO PKWY, PHOENIX, AZ, 85051"
031908,CANYONLANDS HEALTHCARE GLOBE,Federally Qualified Health Center,other,"5860 SOUTH HOSPITAL DRIVE, SUITE 102",GLOBE,AZ,85501,False,no_match,1,
031923,TERROS HEALTH,Federally Qualified Health Center,other,6151-6153 WEST OLIVE AVENUE,GLENDALE,AZ,85302,False,non_exact_house_number,1,"6153 W OLIVE AVE, GLENDALE, AZ, 85302"
031936,UNITED COMMUNITY HEALTH CENTER AT SANTA CRUZ VALLE,Federally Qualified Health Center,other,"4475 SOUTH I-19 FRONTAGE ROAD, SUITE 139",GREEN VALLEY,AZ,85622,False,no_match,1,
031988,CREEK VALLEY HEALTH CLINIC,Federally Qualified Health Center,other,20 SOUTH COLVIN STREET,COLORADO CITY,AZ,86021,False,no_match,1,
033837,SAN LUIS WALK-IN CLINIC,Rural Health Clinic,other,"950 EAST MAIN STREET, BUILDING B",SOMERTON,AZ,85350,False,no_match,2,
033838,SAN LUIS URGENT CARE,Rural Health Clinic,other,"1233 NORTH MAIN STREET, SUITE 1A",SAN LUIS,AZ,85349,False,no_match,2,
033840,SUMMIT HEALTHCARE FAMILY MEDICINE AT BISON RANCH,Rural Health Clinic,other,2352 QUARTER HORSE TRAIL,OVERGAARD,AZ,85933,False,no_match,1,
033842,PARKER WALK IN CLINIC,Rural Health Clinic,other,"601 RIVERSIDE DRIVE, SUITE 4",PARKER,AZ,85344,False,no_match,2,
033843,PARKER WALK IN CLINIC,Rural Health Clinic,other,"601 RIVERSIDE DRIVE, SUITE 2",PARKER,AZ,85344,False,no_match,2,
033845,SAN LUIS URGENT CARE,Rural Health Clinic,other,"151 SOUTH OAK AVENUE, SUITE 7",SAN LUIS,AZ,85336,False,no_match,2,
033846,WELLNESS CENTER,Rural Health Clinic,other,"151 SOUTH OAK AVENUE, SUITE 2",SAN LUIS,AZ,85336,False,no_match,2,
033847,WOMEN'S HEALTH CENTER,Rural Health Clinic,other,"151 SOUTH OAK AVENUE, SUITE 3",SAN LUIS,AZ,85336,False,no_match,2,
033850,SPECIALTY CLINIC,Rural Health Clinic,other,"151 SOUTH OAK AVENUE, SUITE 5",SAN LUIS,AZ,85336,False,no_match,2,
033852,SUMMIT HEALTHCARE FAMILY MEDICINE SNOWFLAKE TAYLOR,Rural Health Clinic,other,1121 SOUTH MAIN STREET,SNOWFLAKE,AZ,85937,False,no_match,2,
033854,SUMMIT HEALTHCARE FAMILY MEDICINE ST JOHNS,Rural Health Clinic,other,625 NORTH 13TH WEST,SAINT JOHNS,AZ,85936,False,non_exact_direction,2,"625 W 13TH, SAINT JOHNS, AZ, 85936"
033985,GREASEWOOD CLINIC,Rural Health Clinic,other,"PO BOX 457, HIGHWAY 264",GANADO,AZ,86505,False,no_match,1,
033987,LA PAZ MEDICAL SERVICES QUARTZSITE,Rural Health Clinic,other,150 EAST TYSON ROAD,QUARTZSITE,AZ,85359,False,no_match,2,
033992,SULPHUR SPRINGS MEDICAL CENTER,Rural Health Clinic,other,900 WEST SCOTT ST,WILLCOX,AZ,85643,False,no_match,2,
033997,KEARNY CLINIC,Rural Health Clinic,other,100 SOUTH TILBURY DRIVE,KEARNY,AZ,85237,False,no_match,2,
038502,COMMUNITY HOSPITAL CLINIC-CONGRESS,Rural Health Clinic,other,26750 B SOUTH SANTA FE ROAD,CONGRESS,AZ,85332,False,no_match,2,
038505,RIVER HEALTH CLINIC,Rural Health Clinic,other,1200 WEST MOHAVE ROAD,PARKER,AZ,85344,False,no_match,2,
038506,COBRE VALLEY FAMILY PRACTICE,Rural Health Clinic,other,5994 SOUTH HOSPITAL DRIVE,GLOBE,AZ,85501,False,no_match,2,
038510,COBRE VALLEY SURGICAL SERVICES,Rural Health Clinic,other,5880 SOUTH HOSPITAL DRIVE,GLOBE,AZ,85501,False,no_match,2,
038512,PAGE HOSPITAL - BANNER HEALTH CLINIC - PAGE,Rural Health Clinic,other,601 NORTH NAVAJO DRIVE,PAGE,AZ,86040,False,no_match,2,
038514,COBRE VALLEY RED ROCK CLINIC,Rural Health Clinic,other,5990 SOUTH HOSPITAL DRIVE,GLOBE,AZ,85501,False,no_match,2,
051003,DAVIS COMMUNITY CLINIC,Federally Qualified Health Center,other,2051 JOHN JONES ROAD,DAVIS,CA,95616,False,no_match,1,
051024,"ANDERSON VALLEY HEALTH CENTER, INC",Federally Qualified Health Center,other,13500 AIRPORT ROAD,BOONVILLE,CA,95415,False,no_match,1,
051027,CAMARENA HEALTH,Federally Qualified Health Center,other,300 PROSPERITY BLVD,CHOWCHILLA,CA,93610,False,no_match,1,
051041,LIFELONG WILLIAM JENKINS HEALTH CENTER,Federally Qualified Health Center,other,150 HARBOUR WAY,RICHMOND,CA,94801,False,tie,1,
051097,DAP HEALTH-CENTRO MEDICO THERMAL-88775 AVENUE 76,Federally Qualified Health Center,other,"88-775 AVENUE 76, #1",THERMAL,CA,92274,False,no_match,1,
051098,DAP HEALTH  CENTRO MEDICO CATHEDRAL CITY  69715,Federally Qualified Health Center,other,"69-175 RAMON ROAD, BUILDING A",CATHEDRAL CITY,CA,92234,False,no_match,1,
051100,RUSSIAN RIVER HEALTH CENTER BUILDING #2,Federally Qualified Health Center,other,PO BOX 1449,GUERNEVILLE,CA,95446,False,no_usable_address,0,
051123,INNERCARE - WEST SHORES,Federally Qualified Health Center,other,"1289 SOUTH MARINA DR, SUITE A",SALTON CITY,CA,92275,False,no_match,1,
051129,INNERCARE - COACHELLA,Federally Qualified Health Center,other,"50249 CESAR CHAVAS ST, SUITE K",COACHELLA,CA,92236,False,no_match,1,
051154,ELM WOMEN'S & PEDIATRIC COMMUNITY HEALTH CENTER,Federally Qualified Health Center,other,2760 S ELM AVENUE,FRESNO,CA,93706,False,no_match,1,
051156,ELM COMMUNITY HEALTH CENTER,Federally Qualified Health Center,other,2740 SOUTH ELM AVENUE,FRESNO,CA,93706,False,no_match,1,
051165,"UNITED INDIAN HEALTH SERVICES, INC",Federally Qualified Health Center,other,JUNCTON OF HWY 96 AND 169,WEITCHPEC,CA,95546,False,no_match,1,
051168,MCCLOUD HEALTHCARE CLINIC INC,Federally Qualified Health Center,other,116 WEST MINNESOTA AVE,MCCLOUD,CA,96057,False,no_match,1,
051825,"AMPLA HEALTH CHICO MEDICAL, DENTAL & PEDIATRICS",Federally Qualified Health Center,other,680 COHASSET ROAD,CHICO,CA,95926,False,no_match,1,
051840,EAST BAKERSFIELD COMMUNITY HLTH CENTER,Federally Qualified Health Center,other,815 LAKEVIEW AVENUE,BAKERSFIELD,CA,93307,False,no_match,1,
051841,MCFARLAND COMMUNITY HEALTH CENTER,Federally Qualified Health Center,other,217 KERN AVENUE,MC FARLAND,CA,93250,False,tie,1,
051846,OMNI FAMILY HEALTH,Federally Qualified Health Center,other,277 E FRONT ST,BUTTONWILLOW,CA,93206,False,no_match,1,
051852,UNITED HEALTH CENTERS OF THE SAN JOAQU,Federally Qualified Health Center,other,476 EAST WASHINGTON AVENUE,EARLIMART,CA,93219,False,non_exact_direction,1,"476 W WASHINGTON AVE, EARLIMART, CA, 93219"
051868,TOIYABE INDIAN HEALTH PROJECT,Federally Qualified Health Center,other,TUSA LANE & WEST LINE ST,BISHOP,CA,93514,False,no_match,1,
051870,TOIYABE INDIAN HEALTH PROJECT,Federally Qualified Health Center,other,CAMP ANTELOPE ROAD,COLEVILLE,CA,96107,False,no_match,1,
051872,"COMMUNITY HEALTH CENTERS, SANTA MARIA",Federally Qualified Health Center,other,"2801 SANTA MARIA WAY, BUILDING A",SANTA MARIA,CA,93455,False,no_match,1,
051878,LIFELONG DENTAL CARE,Federally Qualified Health Center,other,1860 ALCATRAZ AVENUE,BERKELEY,CA,94703,False,no_match,1,
051884,COUNTY HEALTH CLINIC,Federally Qualified Health Center,other,4711 HIGHWAY 166,NEW CUYAMA,CA,93254,False,no_match,1,
051900,NORTHEAST VALLEY HEALTH CORPORATION,Federally Qualified Health Center,other,1600 SAN FERNANDO ROAD BUILDING C,SAN FERNANDO,CA,91340,False,no_match,1,
051911,PECHANGA INDIAN HEALTH CLINIC,Federally Qualified Health Center,other,12784 PECHANGA ROAD,TEMECULA,CA,92390,False,no_match,1,
051912,TORRES MARTINEZ INDIAN HEALTH,Federally Qualified Health Center,other,PO BOX 1098,THERMAL,CA,92274,False,no_usable_address,0,
051940,HUMBOLDT OPEN DOOR CLINIC,Federally Qualified Health Center,other,1150 FOSTER AVE,ARCATA,CA,95521,False,no_match,1,
051947,DOYLE FAMILY PRACTICE,Federally Qualified Health Center,other,435-436 OLD HIGHWAY ROAD,DOYLE,CA,96109,False,no_match,1,
051970,TOM WADELL CLINIC,Federally Qualified Health Center,other,50 LECK WELESA STREET,SAN FRANCISCO,CA,94102,False,no_match,1,
051973,34TH STREET COMMUNITY HEALTH CENTER,Federally Qualified Health Center,other,2000 PHYSICIANS BOULEVARD,BAKERSFIELD,CA,93301,False,no_match,1,
051985,TULELAKE HEALTH CENTER,Federally Qualified Health Center,other,498 MAIN STREET,TULELAKE,CA,96134,False,no_match,1,
053983,SURPRISE VALLEY MEDICAL CLINIC,Rural Health Clinic,other,745 MAIN STREET,CEDARVILLE,CA,96104,False,no_match,2,
058512,SAN BENITO COMMUNITY HEALTH CLINIC,Rural Health Clinic,other,930 SUNSET DRIVE BUILDING #3,HOLLISTER,CA,95023,False,no_match,2,
058536,CALEXICO OUTPATIENT CENTER,Rural Health Clinic,other,"495 BIRCH STREET, SUITE A",CALEXICO,CA,92231,False,no_match,2,
058569,ADVENTIST HEALTH REEDLEY,Rural Health Clinic,other,155 S NEWMARK,PARLIER,CA,93648,False,no_match,2,
058573,FAMILY MEDICAL CENTER - ARNOLD,Rural Health Clinic,other,"2182 HIGHWAY 4, SUITE A100",ARNOLD,CA,95223,False,no_match,1,
058574,JAMES DALTON MEDICAL OFFICE,Rural Health Clinic,other,590 STANISLAUS AVE,ANGELS CAMP,CA,95222,False,no_match,1,
058595,ADVENTIST HEALTH REEDLY,Rural Health Clinic,other,300 S LEON S PETERS BLVD,FOWLER,CA,93625,False,no_match,2,
058597,EASTERN PLUMAS HOSPITAL - LOYALTON MEDICAL CLINIC,Rural Health Clinic,other,701 MAIN STREET,LOYALTON,CA,96118,False,no_match,2,
058603,CHARLIE MITCHELL RURAL HEALTH CLINIC,Rural Health Clinic,other,"41169 GOODWIN WAY, RM 100",MADERA,CA,93638,False,no_match,2,
058611,ADVENTIST HEALTH REEDLEY,Rural Health Clinic,other,16916 5TH STREET,HURON,CA,93234,False,no_match,2,
058641,MABIE SAN JUAN ROAD HEALTHCARE CENTER,Rural Health Clinic,other,991 FOURTH STREET,HOLLISTER,CA,95023,False,no_match,2,
058646,HAYFORK COMMUNITY HEALTH CLINIC,Rural Health Clinic,other,6961 HIGHWAY 3,HAYFORK,CA,96041,False,no_match,2,
058680,REDWOOD MEDICAL CLINIC,Rural Health Clinic,other,3 MARCELA DRIVE,WILLITS,CA,95490,False,no_match,2,
058706,ORCHARD HOSPITAL MEDICAL SPECIALTY CENTER OROVILLE,Rural Health Clinic,other,"2990 ORO DAM BLVD E, SUITE A",OROVILLE,CA,95966,False,no_match,1,
058712,SOUTHERN SIERRA MEDICAL CLINIC,Rural Health Clinic,other,"105 EAST SYDNOR STREET, SUITES 100 AND 204",RIDGECREST,CA,93555,False,no_match,3,
058719,ADVENTIST HEALTH REEDLEY,Rural Health Clinic,other,398 S CHURCH ROAD,EARLIMART,CA,93219,False,non_exact_direction,2,"398 N CHURCH RD, EARLIMART, CA, 93219"
058731,HAZEL HAWKINS PRIMARY CARE & SURGICAL SPECIALTY CE,Rural Health Clinic,other,930 SUNSET DRIVE BUILDING 1 SUITE C,HOLLISTER,CA,95023,False,no_match,2,
058910,TEHAMA COUNTY HEALTH CENTER CL,Rural Health Clinic,other,1850 WALNUT ST,RED BLUFF,CA,96080,False,no_match,1,
058987,STALLANT HEALTH,Rural Health Clinic,other,20601 WEST PAOLI LANE,WEIMAR,CA,95736,False,no_match,1,
551015,SVCHC - BEHAVIORAL HEALTH,Federally Qualified Health Center,other,19270 SONOMA HIGHWAY,SONOMA,CA,95476,False,no_match,1,
551127,BRIDGEVILLE HEALTH CLINIC,Federally Qualified Health Center,other,38717 KEENLAND ROAD,BRIDGEVILLE,CA,95526,False,no_match,1,
551128,SCOTIA BLUFFS COMMUNITY HEALTH CENTER,Federally Qualified Health Center,other,500 B STREET - PO BOX 7,SCOTIA,CA,95565,False,tie,1,
551172,"CLINICAS DEL CAMINO REAL, INC - MOORPARK",Federally Qualified Health Center,other,4279 TIERRA REJADA ROAD,MOORPARK,CA,93021,False,no_match,2,
551177,ARIA COMMUNITY HEALTH CENTER,Federally Qualified Health Center,other,140 C STREET,LEMOORE,CA,93245,False,no_match,2,
551183,"MISSION CITY COMMUNITY NETWORK, INC-PRAIRIE",Federally Qualified Health Center,other,"301 NORTH PRAIRIE AVE, SUITE 311",INGLEWOOD,CA,90301,False,non_exact_direction,2,"301 S PRAIRIE AVE, INGLEWOOD, CA, 90301"
551812,LIFELONG MEDICAL CARE - EAST OAKLAND,Federally Qualified Health Center,other,10700 MACARTHUR BLVD SUITE 14B,OAKLAND,CA,94605,False,no_match,1,
551823,GREENVILLE RANCHERIA TRIBAL HEALTH,Federally Qualified Health Center,other,1425 MONTGOMERY ROAD,RED BLUFF,CA,96080,False,no_match,2,
551831,LAKE ELSINORE FAMILY CARE CENTER,Federally Qualified Health Center,other,2499 EAST LAKESHORE DRIVE,LAKE ELSINORE,CA,92530,False,no_match,2,
551832,BIG VALLEY MEDICAL CENTER,Federally Qualified Health Center,other,554 850 MEDICAL CENTER DRIVE,BIEBER,CA,96009,False,no_match,2,
551834,DEATH VALLEY HEALTH CENTER,Federally Qualified Health Center,other,OLD HIGHWAY 127,SHOSHONE,CA,92384,False,no_match,1,
551836,INNERCARE - MECCA,Federally Qualified Health Center,other,"91275 66TH AVENUE, SUITE 500",MECCA,CA,92254,False,no_match,2,
551842,HILL COUNTRY COMMUNITY CLINIC,Federally Qualified Health Center,other,29632 HIGHWAY 299 E,ROUND MOUNTAIN,CA,96084,False,tie,2,
551855,ALCATRAZ AVENUE MEDICAL GROUP,Federally Qualified Health Center,other,1650 ALCATRAZ AVENUE,ALBANY,CA,94710,False,no_match,1,
551857,LASSEN FAMILY URGENT CARE,Federally Qualified Health Center,other,575 HOSPITAL LANE,SUSANVILLE,CA,96130,False,no_match,1,
551862,"CHILDREN'S CLINIC,THE",Federally Qualified Health Center,other,P O BOX 1428,LONG BEACH,CA,90801,False,no_usable_address,0,
551863,WESTERN SIERRA MEDICAL CLINIC INC,Federally Qualified Health Center,other,15301 TYLER FOOTE RD,NEVADA CITY,CA,95959,False,no_match,1,
551864,BAY AREA COMMUNITY HEALTH - LIBERTY CLINIC,Federally Qualified Health Center,other,39500 LIBERTY STREET,FREMONT,CA,94538,False,no_match,2,
551870,TULARE COUNTY HEALTH AND HUMAN SERVICES AGENCY,Federally Qualified Health Center,other,660 EAST VISALIA ROAD,FARMERSVILLE,CA,93223,False,no_match,2,
551943,SONOMA VALLEY COMMUNITY HEALTH CENTER,Federally Qualified Health Center,other,19270 SONOMA HIGHWAY,SONOMA,CA,95476,False,no_match,2,
551944,SONOMA VALLEY COMM HLTH CTR -MOBILE VAN,Federally Qualified Health Center,other,19270 SONOMA HIGHWAY,SONOMA,CA,95476,False,no_match,1,
551945,SONOMA VALLEY COMMUNITY HLTH CNTR THE ANNEX,Federally Qualified Health Center,other,19270 SONOMA HIGHWAY,SONOMA,CA,95476,False,no_match,1,
551948,COLUSA INDIAN HEALTH CLINIC,Federally Qualified Health Center,other,"3710 HIGHWAY 45, SUITE A",COLUSA,CA,95932,False,no_match,2,
551957,VALLEY HEALTH CENTER AT TULLY,Federally Qualified Health Center,other,500 TULLY ROAD,SAN JOSE,CA,95110,False,no_match,2,
551989,FAMILY HEALTHCARE NETWORK,Federally Qualified Health Center,other,30979 ROAD 67,GOSHEN,CA,93227,False,no_match,2,
553820,SEQUOIA FAMILY MEDICAL CENTER,Rural Health Clinic,other,590 WEST PUTNAM AVENUE,PORTERVILLE,CA,93257,False,non_exact_direction,3,"590 E PUTNAM AVE, PORTERVILLE, CA, 93257"
553927,"COALINGA VALLEY HEALTH CLINICS, INC-HURON",Rural Health Clinic,other,"36617 CENTRAL AVENUE,",HURON,CA,93234,False,no_match,2,
553950,SUTTER NORTH BROWNSVILLE FAMILY PRACTICE CTR,Rural Health Clinic,other,16911 WILLOW GLEN ROAD,BROWNSVILLE,CA,95919,False,no_match,2,
553985,GRAEAGLE MEDICAL CLINIC RHC,Rural Health Clinic,other,7597 HIGHWAY 89,GRAEAGLE,CA,96103,False,no_match,2,
553998,MEMORIAL HOSP LOS BANOS RURAL,Rural Health Clinic,other,1253 WEST I STREET,LOS BANOS,CA,93635,False,no_match,2,
558901,VALLEY SPRINGS HEALTH & WELLNESS CENTER,Rural Health Clinic,other,51 WELLNESS WAY,VALLEY SPRINGS,CA,95252,False,no_match,1,
751074,ONE COMMUNITY HEALTH,Federally Qualified Health Center,other,1500 21ST STREET,SACRAMENTO,CA,95811,False,no_match,2,
751078,UNITED HEALTH CENTERS OF THE SAN JOAQUIN  VALLEY,Federally Qualified Health Center,other,429 E MANNING AVE,PARLIER,CA,93648,False,no_match,1,
751114,RANCHO CIELO,Federally Qualified Health Center,other,710 OLD STAGE ROAD,SALINAS,CA,93908,False,no_match,1,
751121,"VIA CARE COMMUNITY HEALTH CENTER, INC",Federally Qualified Health Center,other,507 SOUTH ATLANTIC BLVD,LOS ANGELES,CA,90022,False,no_match,2,
751130,LIFELONG ASHBY HEALTH CENTER,Federally Qualified Health Center,other,"3075 ADELINE STREET, SUITE 280",BERKELEY,CA,94703,False,no_match,2,
751146,COASTAL HEALTH ALLIANCE,Federally Qualified Health Center,other,503 B STREET,POINT REYES STATION,CA,94956,False,no_match,1,
751152,ACHIEVABLE HEALTH,Federally Qualified Health Center,other,"5901 GREEN VALLEY CIRCLE, SUITE 405",CULVER CITY,CA,90230,False,no_match,1,
751811,"UNICARE COMMUNITY HEALTH CENTER, INC",Federally Qualified Health Center,other,570 S MOUNT VERNON AVE SUITE G,SAN BERNARDINO,CA,92410,False,non_exact_direction,2,"570 N MOUNT VERNON AVE, SAN BERNARDINO, CA, 92411"
751820,FAMILY HEALTHCARE NETWORK,Federally Qualified Health Center,other,4177 AVENUE 368,TRAVER,CA,93673,False,no_match,1,
751833,ALTAMED PACE - GRAND PLAZA,Federally Qualified Health Center,other,701 CESAR E CHAVEZ AVE,LOS ANGELES,CA,90012,False,tie,1,
751864,BRIGHTER BEGINNINGS FAMILY HEALTH CLINIC,Federally Qualified Health Center,other,3505 LONE TREE WAY STE 1,ANTIOCH,CA,94509,False,no_match,1,
751879,"TIBURCIO VASQUEZ HEALTH CENTER, INC.",Federally Qualified Health Center,other,28300 HUNTWOOD AVE,HAYWARD,CA,94544,False,no_match,1,
751887,FAIR OAKS HEALTH CENTER,Federally Qualified Health Center,other,2710 MIDDLEFIELD ROAD,REDWOOD CITY,CA,94063,False,no_match,2,
751935,FAMILY HEALTHCARE NETWORK,Federally Qualified Health Center,other,927 S CENTER ST,PIXLEY,CA,93256,False,no_match,1,
751950,SAN YSIDRO HEALTH SOUTH BAY,Federally Qualified Health Center,other,330-340 E 8TH STREET,SAN DIEGO,CA,92154,False,non_exact_house_number,2,"340 E 8TH ST, NATIONAL CITY, CA, 91950"
751976,GOLDEN VALLEY HEALTH CENTERS,Federally Qualified Health Center,other,198 N G STREET,EMPIRE,CA,95319,False,non_exact_direction,2,"198 S G ST, EMPIRE, CA, 95319"
751983,GARDNER PACKARD CHILDREN'S HEALTH CENTER,Federally Qualified Health Center,other,"3351 EL CAMINO REAL, SUITE 100",ATHERTON,CA,94027,False,no_match,1,
921010,REDDING RANCHERIA TRINITY HEALTH CENTER,Federally Qualified Health Center,other,81 ARBUCKLE CT,WEAVERVILLE,CA,96093,False,no_match,1,
921065,"NORTHERN VALLEY INDIAN HEALTH, INC",Federally Qualified Health Center,other,"500 COHASSET ROAD, SUITE 15",CHICO,CA,95926,False,no_match,1,
921086,NEWHALL HEALTH CENTER,Federally Qualified Health Center,other,23413 LYONS AVENUE,SANTA CLARITA,CA,91355,False,no_match,2,
921088,FAMILY HEALTHCARE NETWORK,Federally Qualified Health Center,other,255 N HERWALDT DRIVE,FRESNO,CA,93701,False,no_match,1,
921092,WELLSPACE HEALTH AMADOR COMMUNITY HEALTH CENTER,Federally Qualified Health Center,other,11333 PROSPECT DRIVE,MARTELL,CA,95654,False,no_match,1,
921133,FAMILY HEALTHCARE NETWORK,Federally Qualified Health Center,other,"2210 EAST ILLINOIS AVE, SUITE 206",FRESNO,CA,93701,False,no_match,1,
921136,ARIA COMMUNITY HEALTH CENTER,Federally Qualified Health Center,other,"858 N CHERRY ST, STE E",TULARE,CA,93274,False,no_match,1,
921138,FAMILY HEALTHCARE NETWORK,Federally Qualified Health Center,other,1008 NORTH CHERRY STREET,TULARE,CA,93274,False,no_match,2,
921155,COMMUNITY HEALTH CENTERS NEW,Federally Qualified Health Center,other,4711 HIGHWAY #166,NEW CUYAMA,CA,93254,False,no_match,2,
921192,ARIA COMMUNITY HEALTH CENTER,Federally Qualified Health Center,other,"858 N CHERRY ST, SUITE F",TULARE,CA,93274,False,no_match,1,
921822,WESLEY HEALTH CENTERS - MLK RECUPERATIVE CARE CENT,Federally Qualified Health Center,other,"1670 E 120TH ST, WEST SUPPORT BUILDING 14 FLOOR 1",LOS ANGELES,CA,90059,False,non_exact_direction,2,"1670 W 120TH ST, LOS ANGELES, CA, 90047"
921823,THE ROADS FOUNDATION INC,Federally Qualified Health Center,other,4800 E LOS COYOTES DIAGONAL,LONG BEACH,CA,90815,False,no_match,1,
921864,FAMILY HEALTHCARE NETWORK,Federally Qualified Health Center,other,682 E VISALIA ROAD,FARMERSVILLE,CA,93223,False,no_match,2,
921895,UNITED HEALTH CENTERS OF THE SAN JOAQUIN VALLEY,Federally Qualified Health Center,other,17008 13TH STREET,HURON,CA,93234,False,no_match,1,
921910,SAC HEALTH SYSTEM CVRM MANILA,Federally Qualified Health Center,other,84110 MANILA AVENUE #B,INDIO,CA,92201,False,no_match,2,
921912,"CAMARENA HEALTH-MATILDA TORRES HIGH SCHOOL, SCHOOL",Federally Qualified Health Center,other,16645 ROAD 26,MADERA,CA,93638,False,no_match,1,
921915,GOLDEN PLAINS UNIFIED SCHOOL DISTRICT COMMUNITY HC,Federally Qualified Health Center,other,6171 S DANIELS AVENUE,TRANQUILLITY,CA,93668,False,no_match,2,
A01000,ORCHARD MEDICAL CENTER,Federally Qualified Health Center,other,555 6TH ST,ORANGE COVE,CA,93646,False,no_match,1,
A01031,SAN YSIDRO HEALTH JULIAN FAMILY MEDICINE,Federally Qualified Health Center,other,2721 WASHINGTON ST,JULIAN,CA,92036,False,no_match,1,
A01043,FRIENDS OF FAMILY HEALTH CENTER,Federally Qualified Health Center,other,1129 W 4TH ST,ONTARIO,CA,91762,False,tie,1,
A01049,UNITED HEALTH CENTERS OF THE SAN JOAQUIN VALLEY,Federally Qualified Health Center,other,2705 S HIGHLAND AVE,SELMA,CA,93662,False,no_match,1,
A01052,UNITED HEALTH CENTERS OF THE SAN JOAQUIN VALLEY,Federally Qualified Health Center,other,2497 E HERNDON AVE,CLOVIS,CA,93611,False,no_match,1,
A01063,ST. MARY HEALTH CENTERS - AV,Federally Qualified Health Center,other,"18077 US HIGHWAY 18, STE 100",APPLE VALLEY,CA,92307,False,no_match,1,
A01099,MACT HEALTH & WELLNESS,Federally Qualified Health Center,other,"940 SYLVA LN, STE B",SONORA,CA,95370,False,no_match,1,
A01100,NEIGHBORHOOD HEALTHCARE FALLBROOK,Federally Qualified Health Center,other,1309 S MISSION RD STE B,FALLBROOK,CA,92028,False,non_exact_direction,1,"1309 E MISSION RD, FALLBROOK, CA, 92028"
A01109,UNITED HEALTH CENTERS OF THE SAN JOAQUIN VALLEY,Federally Qualified Health Center,other,1545 MALL DRIVE,HANFORD,CA,93230,False,no_match,2,
A01114,SANTA ROSA INDIAN HEALTH CLINIC,Federally Qualified Health Center,other,65175 STATE HIGHWAY 74,MOUNTAIN CENTER,CA,92561,False,no_match,1,
A01149,TODOS PARA LA SALUD,Federally Qualified Health Center,other,7225-7227 RESEDA BLVD,RESEDA,CA,91335,False,non_exact_house_number,1,"7227 RESEDA BLVD, RESEDA, CA, 91335"
A01151,SVCHC OPTOMETRY CENTER,Federally Qualified Health Center,other,"19312 SONOMA HIGHWAY, SUITE B",SONOMA,CA,95476,False,no_match,1,
A01810,CAMARENA HEALTH-TESORO VIEJO,Federally Qualified Health Center,other,4148 TOWN CENTER BLVD,MADERA,CA,93636,False,no_match,1,
A01818,UNITED HEALTH CENTERS OF THE SAN JOAQUIN VALLEY,Federally Qualified Health Center,other,2210 E ILLINOIS AVE STE 501,FRESNO,CA,93701,False,no_match,1,
A01856,"ALTAMED MEDICAL AND DENTAL GROUP-EL MONTE, PECK",Federally Qualified Health Center,other,3703 PECK RD,EL MONTE,CA,91731,False,no_match,1,
A01900,AMPLA HEALTH FAMILY DENTAL & MEDICAL,Federally Qualified Health Center,other,285 COHASSET RD,CHICO,CA,95926,False,tie,1,
A01920,SACRAMENTO COMMUNITY CLINIC - B. TERI BURNS,Federally Qualified Health Center,other,3314 FONG RANCH RD,SACRAMENTO,CA,95834,False,no_match,1,
A01930,ELM DENTAL CENTER,Federally Qualified Health Center,other,2756 S ELM AVE,EASTON,CA,93706,False,no_match,2,
A01943,COMPLETE CARE COMMUNITY HEALTH CENTER - VISALIA,Federally Qualified Health Center,other,"220 S AKERS ST, UNIT D",VISALIA,CA,93291,False,no_match,1,
A01981,M AC T HEALTH BOARD INCORPORATED,Federally Qualified Health Center,other,"940 SYLVA LN, STE H",SONORA,CA,95370,False,no_match,1,
A01982,NEIGHBORHOOD HEALTHCARE- MEAD VALLEY,Federally Qualified Health Center,other,21705 MARTIN ST,PERRIS,CA,92570,False,no_match,1,
A01986,UNITED HEALTH CENTERS OF THE SAN JOAQUIN VALLEY,Federally Qualified Health Center,other,255 N HERWALDT DR,FRESNO,CA,93701,False,no_match,1,
A11026,UNITED HEALTH CENTERS OF THE SAN JOAQUIN VALLEY,Federally Qualified Health Center,other,290 N WAYTE LN,FRESNO,CA,93701,False,no_match,2,
A11034,SHARE OUR SELVES AT COSTA MESA,Federally Qualified Health Center,other,1650 ADAMS AVE,COSTA MESA,CA,92626,False,no_match,1,
A11037,CENTRAL CITY COMMUNITY HEALTH CENTER INC,Federally Qualified Health Center,other,"4160 N. MAIN AVENUE, STE B1-B3",BALDWIN PARK,CA,91706,False,no_match,1,
A11039,M A C T HEALTH BOARD INCORPORATED,Federally Qualified Health Center,other,"940 SYLVA LN, STE A",SONORA,CA,95370,False,no_match,1,
A11044,M A C T HEALTH BOARD INCORPORATED,Federally Qualified Health Center,other,321 HIGHWAY 49,SUTTER CREEK,CA,95685,False,no_match,1,
A11052,M A C T HEALTH BOARD INCORPORATED,Federally Qualified Health Center,other,367 CREEKSIDE DR,BEAR VALLEY,CA,95223,False,no_match,1,
A11056,UNITED HEALTH CENTERS OF THE SAN JOAQUIN VALLEY,Federally Qualified Health Center,other,122 E CESAR CHAVEZ BLVD,EASTON,CA,93706,False,no_match,2,
061000,SALUD FAMILY HEALTH CENTERS,Federally Qualified Health Center,other,605 EDUCATION AVENUE,FORT MORGAN,CO,80701,False,no_match,1,
061017,VALLEY WIDE BUENA VISTA,Federally Qualified Health Center,other,707 U S HIGHWAY 24 NORTH,BUENA VISTA,CO,81211,False,no_match,1,
061051,"MOUNTAIN FAMILY HEALTH CENTERS, GYPSUM",Federally Qualified Health Center,other,410 MCGREGOR DRIVE,GYPSUM,CO,81637,False,no_match,1,
061060,VALLEY-WIDE SUPPORT SERVICES - LAMAR,Federally Qualified Health Center,other,3500 1ST ST S,LAMAR,CO,81052,False,tie,1,
061062,VALLEY-WIDE COUNSELING AND SUPPORT CENTER - EADS,Federally Qualified Health Center,other,14833 S RITTGERS ST,EADS,CO,81036,False,no_match,1,
061806,UNCOMPAHGRE MEDICAL CENTER,Federally Qualified Health Center,other,"1350 ASPEN STREET, POST OFFICE BOX 280",NORWOOD,CO,81423,False,no_match,1,
061818,V W H S - CESAR E CHAVEZ FAMILY MEDICAL CENTER,Federally Qualified Health Center,other,186 N HURT,CENTER,CO,81125,False,wrong_county,1,"186 N HURT ST, CENTER, CO, 81125"
061819,V W H S - SAN LUIS HEALTH CENTER,Federally Qualified Health Center,other,15454 HIGHWAY 159,SAN LUIS,CO,81152,False,no_match,1,
061837,MOUNTAIN FAMILY HEALTH CENTERS,Federally Qualified Health Center,other,"20 EAST LAKEVIEW DRIVE, SUITE 205",NEDERLAND,CO,80466,False,no_match,1,
061853,V W H S - MOFFAT FAMILY HEALTH CLINIC,Federally Qualified Health Center,other,545 MOFFAT WAY,MOFFAT,CO,81143,False,no_match,1,
061854,C C F H S - CLINICA CAMPESINA FAMILY HEALTH,Federally Qualified Health Center,other,1701 WEST 72ND AVENUE,DENVER,CO,80224,False,wrong_county,1,"1701 W 72ND AVE, DENVER, CO, 80221"
061879,PEAK VISTA C H C - DIVIDE HEALTH CLINIC,Federally Qualified Health Center,other,11115 HIGHWAY 24,DIVIDE,CO,80814,False,no_match,1,
061887,M C P N - LITTLETON HEALTH AND WELLNESS CENTER,Federally Qualified Health Center,other,3515 SOUTH DELAWARE STREET,LITTLETON,CO,80120,False,no_match,1,
061893,PEAK VISTA C H C - PEAK VISTA DISTRICT TWO,Federally Qualified Health Center,other,1060 HARRISON ROAD,COLORADO SPRINGS,CO,80906,False,no_match,1,
061900,M C P N - PLATTE CANYON CLINIC,Federally Qualified Health Center,other,DEER CREEK CORNERS - 460 COUNTY ROAD 43A,BAILEY,CO,80421,False,no_match,1,
061923,SUMMIT COMMUNITY CARE CLINIC INC,Federally Qualified Health Center,other,"360 PEAK ONE DRIVE, SUITE 100",FRISCO,CO,80443,False,no_match,1,
061949,HEALTH CENTER AT ACADEMY SOUTH,Federally Qualified Health Center,other,3207 NORTH ACADEMY SOUTH,COLORADO SPRINGS,CO,80917,False,non_exact_direction,1,"3207 N ACADEMY BLVD, COLORADO SPRINGS, CO, 80917"
061952,FT LYON HEALTH CARE FOR THE HOMELESS,Federally Qualified Health Center,other,"30999 COUNTY ROAD 15, BUILDING 5",LAS ANIMAS,CO,81054,False,no_match,1,
061953,HIGH PLAINS HOLLY CLINIC,Federally Qualified Health Center,other,410 WEST COLORADO,HOLLY,CO,81047,False,non_exact_direction,1,"410 E COLORADO ST, HOLLY, CO, 81047"
061957,SCHOOL BASED HEALTH CLINIC - SUMMIT HIGH SCHOOL,Federally Qualified Health Center,other,16201 HIGHWAY 9,BRECKENRIDGE,CO,80424,False,no_match,1,
061959,SUMMIT COMMUNITY CARE CLINIC INC,Federally Qualified Health Center,other,101 HAMILTON CREEK ROAD,SILVERTHORNE,CO,80498,False,no_match,1,
061963,SOUTHERN UTE INDIAN TRIBE,Federally Qualified Health Center,other,SOUTHERN UTE HEALTH CENTER,IGNACIO,CO,81137,False,no_match,1,
061965,URBEN PEAK,Federally Qualified Health Center,other,1630 SOUTH ACOMA STREET,DENVER,CO,80233,False,wrong_county,1,"1630 S ACOMA ST, DENVER, CO, 80223"
061977,ALAMOSA SOUTH HEALTH CENTER,Federally Qualified Health Center,other,"8745 COUNTY ROAD 9, SOUTH BUILDING C, SUITE C",ALAMOSA,CO,81101,False,no_match,1,
063403,MEEKER FAMILY HEALTH CENTER,Rural Health Clinic,other,100 PIONEERS MEDICAL CENTER DR,MEEKER,CO,81641,False,no_match,1,
063406,SOUTHWEST SCHOOL-BASED HEALTH CENTER,Rural Health Clinic,other,418 S SLIGO ST,CORTEZ,CO,81321,False,non_exact_direction,1,"418 N SLIGO ST, CORTEZ, CO, 81321"
063416,MIDDLE PARK MEDICAL CENTER,Rural Health Clinic,other,1000 GRANBY PARK DRIVE SOUTH,GRANBY,CO,80446,False,no_match,1,
063418,SALIDA HEALTH CENTER,Rural Health Clinic,other,550 W US HWY 50,SALIDA,CO,81201,False,no_match,2,
063419,SAGUACHE HEALTH CENTER,Rural Health Clinic,other,405 DENVER AVE,SAGUACHE,CO,81149,False,no_match,2,
063979,BANNER FAMILY MEDICINE BRUSH,Rural Health Clinic,other,2400 W EDISON,BRUSH,CO,80723,False,no_match,2,
063980,GRAND RIVER PRIMARY CARE,Rural Health Clinic,other,501 AIRPORT ROAD,RIFLE,CO,81650,False,no_match,3,
063985,PRAIRIE VIEW RURAL HEALTH CLINIC,Rural Health Clinic,other,615 WEST 5TH NORTH,CHEYENNE WELLS,CO,80810,False,no_match,2,
063986,BUENA VISTA HEALTH CENTER,Rural Health Clinic,other,28374 COUNTY ROAD 317,BUENA VISTA,CO,81211,False,no_match,2,
063992,SAN LUIS VALLEY HEALTH ANTONITO CLINIC,Rural Health Clinic,other,115 MAIN STREET,ANTONITO,CO,81120,False,no_match,1,
063999,KIT CARSON CLINIC,Rural Health Clinic,other,102 EAST 2ND AVENUE,KIT CARSON,CO,80825,False,non_exact_direction,1,"102 W 2ND AVE, KIT CARSON, CO, 80825"
068509,PAGOSA SPRINGS MEDICAL CENTER,Rural Health Clinic,other,95 SOUTH PAGOSA BLVD,PAGOSA SPRINGS,CO,81147,False,non_exact_direction,2,"95 N PAGOSA BLVD, PAGOSA SPRINGS, CO, 81147"
068531,KIT CARSON CLINIC,Rural Health Clinic,other,102 E 2ND AVE,KIT CARSON,CO,80825,False,non_exact_direction,1,"102 W 2ND AVE, KIT CARSON, CO, 80825"
071029,WHEELER CLINIC INC,Federally Qualified Health Center,other,1 HOPE STREET,BRISTOL,CT,06010,False,no_match,1,
071033,FAMILY CENTERS INC,Federally Qualified Health Center,other,"75 HOLLY HILL LN, STE 102",GREENWICH,CT,06830,False,no_match,1,
071813,"GENERATIONS FAMILY HEALTH CENTER, INC",Federally Qualified Health Center,other,330 WASHINGTON ST,NORWICH,CT,06360,False,no_match,1,
071825,CORNELL SCOTT-HILL HEALTH CORP,Federally Qualified Health Center,other,400-428 COLUMBUS AVE,NEW HAVEN,CT,06519,False,non_exact_house_number,1,"428 COLUMBUS AVE, NEW HAVEN, CT, 06519"
071843,COMMUNITY HEALTH CENTER OF NORWALK,Federally Qualified Health Center,other,49 DAT ST UNIT A,NORWALK,CT,06854,False,no_match,1,
071856,SOUTH PARK INN,Federally Qualified Health Center,other,75 MAIN STREET,HARTFORD,CT,06105,False,tie,1,
071871,WATERFORD COUNTRY SCHOOL,Federally Qualified Health Center,other,78 HUNTSBROOK ROAD,QUAKER HILL,CT,06375,False,no_match,1,
071882,WYA AT SHELTER NOW,Federally Qualified Health Center,other,42 SAINT CASIMIR DRIVE,MERIDEN,CT,06450,False,no_match,1,
071887,WYA AT FRIENDSHIP CENTER,Federally Qualified Health Center,other,241-249 ARCH STREET,NEW BRITAIN,CT,06050,False,non_exact_house_number,1,"249 ARCH ST, NEW BRITAIN, CT, 06051"
071888,MANCHESTER COMMUNITY HEALTH SERVICES,Federally Qualified Health Center,other,HOWELL CHENEY TECHNICAL HIGH,MANCHESTER,CT,06040,False,no_match,1,
071894,"UNITED COMMUNITY AND FAMILY SERVICES, INC",Federally Qualified Health Center,other,120-122 PLAINFIELD ROAD,MOOSUP,CT,06354,False,tie,1,
071898,CORNELL SCOTT-HILL HEALTH CENTER,Federally Qualified Health Center,other,"34 PARK STREET, #168",NEW HAVEN,CT,06519,False,tie,1,
071917,FIRST CHOICE HEALTH CENTERS INC,Federally Qualified Health Center,other,MAPLE STREET SCHOOL 20 MAPLE STREET,VERNON,CT,06066,False,non_exact_house_number,1,"20 MAPLE ST, VERNON, CT, 06066"
091844,"ELAINE ELLIS CENTER OF HEALTH, INC",Federally Qualified Health Center,other,"1627 KENILWORTH AVENUE, NE",WASHINGTON,DC,20019,False,no_match,1,
091848,WHITMAN-WALKER HEALTH,Federally Qualified Health Center,other,1201 SYCAMORE DR SE,WASHINGTON,DC,20032,False,no_match,1,
091864,HEALTH CARE FOR THE HOMELESS PROJECT INC,Federally Qualified Health Center,other,"1615 NEW YORK AVENUE, NE",WASHINGTON,DC,20002,False,no_match,1,
081802,WESTSIDE HEALTH SERVICE,Federally Qualified Health Center,other,ADAMS FOUR SHIPPING PLAZA SUITE 401,WILMINGTON,DE,19801,False,no_match,1,
081804,WESTSIDE HEALTH BROOKSIDE,Federally Qualified Health Center,other,27 MARROWS ROAD,NEWARK,DE,19713,False,no_match,1,
081808,LA RED HEALTH CENTER,Federally Qualified Health Center,other,1444 CARMEAN WAY,GEORGETOWN,DE,19947,False,no_match,1,
101043,CARE RESOURCE,Federally Qualified Health Center,other,871 W OAKLAND PARK BLVD,WILTON MANORS,FL,33311,False,no_match,1,
101063,"FAMILY HEALTH CENTERS OF SOUTHWEST FLORIDA, INC",Federally Qualified Health Center,other,11100 SUMMER RIDGE LANE,FORT MYERS,FL,33908,False,no_match,1,
101095,CREEKSIDE FAMILY PRACTICE,Federally Qualified Health Center,other,1265 CREEKSIDE PKWY STE 206,NAPLES,FL,34108,False,tie,1,
101100,"MOORE HAVEN, CHC",Federally Qualified Health Center,other,1021 HEALTH PARK DRIVE,MOORE HAVEN,FL,33471,False,no_match,1,
101113,STUART COMMUNITY HEALTH CENTER,Federally Qualified Health Center,other,3441 SE WILLOUGHBY BLVD,STUART,FL,34994,False,no_match,1,
101121,GARDEN CITY,Federally Qualified Health Center,other,400 N RIVERSIDE DR,INDIAN HARBOR BEACH,FL,32937,False,no_match,1,
101131,"PREMIER COMMUNITY HEALTHCARE GROUP, INC",Federally Qualified Health Center,other,6860 MEDICAL VIEW LN,ZEPHYRHILLS,FL,33542,False,no_match,1,
101143,CENTRAL FLORIDA HEALTH CARE INC -- HARDEE,Federally Qualified Health Center,other,807 COBB CT,WACHULA,FL,33873,False,no_match,2,
101158,PALMS MEDICAL GROUP,Federally Qualified Health Center,other,211 RANCHERA STREET NW,LIVE OAK,FL,32064,False,no_match,1,
101165,"SUNCOAST COMMUNITY HEALTH CENTERS, INC.",Federally Qualified Health Center,other,16621 LAGOON SHORE BOULEVARD,WIMAUMA,FL,33598,False,no_match,3,
101168,"BORINQUEN HEALTH CENTER, INC",Federally Qualified Health Center,other,11880 BIRD RD,MIAMI,FL,33175,False,no_match,1,
101177,"CENTRAL FLORIDA FAMILY HEALTH CENTER, INC",Federally Qualified Health Center,other,4949 SILVER STAR ROAD,ORLANDO,FL,32808,False,no_match,1,
101178,"FAMILY HEALTH CENTERS OF SOUTHWEST FLORIDA, INC",Federally Qualified Health Center,other,19701 S TAMIAMI TRAIL,FORT MYERS,FL,33908,False,no_match,2,
101820,LIBERTY COUNTY HEALTH DEPARTMENT,Federally Qualified Health Center,other,10971 NW SPRING STREET,BRISTOL,FL,32321,False,no_match,1,
101863,WINTER GARDEN CHILDREN'S CENTER,Federally Qualified Health Center,other,205 DILLARD ST,WINTER GARDEN,FL,34787,False,tie,1,
101893,TAMPA COMMUNITY HLTH CTR INC OAK PARK,Federally Qualified Health Center,other,4916  10TH AVE BOX 5299,TAMPA,FL,33675,False,tie,1,
101935,CENTRAL FL HEALTH CARE-DUNDEE,Federally Qualified Health Center,other,916 HWY 542,DUNDEE,FL,33838,False,no_match,2,
101976,PALM BAY CLINIC,Federally Qualified Health Center,other,"5270 BABCOCK STREET, NE, SUITE 1",PALM BAY,FL,32905,False,no_match,2,
103440,DOCTORS MEMORIAL FAMILY MEDICINE,Rural Health Clinic,other,117 SW VIRGINIA CIRCLE,MAYO,FL,32066,False,no_match,1,
103451,CALHOUN LIBERTY PRIMARY CARE CLINIC,Rural Health Clinic,other,20370 NE BURNS AVE,BLOUNTSTOWN,FL,32424,False,no_match,1,
103459,WEEMS MEDICAL CENTER EAST,Rural Health Clinic,other,110 NE 5TH STREET,CARRABELLE,FL,32322,False,non_exact_direction,2,"110 5TH ST E, CARRABELLE, FL, 32322"
103819,COPELAND CLINIC,Rural Health Clinic,other,10820 MARVIN E JONES BLVD,LIVE OAK,FL,32060,False,no_match,1,
103882,MOHAMMAD YUNUS MD RURAL HEALTH CARE,Rural Health Clinic,other,404 EAST HIGHWAY 90,BONIFAY,FL,32425,False,no_match,2,
103903,GRACE HEALTHCARE SOLUTIONS INC,Rural Health Clinic,other,"7368 STATE RD 15, US 441",PAHOKEE,FL,33476,False,no_match,1,
103924,PROFESSIONAL PEDIATRICS,Rural Health Clinic,other,1050 US HWY 27 N,CLERMONT,FL,34714,False,no_match,1,
103931,NORTH FLORIDA PEDIATRICS PA,Rural Health Clinic,other,1859 SW NEWLAND WAY,LAKE CITY,FL,32025,False,no_match,1,
108906,NORTH FLORIDA PEDIATRICS,Rural Health Clinic,other,1117 NW US HWY 41 STE B,JASPER,FL,32052,False,no_match,2,
108940,CHILDREN'S MEDICAL CENTER,Rural Health Clinic,other,6704 E MT VERNON STREET,GLEN SAINT MARY,FL,32040,False,no_match,2,
108981,EXCEL PEDIATRICS,Rural Health Clinic,other,265 CITRUS TOWER BLVD STE 102,CLERMONT,FL,34711,False,no_match,1,
681023,TOTAL WOMEN'S CARE,Federally Qualified Health Center,other,1890 SW HEALTH PARKWAY,NAPLES,FL,34109,False,no_match,2,
681046,ECC DENTAL,Federally Qualified Health Center,other,1295 W FAIRFIELD DR,PENSACOLA,FL,32501,False,non_exact_direction,1,"1295 E FAIRFIELD DR, PENSACOLA, FL, 32501"
681103,PRIMARY CARE MEDICAL SERVICES OF POINCIANA,Federally Qualified Health Center,other,1501-1507 BILL BECK BLVD,KISSIMMEE,FL,34744,False,non_exact_house_number,2,"1507 BILL BECK BLVD, KISSIMMEE, FL, 34744"
681107,PAN CARE OF FLORIDA,Federally Qualified Health Center,other,278-A CHURCH RD,BRUCE,FL,32455,False,wrong_county,1,"278 CHURCH RD, BRUCE, FL, 32455"
681109,PANCARE GULF,Federally Qualified Health Center,other,401 CECIL G COSTIN SR BLVD,PORT SAINT JOE,FL,32456,False,no_match,1,
681123,NORTH MONROE MEDICAL CENTER,Federally Qualified Health Center,other,3721 N MONROE ST,TALLAHASSEE,FL,32303,False,no_match,1,
681125,OSCEOLA COMMUNITY HEALTH SERVICES IN BVL,Federally Qualified Health Center,other,2622 SIMPSON ROAD,KISSIMMEE,FL,34744,False,no_match,2,
681132,FAMILY CARE NORTH,Federally Qualified Health Center,other,"1265 CREEDSIDE PARKWAY, SUITE 206",NAPLES,FL,34108,False,tie,2,
681136,THOMAS E LANGLEY MEDICAL CENTER,Federally Qualified Health Center,other,"547 SE FORT TRAIN ISLAND, SUITE E",CRYSTAL RIVER,FL,34429,False,no_match,1,
681146,TAMPA FAMILY HEALTH CENTERS INC,Federally Qualified Health Center,other,12085 W HILLSBOROUGH AVE,TAMPA,FL,33635,False,no_match,1,
681161,MCR HEALTH INC,Federally Qualified Health Center,other,"300 RIVERSIDE DR E, STE 1500",WESLEY CHAPEL,FL,33545,False,no_match,1,
681803,"CITRUS HEALTH NETWORK, INC.",Federally Qualified Health Center,other,1645-A SOUTH WEST 107TH AVENUE,MIAMI,FL,33165,False,non_exact_direction,1,"1645 SW 107TH AVE, MIAMI, FL, 33165"
681903,FLORIDA ATLANTIC UNIVERSITY,Federally Qualified Health Center,other,1650 OSCEOLA DRIVE,WEST PALM BEACH,FL,33409,False,no_match,2,
681955,FLORIDA COMMUNITY HEALTH CENTERS INC,Federally Qualified Health Center,other,9576 US HWY 1,FORT PIERCE,FL,34952,False,no_match,2,
683842,BRADEN CLINIC LLC,Rural Health Clinic,other,5068 ANNUNCIATION CIR UNIT 111,AVE MARIA,FL,34142,False,no_match,1,
691149,TRUE HEALTH,Federally Qualified Health Center,other,905 HISTORIC GOLDSBORO BLVD,SANFORD,FL,32771,False,no_match,1,
691196,PALMS MEDICAL GROUP,Federally Qualified Health Center,other,"2349 VILLAGE SQUARE PKWY, STE 110-111",FLEMING ISLAND,FL,32003,False,no_match,1,
691914,BREVARD HEALTH ALLIANCE INC,Federally Qualified Health Center,other,2000 COMMERCE DR,MELBOURNE,FL,32904,False,no_match,1,
C11009,"HEART OF FLORIDA HEALTH CENTER, INC",Federally Qualified Health Center,other,4595 W HIGHWAY 316,FLEMINGTON,FL,32686,False,no_match,2,
C11038,HEALTHCARE NETWORK,Federally Qualified Health Center,other,"1265 CREEKSIDE PKWY, STE 208",NAPLES,FL,34108,False,tie,1,
C11060,CENTRAL FLORIDA HEALTH CARE INC,Federally Qualified Health Center,other,"1350 E MAIN ST, STE A-5",BARTOW,FL,33830,False,no_match,1,
C11073,TRUE HEALTH,Federally Qualified Health Center,other,225 HARVEST TIME DR,SANFORD,FL,32771,False,no_match,1,
C11075,SMA HEALTHCARE INC,Federally Qualified Health Center,other,301 DR CARTER BLVD,BUNNELL,FL,32110,False,no_match,1,
C11081,HEALTHCARE NETWORK,Federally Qualified Health Center,other,13753 IMMOKALEE RD,NAPLES,FL,34120,False,no_match,1,
111001,CARECONNECT PEDIATRICS,Federally Qualified Health Center,other,"506C SPAULDING RD, SUITE B",MONTEZUMA,GA,31063,False,wrong_county,1,"506C SPAULDING RD, MONTEZUMA, GA, 31063"
111003,TRICOUNTY HEALTH SYSTEM-GIBSON,Federally Qualified Health Center,other,702 WEST MAIN STREET,GIBSON,GA,30810,False,non_exact_direction,2,"702 E MAIN ST, GIBSON, GA, 30810"
111004,TRICOUNTY HEALTH SYSTEM-WARRENTON,Federally Qualified Health Center,other,1008 ATLANTA HWY,WARRENTON,GA,30828,False,no_match,1,
111007,SAINT JOSEPH'S MERCY CARE-THE IMPERIAL,Federally Qualified Health Center,other,355 PEACHTREE STREET NE,ATLANTA,GA,30308,False,wrong_county,1,"355 W PEACHTREE ST NE, ATLANTA, GA, 30308"
111034,TERRELL COUNTY SCHOOL-BASED HEALTH CENTER,Federally Qualified Health Center,other,455 GREENWAVE BLVD.,DAWSON,GA,39842,False,no_match,2,
111039,PEDIATRIC URGENT CARE,Federally Qualified Health Center,other,"1007 EAST 16 AVENUE, SUITE A",CORDELE,GA,31015,False,no_match,2,
111042,"NEIGHBORHOOD IMPROVEMENT PROJECT, INC.",Federally Qualified Health Center,other,"480 MARTIN LUTHER KING, JR. ROAD, LOT B",KEYSVILLE,GA,30816,False,tie,2,
111072,PRIMARY CARE OF SOUTHWEST GEORGIA  TCMS,Federally Qualified Health Center,other,4681 US HIGHWAY 84 BYPASS W,THOMASVILLE,GA,31792,False,no_match,2,
111075,"OAKHURST MEDICAL CENTERS, INC.",Federally Qualified Health Center,other,"550 PEACHTREE STREET NE , SUITE 1600",ATLANTA,GA,30308,False,wrong_county,2,"550 PEACHTREE ST, ATLANTA, GA, 30308"
111089,MEDLINK RABUN NORTH,Federally Qualified Health Center,other,773 NORTH MAIN STREET,CLAYTON,GA,30525,False,non_exact_direction,2,"773 S MAIN ST, CLAYTON, GA, 30525"
111091,"THE FAMILY HEALTH CENTERS OF GEORGIA, INC.",Federally Qualified Health Center,other,"910 DANNON VIEW SW, STE 2102",ATLANTA,GA,30331,False,no_match,1,
111093,"NEIGHBORHOOD IMPROVEMENT PROJECT, INC.",Federally Qualified Health Center,other,1111 GARREDD BLVD.,AUGUSTA,GA,30909,False,no_match,2,
111095,EVANS HEALTH AND WELLNESS CENTER,Federally Qualified Health Center,other,6459 US HIGHWAY 301,CLAXTON,GA,30417,False,no_match,1,
111100,CARECONNECT SCHOOL CLINIC,Federally Qualified Health Center,other,360 GA HWY 26,CUSSETA,GA,31805,False,wrong_county,2,"117 BROAD ST, BUENA VISTA, GA, 31803"
111105,"SOUTHWEST GEORGIA HEALTHCARE CLINICS, INC.",Federally Qualified Health Center,other,205 BRESEE ST,DONALSONVILLE,GA,39845,False,no_match,1,
111109,"COMMUNITY HEALTH CARE SYSTEMS, INC.",Federally Qualified Health Center,other,"557A BROAD ST, NW",CRAWFORDVILLE,GA,30631,False,wrong_county,1,"557A BROAD ST, CRAWFORDVILLE, GA, 30631"
111118,"GEORGIA MOUNTAINS HEALTH SERVICES, INC.",Federally Qualified Health Center,other,4560 OLD HIGHWAY 76,BLUE RIDGE,GA,30513,False,no_match,1,
111127,"NEIGHBORHOOD IMPROVEMENT PROJECT, INC",Federally Qualified Health Center,other,1115 GARREDD BLVD,AUGUSTA,GA,30909,False,no_match,1,
111132,NEIGHBORHOOD IMPROVEMENT PROJECT INC.,Federally Qualified Health Center,other,1113 GARREDD BLVD.,AUGUSTA,GA,30909,False,no_match,1,
111134,"COMMUNITY HEALTH CARE SYSTEMS, INC.  BALDWIN CO S",Federally Qualified Health Center,other,10 ABC DRIVE,MILLEDGEVILLE,GA,31061,False,no_match,1,
111136,"NEIGHBORHOOD IMPROVEMENT PROJECT, INC.",Federally Qualified Health Center,other,1299 INTERSTATE PKWY.,AUGUSTA,GA,30909,False,no_match,2,
111183,"MEDLINK GEORGIA, INC",Federally Qualified Health Center,other,"811 HIGHWAY 441 N, STE 104",CLAYTON,GA,30525,False,tie,1,
111189,MEDICAL ASSOCIATES PLUS,Federally Qualified Health Center,other,2508 UNIVERSITY DR,THOMSON,GA,30824,False,no_match,1,
111805,MEDLINK RABUN WOMENS CENTER,Federally Qualified Health Center,other,563 MOUNTAIN CITY RD,CLAYTON,GA,30525,False,tie,2,
111808,"SOUTHSIDE MEDICAL CENTER, INC",Federally Qualified Health Center,other,"1030 OLD PEACHTREE RD, STE 4020",LAWRENCEVILLE,GA,30043,False,tie,1,
111814,TRI COUNTY HEALTH SYSTEM,Federally Qualified Health Center,other,211 N LEGION DR DRAWER 312,WARRENTON,GA,30828,False,no_match,1,
111832,MORGANTON FAMILY PRACTICE,Federally Qualified Health Center,other,"HIGHWAY 76 & 60, P O BOX 540",MORGANTON,GA,30560,False,tie,2,
111833,CURTIS V COOPER PRIMARY HEALTH CARE,Federally Qualified Health Center,other,349 WEST BRYAN STREET,SAVANNAH,GA,31401,False,non_exact_direction,2,"349 E BRYAN ST, SAVANNAH, GA, 31401"
111864,CARECONNECT FAMILY PRACTICE,Federally Qualified Health Center,other,23 OLD SCHOOL ROAD,GEORGETOWN,GA,39854,False,no_match,2,
111871,MLK KING JR ELEMENTARY SCHOOL CLINIC,Federally Qualified Health Center,other,1073 WOODLAND HIGHWAY,TALBOTTON,GA,31827,False,no_match,1,
111872,MCKINNEY MEDICAL CENTER INC,Federally Qualified Health Center,other,9355 MAIN ST S,NAHUNTA,GA,31553,False,no_match,1,
111873,MEDLINK RABUN,Federally Qualified Health Center,other,"811 HIGHWAY 441 N, STE 100",CLAYTON,GA,30525,False,tie,1,
111876,SOUTH ATLANTA OFFICE-SOUTHSIDE MEDICAL CENTER INC,Federally Qualified Health Center,other,2685 METROPOLITAN PKWAY-SUITE #C,LILBURN,GA,30048,False,no_match,1,
111885,EAST ALBANY PEDIATRIC & ADOLESCENT CENTER,Federally Qualified Health Center,other,1712-C EAST BROAD AVENUE,ALBANY,GA,31705,False,no_match,2,
111886,EAST ALBANY MEDICAL CENTER,Federally Qualified Health Center,other,1712-A EAST BROAD AVENUE,ALBANY,GA,31705,False,no_match,2,
111898,"MEDLINK GEORGIA, INC",Federally Qualified Health Center,other,2648 HIGHWAY 129 N,CLEVELAND,GA,30528,False,tie,1,
111916,COMMUNITYHEALTH CARE SYSTEMS- TWIGGS,Federally Qualified Health Center,other,"101 WATSON ROAD, SUITE B",JEFFERSONVILLE,GA,31044,False,no_match,2,
111921,"EAST GEORGIA HEALTHCARE CENTER, INC",Federally Qualified Health Center,other,118 ALICE COLEMAN DRIVE,VIDALIA,GA,30474,False,no_match,1,
111929,GEORGIA MOUNTAINS HEALTH SERVICES INC,Federally Qualified Health Center,other,707 OLD DALTON ELLIJAY ROAD,CHATSWORTH,GA,30705,False,no_match,1,
111952,"ATHENS NEIGHBORHOOD HEALTH CENTER, INC",Federally Qualified Health Center,other,402 MCKINLEY DRIVE,ATHENS,GA,30601,False,no_match,1,
111959,SOUTHWEST FAMILY PRACTICE,Federally Qualified Health Center,other,300 MEDICAL COURT,OGELTHORPE,GA,31068,False,no_match,2,
111961,J C LEWIS PRIMARY HEALTHCARE CENTER,Federally Qualified Health Center,other,3100 MONTGOMERY STREET,SAVANNAH,GA,31405,False,no_match,1,
111975,MEDLINK HABERSHAM,Federally Qualified Health Center,other,396 HISTORIC HWY 441N,DEMOREST,GA,30535,False,no_match,2,
111977,CENTRO DE SALUD DEL ESTE DE GEORGIA,Federally Qualified Health Center,other,1636 HATCH PARKWAY SOUTH,BAXLEY,GA,31513,False,no_match,1,
111985,PRIMARY HEALTH CARE CENTER-SUMMERVILLE,Federally Qualified Health Center,other,"11638 HWY 27, SUITE 8",SUMMERVILLE,GA,30747,False,no_match,1,
111989,FOUR CORNERS PRIMARY CARE CENTERS AT VPH,Federally Qualified Health Center,other,"175 GWINNETT DRIVE, SUITE 213",LAWRENCEVILLE,GA,30046,False,no_match,1,
113841,ST. JOSEPH'S/CANDLER MEDICAL GROUP,Rural Health Clinic,other,159 WEST RAILROAD ST,PEMBROKE,GA,31321,False,non_exact_direction,2,"159 S RAILROAD ST, PEMBROKE, GA, 31321"
118509,LIFEBRITE FAMILY MEDICAL,Rural Health Clinic,other,11045 COLUMBIA STREET,BLAKELY,GA,39823,False,no_match,2,
118549,BUCHANAN MEDICAL CLINIC,Rural Health Clinic,other,2908 BUSINESS 27,BUCHANAN,GA,30113,False,no_match,1,
118555,CRISP REGIONAL CONVENIENT CARE,Rural Health Clinic,other,216 HOSPITAL DRIVE,CORDELE,GA,31015,False,no_match,2,
118562,INTERNAL MEDICINE AND GERIATRICS RHC,Rural Health Clinic,other,"638 HISTORIC HWY 441 N, SUITE B-1",DEMOREST,GA,30535,False,no_match,1,
118572,DMC PRIMARY CARE,Rural Health Clinic,other,246 BENJAMIN H HILL DR SW,FITZGERALD,GA,31750,False,no_match,1,
118573,STEPHENS COUNTY HOSPITAL PHYSICIAN GROUP LLC,Rural Health Clinic,other,218 FALLS ROAD,TOCCOA,GA,30577,False,no_match,2,
118584,MOUNTAIN LAKES PHYSICIANS GROUP,Rural Health Clinic,other,338 STAGECOACH DRIVE,CLAYTON,GA,30525,False,no_match,2,
118587,HARTWELL FAMILY CLINIC,Rural Health Clinic,other,"1087 E. FRANKLIN STREET, SUITE D",HARTWELL,GA,30643,False,no_match,2,
118918,UF HEALTH FAMILY MEDICINE AND PEDIATRICS-ST MARYS,Rural Health Clinic,other,51 LINDSEY LANE,SAINT MARYS,GA,31558,False,no_match,2,
118922,WILLACHOOCHEE CLINIC,Rural Health Clinic,other,134 FLEETWOOD AVE EAST,WILLACOOCHEE,GA,31650,False,no_match,2,
851163,PEDIATRIC CONVENIENT CARE,Federally Qualified Health Center,other,"1114 GA HIGHWAY 96, STE D3-D5",KATHLEEN,GA,31047,False,no_match,1,
851169,MEDICAL ASSOCIATES PLUS,Federally Qualified Health Center,other,1265 INTERSTATE PKWY,AUGUSTA,GA,30909,False,no_match,1,
851172,"EAST GEORGIA HEALTHCARE CENTER, INC",Federally Qualified Health Center,other,1 PLANT AVE,STILLMORE,GA,30464,False,no_match,1,
851184,"MEDCURA HEALTH, INC",Federally Qualified Health Center,other,"3065 S COBB DR SE, STE A",SMYRNA,GA,30080,False,non_exact_direction,1,"3065 S COBB DR, SMYRNA, GA, 30080"
851834,MEDLINK OCONEE,Federally Qualified Health Center,other,"1160 CAPITAL AVE, STE 105",WATKINSVILLE,GA,30677,False,no_match,1,
851924,"GEORGIA MOUNTAINS HEALTH SERVICES, INC.",Federally Qualified Health Center,other,153 SCHOOL DR,DAHLONEGA,GA,30533,False,no_match,1,
851929,"THE FAMILY HEALTH CENTERS OF GEORGIA, INC",Federally Qualified Health Center,other,550 PEACHTREE ST NE STE 1250,ATLANTA,GA,30308,False,wrong_county,1,"550 PEACHTREE ST, ATLANTA, GA, 30308"
C21004,MEDCURA HEALTH INC.,Federally Qualified Health Center,other,10 PARK PLACE SE STE LLC,ATLANTA,GA,30303,False,non_exact_direction,2,"10 PARK PL NE, ATLANTA, GA, 30303"
C21007,OCONEE VALLEY HEALTHCARE INC,Federally Qualified Health Center,other,"114 HARMONY CROSSING, STE 5",EATONTON,GA,31024,False,tie,1,
C21011,COASTAL COMMUNITY HEALTH - WAYNESVILLE,Federally Qualified Health Center,other,"21300 HIGHWAY 82, STE C",WAYNESVILLE,GA,31566,False,no_match,1,
C21020,COASTAL COMMUNITY HEALTH - ST. SIMONS PEDIATRICS,Federally Qualified Health Center,other,"7000 WELLNESS WAY, STE 7230",SAINT SIMONS ISLAND,GA,31522,False,no_match,2,
C21023,"EAST GEORGIA HEALTHCARE CENTER, INC.",Federally Qualified Health Center,other,258 TIGER TRL,SWAINSBORO,GA,30401,False,no_match,1,
C21025,"GEORGIA MOUNTAINS HEALTH SERVICES, INC.",Federally Qualified Health Center,other,79 BLUE RIDGE OVERLOOK,BLUE RIDGE,GA,30513,False,tie,1,
C21029,SOUTHSIDE MEDICAL CENTER STOCKBRIDGE,Federally Qualified Health Center,other,3576 HWY 138 SE,JONESBORO,GA,30281,False,wrong_county,2,"3576 STATE RTE 138, STOCKBRIDGE, GA, 30281"
C21041,MEDICAL ASSOCIATES PLUS,Federally Qualified Health Center,other,544 W HILL ST,THOMSON,GA,30824,False,no_match,1,
C21052,HERON HEALTH CENTER- SCHOOL BASED CLINIC,Federally Qualified Health Center,other,10804 HIGHWAY 82,NAHUNTA,GA,31553,False,no_match,1,
C21053,EMANUEL COUNTY INSTITUTE,Federally Qualified Health Center,other,102 N COLLEGE ST,TWIN CITY,GA,30471,False,no_match,1,
C21059,MEDICAL ASSOCIATES PLUS,Federally Qualified Health Center,other,100 OLYMPIC DR,WAYNESBORO,GA,30830,False,no_match,1,
C21063,MEDLINK RABUN SPECIALTY SERVICES,Federally Qualified Health Center,other,"811 HIGHWAY 441 N, STE 103",CLAYTON,GA,30525,False,tie,1,
C21065,WHITEFOORD HEALTH CENTER,Federally Qualified Health Center,other,1401 HOSEA L WILLIAMS DR SE,ATLANTA,GA,30317,False,non_exact_direction,1,"1401 HOSEA L WILLIAMS DR NE, ATLANTA, GA, 30317"
651801,NORTHERN REGION COMMUNITY HEALTH CENTER,Federally Qualified Health Center,other,520 WEST SANTA MONICA DRIVE,YIGO,GU,96929,False,no_match,2,
121017,WAIMANALO HEALTH CENTER,Federally Qualified Health Center,other,41-1330 KALANIANAOLE HWY,WAIMANALO,HI,96795,False,no_match,1,
121044,HAWAII ISLAND COMMUNITY HEALTH CENTER,Federally Qualified Health Center,other,74-5214 KEANALEHU DRIVE,KAILUA KONA,HI,96740,False,no_match,1,
121826,WAIKIKI HEALTH CENTER - HO'OLA LIKE PROJECT,Federally Qualified Health Center,other,QUEEN LILIU'OKALANI PROTESTANT CHURCH,HANALEI,HI,96714,False,no_match,1,
121827,WAIKIKI HEALTH CENTER - HO'OLA LIKE PROJECT,Federally Qualified Health Center,other,"KEY PROJECT, 47-200 WAIHE ROAD",KANEOHE,HI,96744,False,non_exact_house_number,1,"47-200 WAIHEE RD, KANEOHE, HI, 96744"
121830,KOHALA FAMILY HEALTH CENTER,Federally Qualified Health Center,other,53-3925 AKONI PULE HIGHWAY,KAPAAU,HI,96755,False,no_match,2,
121842,"KO'OLAULOA COMMUNITY HEALTH & WELLNESS CENTER, INC",Federally Qualified Health Center,other,"54-316 KAMEHAMEHA HIGHWAY, SUITE 6 & 7",HAUULA,HI,96717,False,tie,3,
121845,WAIKIKI HEALTH CENTER - NEXT STEP SHELTER,Federally Qualified Health Center,other,PIER 1 FORREST AVENUE,HON,HI,96813,False,no_match,1,
121855,"WEST HAWAII COMMUNITY HEALTH CENTER, INC.",Federally Qualified Health Center,other,74-5214 KEANALEHU DR,KAILUA KONA,HI,96740,False,no_match,1,
123805,KIHEI CLINIC,Rural Health Clinic,other,"1279 SOUTH KIHEI ROAD, SUITE 120",KIHEI,HI,96753,False,no_match,2,
123977,MOLOKAI GENERAL HOSPITAL,Rural Health Clinic,other,280 HOME OLU PLACE,KAUNAKAKAI,HI,96748,False,no_match,2,
123981,WOMEN'S CENTER,Rural Health Clinic,other,67-1123 MAMALAHOA HWY,KAMUELA,HI,96743,False,tie,1,
123991,EAST HAWAII HEALTH CLINIC AT KEA'AU,Rural Health Clinic,other,16-523 KEA'AU PAHOA RD,KEAAU,HI,96749,False,tie,2,
161817,COMMUNITY HEALTH CENTERS OF SE IOWA,Federally Qualified Health Center,other,218  N 2ND STREET,WAPELLO,IA,52653,False,non_exact_direction,1,"218 S 2ND ST, WAPELLO, IA, 52653"
161830,BEHAVIORAL HEALTH CTRS OF SOUTHERN IA-GARDEN GROVE,Federally Qualified Health Center,other,502 W MAIN STREET,GARDEN GROVE,IA,50103,False,non_exact_direction,1,"502 E MAIN ST, GARDEN GROVE, IA, 50103"
161835,BEHAVORIAL HEALTH CENTERS OF SOUTHERN IOWA-MY AYR,Federally Qualified Health Center,other,1001 EAST COLUMBIA,MOUNT AYR,IA,50854,False,no_match,1,
161848,RIVER HILLS COMMUNITY HEALTH CENTER INC,Federally Qualified Health Center,other,100 W MAIN,RICHLAND,IA,52585,False,no_match,2,
161850,COMMUNITY HEALTH CENTERS OF SOUTHEASTERN IOWA INC,Federally Qualified Health Center,other,241 COLONELS DRIVE,COLUMBUS JUNCTION,IA,52738,False,no_match,2,
161873,PRIMARY HEALTH CARE WEST SIDE CLINIC,Federally Qualified Health Center,other,7555 HICKMAN RD,URBANDALE,IA,50322,False,no_match,1,
163437,KOSSUTH REGIONAL HEALTH CENTER,Rural Health Clinic,other,1519 SOUTH PHILLIPS STREET,ALGONA,IA,50511,False,no_match,2,
163462,MILL CREEK FAMILY PRACTICE,Rural Health Clinic,other,5616 460TH STREET,PAULLINA,IA,51046,False,no_match,1,
163475,STEWART MEMORIAL CLINIC GOWRIE,Rural Health Clinic,other,1800 MAIN STREET,GOWRIE,IA,50543,False,no_match,2,
163494,LIME SPRINGS MEDICAL CLINIC,Rural Health Clinic,other,101 WEST MAIN STREET,LIME SPRINGS,IA,52155,False,non_exact_direction,2,"101 E MAIN ST, LIME SPRINGS, IA, 52155"
163495,CLARION CLINIC,Rural Health Clinic,other,215 13TH AVENUE SW,CLARION,IA,50525,False,no_match,2,
163849,HENRY COUNTY HEALTH CENTER-WAPELLO CLINIC,Rural Health Clinic,other,"220 MULBERRY, SUITE A",WAPELLO,IA,52653,False,no_match,1,
168507,AVERA MEDICAL GROUP ROCK RAPIDS,Rural Health Clinic,other,1100 SOUTH 10TH AVENUE,ROCK RAPIDS,IA,51246,False,no_match,2,
168526,ANITA MEDICAL CENTER,Rural Health Clinic,other,720 MAIN,ANITA,IA,50020,False,no_match,2,
168535,C C M H MEDICAL CLINIC,Rural Health Clinic,other,"100 MEDICAL PARKWAY, SUITE A + B",DENISON,IA,51442,False,no_match,2,
168567,WASHINGTON CO HOSP AND CLINICS FAMILY MEDICINE,Rural Health Clinic,other,"1230 SOUTH IOWA AVENUE, BOX 909",WASHINGTON,IA,52353,False,non_exact_direction,2,"1230 N IOWA AVE, WASHINGTON, IA, 52353"
168570,MOUNT AYR MEDICAL CLINIC,Rural Health Clinic,other,"504 N CLEVELAND STREET, SUITE M",MOUNT AYR,IA,50854,False,no_match,2,
168571,MYRTUE MEDICAL CENTER- EARLING CLINIC,Rural Health Clinic,other,100 INDUSTRIAL DRIVE   SUITE 101,EARLING,IA,51530,False,no_match,2,
168607,BUCHANAN COUNTY HEALTH CENTER,Rural Health Clinic,other,1600 1ST STREET E,INDEPENDENCE,IA,50644,False,non_exact_direction,2,"1600 1ST ST W, INDEPENDENCE, IA, 50644"
168622,MARCUS MEDICAL CLINIC,Rural Health Clinic,other,300 E PINE STREET,MARCUS,IA,51035,False,non_exact_direction,2,"300 W PINE ST, MARCUS, IA, 51035"
168624,BCHC FAMILY MEDICINE - OELWEIN,Rural Health Clinic,other,2405 ROCK ISLAND ROAD,OELWEIN,IA,50662,False,no_match,2,
168633,GARNER CLINIC,Rural Health Clinic,other,840 WEST US HIGHWAY 18,GARNER,IA,50438,False,no_match,2,
168637,GCH  CLINICS,Rural Health Clinic,other,103 SE 13TH ST,PANORA,IA,50216,False,no_match,1,
168643,NORTH ENGLISH FAMILY MEDICAL CLINIC,Rural Health Clinic,other,402 S WALNUT STREET,NORTH ENGLISH,IA,52316,False,no_match,2,
168651,REGIONAL FAMILY HEALTH DYERSVILLE,Rural Health Clinic,other,"980 FIELD OF DREAMS WAY, SUITE 5",DYERSVILLE,IA,52040,False,no_match,1,
168658,UNITYPOINT CLINIC - EXPRESS IN FORT DODGE,Rural Health Clinic,other,2728 2ND AVE S,FORT DODGE,IA,50501,False,non_exact_direction,1,"2728 2ND AVE N, FORT DODGE, IA, 50501"
168660,PRAIRIE CITY MEDICAL CLINIC,Rural Health Clinic,other,404 EAST 2ND STREET,PRAIRIE CITY,IA,50228,False,non_exact_direction,2,"404 W 2ND ST, PRAIRIE CITY, IA, 50228"
168977,THE EDDYVILLE CLINIC,Rural Health Clinic,other,107 N 3RD ST,EDDYVILLE,IA,52553,False,non_exact_direction,1,"107 S 3RD ST, EDDYVILLE, IA, 52553"
131019,FAMILY HEALTH SERVICES CORPORATION,Federally Qualified Health Center,other,"61 E HIGHWAY 24, RM 126",SHOSHONE,ID,83352,False,no_match,1,
131026,FAMILY HEALTH SERVICES CORPORATION,Federally Qualified Health Center,other,700 W 16TH ST,BURLEY,ID,83318,False,non_exact_direction,1,"700 E 16TH ST, BURLEY, ID, 83318"
131028,FAMILY HEALTH SERVICES CORPORATION,Federally Qualified Health Center,other,"1 INDIAN TERRITORY, RM CR1",BUHL,ID,83316,False,no_match,1,
131031,FAMILY HEALTH SERVICES CORPORATION,Federally Qualified Health Center,other,114 PIONEER CT,JEROME,ID,83338,False,no_match,1,
131038,FAMILY HEALTH SERVICES CORPORATION,Federally Qualified Health Center,other,"885 CENTER ST W, RM 123",KIMBERLY,ID,83341,False,non_exact_direction,1,"885 CENTER ST E, KIMBERLY, ID, 83341"
131039,TERRY REILLY HEALTH SERVICES,Federally Qualified Health Center,other,156 MCCLURE AVE,NAMPA,ID,83651,False,tie,1,
131041,CENTURY HIGH SCHOOL,Federally Qualified Health Center,other,7801 W DIAMOND BACK DR,POCATELLO,ID,83204,False,no_match,1,
131043,FAMILY HEALTH SERVICES CORPORATION,Federally Qualified Health Center,other,"2647 KIMBERLY RD, STE 2",TWIN FALLS,ID,83301,False,no_match,1,
131045,COMMUNITY FAMILY CLINIC,Federally Qualified Health Center,other,"4002 E 397 N, STE 3",RIGBY,ID,83442,False,no_match,1,
131803,VALLEY FAMILY HEALTH CARE - PAYETTE,Federally Qualified Health Center,other,1441 NORTHEAST TENTH AVENUE,PAYETTE,ID,83661,False,no_match,2,
131806,VALLEY HEALTH CARE,Federally Qualified Health Center,other,350 MAIN STREET,GRAND VIEW,ID,83624,False,no_match,2,
131807,TERRY REILLY HEALTH SERVICES-MARSING,Federally Qualified Health Center,other,201 MAIN STREET (PO BOX 516),MARSING,ID,83639,False,no_match,2,
131814,MARIMN HEALTH,Federally Qualified Health Center,other,427 N 12TH STREET,PLUMMER,ID,83851,False,no_match,2,
131817,DESERT SAGE HEALTH CENTERS,Federally Qualified Health Center,other,120 DESERT SAGE WAY,MOUNTAIN HOME,ID,83647,False,no_match,1,
131826,FAMILY HEALTH SERVICES - FAIRFIELD,Federally Qualified Health Center,other,401 WEST CAMAS BOX 344,FAIRFIELD,ID,83327,False,no_match,2,
131832,KANIKSU HEALTH SERVICES-SUPERIOR STREET CLINIC,Federally Qualified Health Center,other,30410 HIGHWAY 200,SANDPOINT,ID,83864,False,tie,2,
131837,HERITAGE HEALTH,Federally Qualified Health Center,other,1090 W PARK PL STE B,COEUR D'ALENE,ID,83814,False,non_exact_direction,2,"1090 N PARK PL, COEUR D ALENE, ID, 83814"
131845,TERRY REILLY MEDICAL/DENTAL - MIDDLETON,Federally Qualified Health Center,other,201 S PARADISE AVENUE,MIDDLETON,ID,83644,False,no_match,2,
131847,KANIKSU HEALTH SERVICES,Federally Qualified Health Center,other,"6509 HIGHWAY 2, SUITE 101",PRIEST RIVER,ID,83856,False,no_match,1,
131849,DIRNE CHC UGM CLINIC,Federally Qualified Health Center,other,196 W HAYCRAFT AVENUE,COEUR D ALENE,ID,83815,False,no_match,1,
131894,FAMILY HEALTH SERVICES SHOSHONE,Federally Qualified Health Center,other,651 S BEVERLY ST,SHOSHONE,ID,83352,False,no_match,1,
133856,UPPER VALLEY FAMILY MEDICINE,Rural Health Clinic,other,711 RIGBY LAKE DRIVE,RIGBY,ID,83442,False,no_match,1,
133864,STERLING URGENT CARE (CHUBBUCK),Rural Health Clinic,other,5605 NORTHSIDE XING,CHUBBUCK,ID,83202,False,no_match,1,
133866,STERLING URGENT CARE (REXBURG),Rural Health Clinic,other,260 E MOODY RD,REXBURG,ID,83440,False,non_exact_direction,2,"260 W MOODY RD, REXBURG, ID, 83440"
133990,MACKAY CLINIC,Rural Health Clinic,other,313 EAST CUSTER STREET,MACKAY,ID,83251,False,no_match,2,
133993,CASCADE FAMILY PRACTICE,Rural Health Clinic,other,402 LAKE CASCADE PKWY,CASCADE,ID,83611,False,no_match,1,
138507,MINIDOKA MEDICAL CENTER,Rural Health Clinic,other,"1308  8TH STREET, SUITE 1",RUPERT,ID,83350,False,no_match,2,
138509,ONEIDA COUNTY CLINIC,Rural Health Clinic,other,220 BANNOCK STREET,MALAD,ID,83252,False,no_match,2,
138510,VICTOR CLINIC,Rural Health Clinic,other,83 N MAIN STREET,VICTOR,ID,83455,False,non_exact_direction,2,"83 S MAIN ST, VICTOR, ID, 83455"
138511,DRIGGS CLINIC,Rural Health Clinic,other,283 NORTH 1ST EAST,DRIGGS,ID,83422,False,non_exact_direction,2,"283 S 1ST ST E, DRIGGS, ID, 83422"
138516,ST LUKE'S CLINIC SALMON RIVER MEDICAL,Rural Health Clinic,other,214 N MAIN STREET,RIGGINS,ID,83549,False,non_exact_direction,2,"214 S MAIN ST, RIGGINS, ID, 83549"
138520,NORTH CANYON FAMILY PRACTICE,Rural Health Clinic,other,267 N CANYON DR,GOODING,ID,83330,False,no_match,1,
138532,SMC FAMILY MEDICINE,Rural Health Clinic,other,858 E COMMERCE DRIVE,SMELTERVILLE,ID,83868,False,no_match,2,
138533,NORTH CANYON JEROME,Rural Health Clinic,other,491 HERITAGE DRIVE,JEROME,ID,83338,False,no_match,2,
138537,CASCADE MEDICAL CENTER DONNELLY CLINIC,Rural Health Clinic,other,402 LAKE CASCADE PKWY,CASCADE,ID,83611,False,non_exact_direction,2,"454 E ROSEBERRY RD, DONNELLY, ID, 83615"
138538,UPPER VALLEY FAMILY MEDICINE,Rural Health Clinic,other,711 RIGBY LAKE DRIVE,RIGBY,ID,83442,False,no_match,2,
141020,CENTRO DE SALUD ESPERANZA,Federally Qualified Health Center,other,"2001 SOUTH CALIFORNIA AVE, SUITE 100",CHICAGO,IL,60608,False,no_match,2,
141022,MOUNT VERNON COMMUNITY HEALTH CENTER,Federally Qualified Health Center,other,2920 VETERANS PARKWAY,MOUNT VERNON,IL,62864,False,no_match,2,
141030,WHITESIDE COUNTY COMMUNITY HEALTH CLINIC,Federally Qualified Health Center,other,1300 WEST 2ND STREET,ROCK FALLS,IL,61071,False,no_match,2,
141078,AUNT MARTHA'S VERMILLION AREA COMMUNITY HEALTH CTR,Federally Qualified Health Center,other,614 GILBERT,DANVILLE,IL,61832,False,tie,1,
141118,AUNT MARTHA'S WOMEN'S HEALTH CENTER,Federally Qualified Health Center,other,"233 W JOE ORR ROAD, SOUTH BUILDING",CHICAGO HEIGHTS,IL,60411,False,non_exact_direction,1,"233 W JOE ORR RD, CHICAGO HEIGHTS, IL, 60411"
141123,AUNT MARTHA'S HANOVER PARK COMMUNITY HEALTH CENTER,Federally Qualified Health Center,other,1515 LAKE STREET,HANOVER PARK,IL,60133,False,no_match,1,
141124,ACCESS ARLINGTON HEIGHTS FAMILY HEALTH CENTER,Federally Qualified Health Center,other,"121 SOUTH WILKE ROAD, SUITE 310",ARLINGTON HEIGHTS,IL,60005,False,non_exact_direction,1,"121 N WILKE RD, ARLINGTON HEIGHTS, IL, 60005"
141154,MACOUPIN COUNTY MAPLE STREET CLINIC,Federally Qualified Health Center,other,109 E MAPLE STREET,GILLESPIE,IL,62033,False,no_match,2,
141198,BELOVED COMMUNITY FAMILY WELLNESS CENTER,Federally Qualified Health Center,other,2338 NEW ST,BLUE ISLAND,IL,60406,False,no_match,1,
141817,RURAL HEALTH INC,Federally Qualified Health Center,other,318 NORTH US HIGHWAY 51,DONGOLA,IL,62926,False,no_match,2,
141844,COMM HTLH & EMERGENCY SRV INC OLMSTED,Federally Qualified Health Center,other,FRONT STREET,OLMSTED,IL,62970,False,no_match,1,
141845,COMM HLTH & EMERGENCY SRV INC TANNUS H,Federally Qualified Health Center,other,SECOND AND RUSSELL AVENUES,TAMMS,IL,62988,False,non_exact_house_number,2,"2ND ST & RUSSELL AVE, TAMMS, IL, 62988"
141857,SOUTHERN SEVEN HARDIN COUNTY CLINIC,Federally Qualified Health Center,other,PO BOX 817,ROSICLARE,IL,62982,False,non_exact_house_number,1,"2 STATE RTE 146, ELIZABETHTOWN, IL, 62931"
141860,SOUTHERN SEVEN MASSAC COUNTY CLINIC,Federally Qualified Health Center,other,PO BOX 133,METROPOLIS,IL,62960,False,no_usable_address,0,
141890,CISNE MEDICAL CENTER,Federally Qualified Health Center,other,62 PARK ST,CISNE,IL,62823,False,no_match,1,
141911,LAKE COUNTY HEALTH DEPARTMENT,Federally Qualified Health Center,other,2215 AUDREY NIXON BOULEVARD,NORTH CHICAGO,IL,60064,False,no_match,1,
141918,SOUTHERN ILLINOIS HEALTHCARE FOUNDATIO,Federally Qualified Health Center,other,727 N JACKSON STREET,VANDALIA,IL,62471,False,non_exact_direction,1,"727 W JACKSON ST, VANDALIA, IL, 62471"
143412,FAMILY MEDICAL CENTER,Rural Health Clinic,other,5383 STATE ROUTE 154,PINCKNEYVILLE,IL,62274,False,no_match,1,
143465,COULTERVILLE MEDICAL CLINIC,Rural Health Clinic,other,203 E GRANT,COULTERVILLE,IL,62237,False,non_exact_direction,2,"203E W GRANT ST, COULTERVILLE, IL, 62237"
143479,HARDIN COUNTY GENERAL HOSPITAL CLINIC,Rural Health Clinic,other,"PO BOX 2467, FERRELL ROAD",ROSICLARE,IL,62982,False,no_match,2,
143487,LOUISVILLE MEDICAL CLINIC,Rural Health Clinic,other,14265 US HIGHWAY 45,LOUISVILLE,IL,62858,False,no_match,2,
143821,CENTER FOR MEDICAL ARTS RURAL HEALTH,Rural Health Clinic,other,2601 W MAIN STREET,CARBONDALE,IL,62901,False,no_match,2,
143887,SPRINGFIELD CLINIC HILLSBORO RURAL HEALTH,Rural Health Clinic,other,1250 E TREMONT ST,HILLSBORO,IL,62049,False,no_match,1,
143925,SPRINGFIELD CLINIC LINCOLN RURAL HEALTH,Rural Health Clinic,other,100 STAHLHUT DRIVE,LINCOLN,IL,62656,False,no_match,2,
143936,MEMORIAL PHYSICANS SERVICES,Rural Health Clinic,other,1 CENTRE DRIVE,PETERSBURG,IL,62675,False,no_match,1,
143975,DEACONESS ILLINOIS UNION COUNTY FAMILY CLINIC,Rural Health Clinic,other,517 N MAIN STREET,ANNA,IL,62906,False,non_exact_direction,2,"517 S MAIN ST, ANNA, IL, 62906"
143976,PEMBROKE  COMMUNITY HEALTH CLINIC,Rural Health Clinic,other,3400 S MAIN STREET,HOPKINS PARK,IL,60944,False,no_match,2,
143987,PARIS CLINIC,Rural Health Clinic,other,727 E COURT STREET,PARIS,IL,61944,False,no_match,2,
148511,MIDWEST HEALTH CLINIC,Rural Health Clinic,other,ONE MEDICAL CENTER DRIVE,GALENA,IL,61036,False,no_match,2,
148530,CARLINVILLE FAMILY HEALTH CARE,Rural Health Clinic,other,20613 NORTH BROAD STREET,CARLINVILLE,IL,62626,False,no_match,2,
148535,OSF HEALTHCARE MEDICAL GROUP - MENDOTA,Rural Health Clinic,other,1405 EAST 12TH STREET,MENDOTA,IL,61342,False,no_match,2,
148603,GRAHAM MEDICAL GROUP ELMWOOD,Rural Health Clinic,other,1024 N MAGNOLIA ST,ELMWOOD,IL,61529,False,no_match,1,
148607,EZ CARE,Rural Health Clinic,other,1 PHIPPS LN,PARIS,IL,61944,False,no_match,1,
148614,HORIZON HEALTHCARE CARMI MEDICAL CLINIC,Rural Health Clinic,other,1103 WEST MAIN STREET,CARMI,IL,62821,False,non_exact_direction,2,"1103 E MAIN ST, CARMI, IL, 62821"
148639,OSF HEALTHCARE MEDICAL GROUP CLINTON,Rural Health Clinic,other,1231 KLEEMANN DR,CLINTON,IL,61727,False,no_match,1,
148644,OSF HEALTHCARE MEDICAL GROUP FLANAGAN,Rural Health Clinic,other,103 W SOUTH ST,FLANAGAN,IL,61740,False,non_exact_direction,1,"103 SOUTH ST, FLANAGAN, IL, 61740"
148654,OSF HEALTHCARE MEDICAL GROUP PONTIAC,Rural Health Clinic,other,"2500 W REYNOLDS ST, STE 203,205,207",PONTIAC,IL,61764,False,no_match,3,
148655,OSF HEALTHCARE MEDICAL GROUP OTTAWA,Rural Health Clinic,other,1614 E NORRIS DR,OTTAWA,IL,61350,False,no_match,1,
148923,QUINCY MEDICAL GROUP,Rural Health Clinic,other,405 E STATE STREET,PLEASANT HILL,IL,62366,False,non_exact_direction,2,"405 W STATE ST, PLEASANT HILL, IL, 62366"
148926,CARLINVILLE FAMILY PRACTICE,Rural Health Clinic,other,15574 ROUTE 108,CARLINVILLE,IL,62626,False,no_match,1,
148947,SPRINGFIELD CLINIC CARLINVILLE RURAL HEALTH,Rural Health Clinic,other,20613 N BROAD STREET,CARLINVILLE,IL,62626,False,no_match,2,
148977,"HYGIENIC INSTITUTE FOR LASALLE, PERU & OGLESBY",Rural Health Clinic,other,2970 CHARTRES STREET,LA SALLE,IL,61301,False,no_match,1,
781040,WHITESIDE COUNTY COMMUNITY HEALTH CLINIC,Federally Qualified Health Center,other,17600 6TH AVE,STERLING,IL,61081,False,no_match,1,
781815,"ASIAN HUMAN SERVICES FAMILY HEALTH CENTER, INC",Federally Qualified Health Center,other,8800 LOCKWOOD AVE,SKOKIE,IL,60077,False,no_match,1,
781825,HEARTLAND HEALTH CENTER - DEVON,Federally Qualified Health Center,other,1300 W DEVON AVENUE,CHICAGO,IL,60660,False,no_match,2,
781831,LIBERTYVILLE BEHAVIORAL HEALTH HOME,Federally Qualified Health Center,other,18698 PETERSON ROAD,LIBERTYVILLE,IL,60048,False,no_match,2,
781851,PCC COMMUNITY WELLNESS CENTER AT STEINMETZ,Federally Qualified Health Center,other,3030 N MOBILE AVENUE,CHICAGO,IL,60634,False,no_match,2,
781866,EVANSTON FAMILY HEALTH CENTER,Federally Qualified Health Center,other,1723 HOWARD STREET,EVANSTON,IL,60202,False,no_match,2,
781884,CRUSADERS CENTRAL CLINIC ASSOCIATION,Federally Qualified Health Center,other,245 PRAIRIE HILL RD,SOUTH BELOIT,IL,61080,False,no_match,1,
781909,CENTER FOR FAMILY HEALTH SYCAMORE,Federally Qualified Health Center,other,165 EAST PLANK ROAD,SYCAMORE,IL,60178,False,no_match,2,
781910,LAKE HEALTH CENTER,Federally Qualified Health Center,other,"1515 EAST LAKE STREET, SUITE 202",HANOVER PARK,IL,60133,False,no_match,2,
781919,MACOUPIN COUNTY RECOVERY CENTER,Federally Qualified Health Center,other,118 W CHESTNUT,GILLESPIE,IL,62033,False,tie,1,
783829,SPRINGFIELD CLINIC RAYMOND RURAL HEALTH,Rural Health Clinic,other,801 N OBANNON ST,RAYMOND,IL,62560,False,no_match,1,
783854,MEMORIAL PHYSICIAN SERVICES,Rural Health Clinic,other,8460 SAINT LUKES DRIVE,BEARDSTOWN,IL,62618,False,no_match,2,
783856,SPRINGFIELD CLINIC MOWEAQUA,Rural Health Clinic,other,"620 N PUTNAM ST, STE A",MOWEAQUA,IL,62550,False,non_exact_direction,1,"620 S PUTNAM ST, MOWEAQUA, IL, 62550"
C41060,WHITESIDE COUNTY HEALTH DEPARTMENT,Federally Qualified Health Center,other,1300 W 2ND ST,ROCK FALLS,IL,61071,False,no_match,1,
151000,WINDROSE HEALTH NETWORK WHITELAND,Federally Qualified Health Center,other,8 N US HIGHWAY 31,WHITELAND,IN,46184,False,no_match,1,
151003,ASPIRE INDIANA HEALTH INC,Federally Qualified Health Center,other,10731 N STATE RD 13,ELWOOD,IN,46036,False,no_match,2,
151012,ADULT AND CHILD COMMUNITY MEDICAL SERVICES,Federally Qualified Health Center,other,1860 NORTHWOOD PLZ,FRANKLIN,IN,46131,False,no_match,1,
151016,PATOKA FAMILY HEALTH CARE,Federally Qualified Health Center,other,307 S INDIANA AVE,ENGLISH,IN,47118,False,no_match,1,
151025,HEALTHLINC SOUTH BEND- SOUTHEAST,Federally Qualified Health Center,other,621 MEMORIAL DRIVE 402,S BEND,IN,46601,False,no_match,2,
151037,LIFESPRING ADULT INTEGRATED MEDICAL SERVICES,Federally Qualified Health Center,other,404 SPRING STREET,JEFFERSONVILLE,IN,47130,False,no_match,2,
151068,COMMUNITY HEALTHNET INC,Federally Qualified Health Center,other,3503 MARTIN LUTHER KING DR,GARY,IN,46409,False,no_match,1,
151081,AUSTIN MEDICAL CENTER,Federally Qualified Health Center,other,2277 W FRONTAGE RD,AUSTIN,IN,47102,False,no_match,1,
151092,CENTERSTONE HEALTH SERVICES INC,Federally Qualified Health Center,other,390 ERIE AVE SUITE A,CONNERSVILLE,IN,47331,False,no_match,1,
151127,NORTHSHORE DEMOTTE HEALTH CENTER,Federally Qualified Health Center,other,200 3RD CT SE,DEMOTTE,IN,46310,False,tie,1,
151129,EDGEWATER HEALTH: CEDAR LAKE,Federally Qualified Health Center,other,"9855 LINCOLN PLAZA WAY, UNIT 5A",CEDAR LAKE,IN,46303,False,no_match,1,
151139,VPCHC-WEST TERRE HAUTE,Federally Qualified Health Center,other,601 W NATIONAL AVE,BARNHART TOWN,IN,47885,False,no_match,2,
151151,ESKENAZI HEALTH CENTER HERRON RIVERSIDE HIGH SCHO,Federally Qualified Health Center,other,3010 N WHITE RIVER PARKWAY EAST DR,INDIANAPOLIS,IN,46208,False,tie,1,
151831,SHALOM HEALTHCARE CENTER INC,Federally Qualified Health Center,other,"3725 KIEL AVENUE, ROOM 105",INDIANAPOLIS,IN,46224,False,wrong_county,2,"3725 N KIEL AVE, INDIANAPOLIS, IN, 46224"
151862,FAMILY HEALTH CLINIC OF MONON,Federally Qualified Health Center,other,692 E BROADWAY ST,MONON,IN,47959,False,no_match,1,
151968,AUSTIN MEDICAL CENTER,Federally Qualified Health Center,other,825 N HIGHWAY 31,AUSTIN,IN,47102,False,no_match,1,
151982,IHC - OWEN COUNTY,Federally Qualified Health Center,other,35 BOB BABBS DR,SPENCER,IN,47460,False,no_match,1,
153862,SWITZERLAND COUNTY NURSE MANAGED CLINIC,Rural Health Clinic,other,727 HWY 56 STE 300,VEVAY,IN,47043,False,no_match,2,
153871,COUNTRY HEALTH CENTER,Rural Health Clinic,other,5066 N 900 E,MONTGOMERY,IN,47558,False,no_match,1,
153936,DEACONESS CLINIC OAKLAND CITY,Rural Health Clinic,other,1204 WILLIAMS STREET,OAKLAND CITY,IN,47660,False,no_match,2,
153947,ACCESS MEDICAL CLINIC INDIANA,Rural Health Clinic,other,1000 W MORTON STREET STE  AM,OAKLAND CITY,IN,47660,False,no_match,2,
153956,ST ELIZABETH PHYSICIANS,Rural Health Clinic,other,124 W INDIAN TRAIL,MILAN,IN,47031,False,no_match,2,
153957,FAST PACE HEALTH,Rural Health Clinic,other,4152 W STATE ROAD 56,HANOVER,IN,47243,False,tie,1,
153993,ST VINCENT NORTH CLINIC,Rural Health Clinic,other,1731 RINGER LN,WILLIAMSPORT,IN,47993,False,no_match,1,
153994,ST VINCENT SOUTH CLINIC,Rural Health Clinic,other,440 W SONGER LN,VEEDERSBURG,IN,47987,False,no_match,1,
158520,NEW CASTLE FAMILY AND INTERNAL MEDICINE,Rural Health Clinic,other,2200 FOREST RIDGE PKWY,NEW CASTLE,IN,47362,False,no_match,2,
158528,FRANCESVILLE FAMILY MEDICINE,Rural Health Clinic,other,112 EAST MONTGOMERY STREET,FRANCESVILLE,IN,47946,False,no_match,2,
158534,GREENE COUNTY GENERAL HOSPITAL-MY WESTGATE CLINIC,Rural Health Clinic,other,1985 E FREEDOM DRIVE,NEWBERRY,IN,47449,False,no_match,2,
158535,GREENE COUNTY GENERAL HOSPITAL- MY LINTON CLINIC,Rural Health Clinic,other,1210 N 1000 W,LINTON,IN,47441,False,no_match,1,
158536,DECATUR FAMILY MEDICINE - WOODCREST CONNECTION,Rural Health Clinic,other,1300 MERCER AVENUE,DECATUR,IN,46733,False,no_match,2,
158541,PARKVIEW WABASH HEALTH CLINIC - NORTH MANCHESTER,Rural Health Clinic,other,1104 N WAYNE STREET,N MANCHESTER,IN,46962,False,no_match,2,
158574,SCHNECK FAMILY CARE OF SCOTT COUNTY,Rural Health Clinic,other,1366 N GARDNER STREET,SCOTTSBURG,IN,47170,False,no_match,2,
C51023,219 HEALTH NETWORK INC,Federally Qualified Health Center,other,"10020 DONALD S POWERS DR, STE 2A",MUNSTER,IN,46321,False,no_match,1,
C51025,FAMILY HEALTH CENTER,Federally Qualified Health Center,other,1926 BAUER DR RM 412,VINCENNES,IN,47591,False,no_match,1,
C51044,FAMILY HEALTH CENTER,Federally Qualified Health Center,other,2600 WABASH AVE RM 214,VINCENNES,IN,47591,False,no_match,1,
C51059,MERIDIAN HEALTH SERVICES,Federally Qualified Health Center,other,201 E SOUTH ST,MARKLE,IN,46770,False,wrong_county,1,"201 SOUTH ST, MARKLE, IN, 46770"
C51061,MERIDIAN HEALTH SERVICES,Federally Qualified Health Center,other,"2600 COUNTY ROAD 600 W, RM SG-1",RUSSIAVILLE,IN,46979,False,no_match,1,
C51076,219 HEALTH NETWORK INC,Federally Qualified Health Center,other,"3145 45TH ST, STE M",HIGHLAND,IN,46322,False,no_match,1,
C51083,VPCHC - CLINTON DENTAL,Federally Qualified Health Center,other,1792 E STATE ROAD 163,CLINTON,IN,47842,False,no_match,1,
C51096,HEALTHY EAGLE CLINIC,Federally Qualified Health Center,other,401 U.S. HIGHWAY 31,AUSTIN,IN,47102,False,no_match,1,
C51108,219 HEALTH NETWORK INC,Federally Qualified Health Center,other,"1545 W US HIGHWAY 30, STE 1A",SCHERERVILLE,IN,46375,False,no_match,1,
C51116,DAMAR SERVICES INC,Federally Qualified Health Center,other,"7421 HEATHROW WAY, STE A",INDIANAPOLIS,IN,46241,False,no_match,1,
C51121,JANE PAULEY COMMUNITY HEALTH CENTER ASCENSION,Federally Qualified Health Center,other,141 W 22ND ST,ANDERSON,IN,46016,False,no_match,1,
171024,COMMUNITY HEALTH CENTER OF SOUTHEAST KANSAS INC,Federally Qualified Health Center,other,1801 S BROADWAY ST,PITTSBURG,KS,66762,False,no_match,1,
171043,ACHC PRIMARY MEDICAL SERVICE SITE,Federally Qualified Health Center,other,516 COMMERCIAL ST,ATCHISON,KS,66002,False,no_match,1,
171814,UNITED METHODIST MEXICAN AMERICAN MINISTRIES,Federally Qualified Health Center,other,301 E GRANT AVE,ULYSSES,KS,67880,False,non_exact_direction,1,"301 W GRANT AVE, ULYSSES, KS, 67880"
171819,WICHITA CHLD GUIDANCE CENTER,Federally Qualified Health Center,other,415 N POPLAR,WICHITA,KS,67214,False,tie,1,
171832,DOWNING CHILDREN CLINIC,Federally Qualified Health Center,other,2201 E25TH STREET,WICHITA,KS,67219,False,non_exact_direction,1,"2201 E 25TH ST N, WICHITA, KS, 67219"
171868,SELDEN COMMUNITY CLINIC,Federally Qualified Health Center,other,112 NORTH KANSAS AVENUE,SELDEN,KS,67757,False,no_match,2,
171885,COMMUNITY HEALTH CENTER OF SOUTHEAST KANSAS/PLEASA,Federally Qualified Health Center,other,1155 TUCKER RD,PLEASANTON,KS,66075,False,no_match,2,
173477,CHEYENNE COUNTY CLINIC-ST FRANCIS,Rural Health Clinic,other,221 W FIRST STREET,SAINT FRANCIS,KS,67756,False,non_exact_direction,2,"221 E 1ST ST, SAINT FRANCIS, KS, 67756"
173483,CENTRALIA MEDICAL CLINIC,Rural Health Clinic,other,606 FIRST STREET,CENTRALIA,KS,66415,False,tie,2,
178506,KIOWA DISTRICT HOSP - CLINIC,Rural Health Clinic,other,1002 S 4TH STREET,KIOWA,KS,67070,False,no_match,2,
178520,GIRARD MEDICAL CENTER OF CHEROKEE,Rural Health Clinic,other,120 NW HIGHWAY 400,CHEROKEE,KS,66724,False,wrong_county,2,"120 US HWY 400, CHEROKEE, KS, 66724"
178521,AMBERWELL ATCHISON CLINICS,Rural Health Clinic,other,810 RAVEN HILL DRIVE,ATCHISON,KS,66002,False,no_match,3,
178529,MEADE RURAL HEALTH CLINIC,Rural Health Clinic,other,119 N HART,MEADE,KS,67864,False,non_exact_direction,1,"119 S HART ST, MEADE, KS, 67864"
178530,WAKEENEY FAMILY CARE CENTER,Rural Health Clinic,other,333 N 14TH STREET,WAKEENEY,KS,67672,False,no_match,2,
178533,ATTICA RURAL HEALTH CLINIC,Rural Health Clinic,other,302 N BOTKIN STREET,ATTICA,KS,67009,False,no_match,2,
178547,HAMILTON COUNTY HOSPITAL,Rural Health Clinic,other,700 N HUSER,SYRACUSE,KS,67878,False,no_match,2,
178560,NESS CITY MEDICAL CLINIC,Rural Health Clinic,other,316 CUSTER ST,NESS CITY,KS,67560,False,no_match,1,
178571,LABETTE HEALTH FAMILY PRACTICE CLINIC,Rural Health Clinic,other,1902 S HWY 59 BLDG E STE 101,PARSONS,KS,67357,False,no_match,2,
178582,INDEPENDENCE FAMILY MEDICINE,Rural Health Clinic,other,1415 N PENN AVENUE,INDEPENDENCE,KS,67301,False,no_match,2,
178610,NEODESHA FAMILY MEDICINE,Rural Health Clinic,other,"2600 OTTAWA RD, STE 101",NEODESHA,KS,66757,False,no_match,1,
178628,AMBERWELL HORTON CLINIC,Rural Health Clinic,other,1903 EUCLID AVE,HORTON,KS,66439,False,no_match,1,
178630,RILEY FAMILY PHYSICIANS,Rural Health Clinic,other,701 SCHURLE WAY,RILEY,KS,66531,False,no_match,1,
178633,GIRARD MEDICAL CENTER OF UNIONTOWN,Rural Health Clinic,other,401 5TH STREET,UNIONTOWN,KS,66779,False,no_match,2,
178656,FAMILY MEDICINE OF TONGANOXIE,Rural Health Clinic,other,410 WOODFIELD DR,TONGANOXIE,KS,66086,False,no_match,1,
178657,EUDORA FAMILY CARE,Rural Health Clinic,other,"600 E 20TH ST,",EUDORA,KS,66025,False,non_exact_direction,1,"600 W 20TH ST, EUDORA, KS, 66025"
178987,PRATT FAMILY PRACTICE,Rural Health Clinic,other,203 WATSON SUITE 200,PRATT,KS,67124,False,no_match,1,
181001,EMMA B WARD ELEMENTARY HEALTHY KID CLINIC,Federally Qualified Health Center,other,1150 BYPASS N,LAWRENCEBURG,KY,40342,False,no_match,1,
181002,ANDERSON COUNTY HIGH HEALTHY KIDS CLINIC,Federally Qualified Health Center,other,1 BEARCAT DRIVE,LAWRENCEBURG,KY,40342,False,no_match,1,
181004,ANDERSON COUNTY MIDDLE HEALTHY KIDS CLINIC,Federally Qualified Health Center,other,1 MUSTANG TRL,LAWRENCEBURG,KY,40342,False,no_match,1,
181006,WOMENS CARE OF THE BLUEGRASS/FAMILY CARE OF THE BG,Federally Qualified Health Center,other,120 PROGRESS WAY,OWENTON,KY,40359,False,no_match,1,
181015,"STERLING HEALTH SOLUTIONS, INC",Federally Qualified Health Center,other,809 INDIAN MOUND DR,MOUNT STERLING,KY,40353,False,no_match,1,
181025,STINNETT ELEMENTARY SCHOOL BASED HEALTH CLINIC,Federally Qualified Health Center,other,12975 HWY 421,HOSKINSTON,KY,40844,False,no_match,1,
181026,FRAKES SCHOOL BASED HEALTH CLINIC,Federally Qualified Health Center,other,29 HENDERSON SETTLEMENT LOOP,FRAKES,KY,40940,False,no_match,1,
181027,CORBIN PRIMARY SCHOOL CASED HEALTH CLINIC,Federally Qualified Health Center,other,3551 5TH STREET RD,CORBIN,KY,40701,False,no_match,1,
181029,LONE JACK SCHOOL BASED HEALTH CLINIC,Federally Qualified Health Center,other,101 CREECH HOLLOW RD,FOURMILE,KY,40939,False,no_match,1,
181036,PAGE SCHOOL BASED HEALTH CLINIC,Federally Qualified Health Center,other,239 PAGE SCHOOL RD,PINEVILLE,KY,40977,False,no_match,1,
181041,WB MUNCY ELEMENTARY SCHOOL-BASED HEALTH CLINIC,Federally Qualified Health Center,other,142 PIRATE DRIVE,WOOTON,KY,41776,False,no_match,1,
181049,CORBIN INTERMEDIATE SCHOOL BASED HEALTH CLINIC,Federally Qualified Health Center,other,404 17TH STREET,CORBIN,KY,40701,False,wrong_county,1,"404 W 17TH ST, CORBIN, KY, 40701"
181052,CORBIN INTERMEDIATE SCHOOL BASED HEALTH CLINIC,Federally Qualified Health Center,other,404 17TH ST,CORBIN,KY,40701,False,wrong_county,1,"404 W 17TH ST, CORBIN, KY, 40701"
181055,GR HAMPTON ELEMENTARY SCHOOL BASED HEALTH CLINIC,Federally Qualified Health Center,other,60 KY 3441,BARBOURVILLE,KY,40906,False,no_match,1,
181061,MOUNTAIN COMPREHENSIVE HEALTH CORPORATION,Federally Qualified Health Center,other,100 COLLEGE RD,MIDDLESBORO,KY,40965,False,no_match,2,
181067,STANFORD ELEMENTARY HEALTHY KIDS CLINIC,Federally Qualified Health Center,other,101 OLD FORT ROAD,STANFORD,KY,40484,False,no_match,1,
181069,FLAT LICK ELEMENTARY SCHOOL BASED HEALTH CLINIC,Federally Qualified Health Center,other,110 KY 3085,FLAT LICK,KY,40935,False,no_match,1,
181070,KNOX COUNTY AREA TECH CTR SCHOOL BASED HLTH CLINIC,Federally Qualified Health Center,other,210 WALL ST,BARBOURVILLE,KY,40906,False,no_match,1,
181071,LYNN CAMP MIDDLE/HIGH SCHOOL BASED HEALTH CLINIC,Federally Qualified Health Center,other,100 N KY 830,CORBIN,KY,40701,False,no_match,1,
181072,KNOX CENTRAL HIGH SCHOOL BASED HEALTH CLINC,Federally Qualified Health Center,other,100 PANTHER WAY,BARBOURVILLE,KY,40906,False,no_match,1,
181084,HOMEPLACE CLINIC OF LOUISA,Federally Qualified Health Center,other,130 TOWN HILL ROAD,LOUISA,KY,41230,False,tie,2,
181087,HOPE FAMILY PULMONARY SERVICES,Federally Qualified Health Center,other,452 TOM FRAZIER WAY,SALYERSVILLE,KY,41465,False,no_match,1,
181088,CORBIN MIDDLE SCHOOL BASED HEALTH CARE,Federally Qualified Health Center,other,50 ED MCNEEL DRIVE,CORBIN,KY,40701,False,no_match,1,
181093,GREEN COUNTY HIGH HEALTHY KIDS CLINIC,Federally Qualified Health Center,other,"CUMBERLAND FAMILY MEDICAL CENTER, INC.",GREENSBURG,KY,42743,False,no_match,1,
181110,BARDSTOWN PRIMARY HEALTHY KIDS CLINIC,Federally Qualified Health Center,other,100 TEMPLIN AVENUE,BARDSTOWN,KY,40004,False,no_match,1,
181111,HEARTLAND ELEMENTARY HEALTHY KIDS CLINIC,Federally Qualified Health Center,other,2300 NELSON DRIVE,ELIZABETHTOWN,KY,42701,False,no_match,1,
181127,NORTH MIDDLE HEALTHY KIDS CLINIC,Federally Qualified Health Center,other,100 TROJAN WAY,RADCLIFF,KY,40160,False,no_match,1,
181134,WOODLAND ELEMENTARY HEALTHY KIDS CLINIC,Federally Qualified Health Center,other,6000 S WOODLAND DRIVE,RADCLIFF,KY,40160,False,no_match,1,
181136,COLLEGE VIEW HEALTHY KIDS CLINIC,Federally Qualified Health Center,other,400 BROWN STREET,VINE GROVE,KY,40175,False,no_match,1,
181138,HEALTHPOINT FAMILY CARE INC,Federally Qualified Health Center,other,313 MADISON PIKE,ERLANGER,KY,41017,False,no_match,1,
181160,HOMEPLACE CLINIC PAINTSVILLE,Federally Qualified Health Center,other,1110 SOUTH MAYO TRAIL,PAINTSVILLE,KY,41240,False,no_match,2,
181164,MOUNTAIN VIEW ELEMENTARY SCHOOL BASED HEALTH CLINI,Federally Qualified Health Center,other,170 BEARS TRAIL,HYDEN,KY,41749,False,no_match,1,
181168,"GRACE COMMUNITY HEALTH CENTER, INC.",Federally Qualified Health Center,other,272 LONDON MOUNTAIN VIEW DRIVE,LONDON,KY,40741,False,no_match,2,
181169,"HEALTHFIRST BLUEGRASS, INC.",Federally Qualified Health Center,other,"1401 HARRODSBURG ROAD, SUITE B165",LEXINGTON,KY,40504,False,no_match,2,
181176,"GRACE COMMUNITY HEALTH CENTER, INC.",Federally Qualified Health Center,other,4404 W CUMBERLAND AVENUE,MIDDLESBORO,KY,40965,False,no_match,2,
181181,BARREN COUNTY MIDDLE HEALTHY KIDS CLINIC,Federally Qualified Health Center,other,555 TROJAN TRAIL,GLASGOW,KY,42141,False,no_match,2,
181188,HISEVILLE HEALTHY KIDS CLINIC,Federally Qualified Health Center,other,149 CARDINAL BLVD.,HISEVILLE,KY,42152,False,no_match,1,
181189,LESLIE COUNTY HIGH SCHOOL,Federally Qualified Health Center,other,25 EAGLE LANE,HYDEN,KY,41749,False,no_match,1,
181190,JUNIPER HEALTH ELLIOTT COUNTY,Federally Qualified Health Center,other,308 N KY 7,SANDY HOOK,KY,41171,False,no_match,1,
181199,PRIMARY PLUS  GRAYSON,Federally Qualified Health Center,other,100 BELLEFONTE DRIVE,GRAYSON,KY,41143,False,no_match,1,
181800,PRIMARY PLUS  KID CARE,Federally Qualified Health Center,other,"1350 MEDICAL PARK DRIVE, SUITE 3",MAYSVILLE,KY,41056,False,no_match,1,
181806,DEWITT ELEMENTARY SCHOOL BASED HEALTH CLINIC,Federally Qualified Health Center,other,138 KY 718,FLAT LICK,KY,40935,False,no_match,1,
181818,LEWIS  COUNTY PRIMARY CARE CENTER INC,Federally Qualified Health Center,other,POST OFFICE BOX 550  ROUTE 10W,VANCEBURG,KY,41179,False,no_match,2,
181822,HEALTH HELP WHITE HOUSE CLINIC,Federally Qualified Health Center,other,1010 MAIN STREET S,MC KEE,KY,40447,False,no_match,2,
181825,SPENCER COUNTY RURAL HEALTH CLINIC,Federally Qualified Health Center,other,52 REASOR AVENUE,TAYLORSVILLE,KY,40071,False,no_match,2,
181826,LAUREL FORK CLINIC,Federally Qualified Health Center,other,GENERAL DELIVERY,FRAKES,KY,40940,False,no_match,1,
181827,CUMBERLAND RIVER CLINIC,Federally Qualified Health Center,other,CUMBERLAND REGIONAL MALL,WILLIAMSBURG,KY,40769,False,no_match,1,
181832,OWSLEY COUNTY MEDICAL CLINIC,Federally Qualified Health Center,other,NEW STATE RT 11 BEATTYVILLE ROAD,BOONEVILLE,KY,41314,False,no_match,2,
181833,BUCKHORN MEDICAL CLINIC,Federally Qualified Health Center,other,72 BUCKHORN CLINIC ROAD,BUCKHORN,KY,41721,False,no_match,2,
181834,LEATHERWOOD BLACKEY MEDICAL CLINIC,Federally Qualified Health Center,other,464 KY HIGHWAY 699,CORNETTSVILLE,KY,41731,False,no_match,1,
181845,LEWIS COUNTY PRIMARY CARE CENTER INC,Federally Qualified Health Center,other,"ROUTE 3, P.O. BOX 550",VANCEBURG,KY,41179,False,no_match,2,
181851,WHITE HOUSE CLINIC,Federally Qualified Health Center,other,401 HIGHLAND PARK DR,RICHMOND,KY,40475,False,no_match,1,
181873,GRACE COMMUNITY HEALTH CENTER INC,Federally Qualified Health Center,other,108 MANCHESTER SHOPPING CENTER,MANCHESTER,KY,40962,False,no_match,2,
181891,LETCHER ELEMENTARY SCHOOL BASED CLINIC,Federally Qualified Health Center,other,160 LHS DRIVE,CARBON GLOW,KY,41832,False,no_match,2,
181893,COWAN ELEMENTARY SCHOOL BASED CLINIC,Federally Qualified Health Center,other,3125 HIGHWAY 931 SOUTH,WHITESBURG,KY,41858,False,non_exact_direction,2,"3125 STATE HWY 931 N, WHITESBURG, KY, 41858"
181897,FLEMING NEON MIDDLE SCHOOL BASED CLINIC,Federally Qualified Health Center,other,50 2ND STREET,NEON,KY,41840,False,no_match,2,
181898,LETCHER COUNTY CENTRAL HIGH SCHOOL BASED CLINIC,Federally Qualified Health Center,other,435 COUGAR DRIVE,WHITESBURG,KY,41858,False,no_match,2,
181904,JAMESTOWN FAMILY MEDICAL CENTER,Federally Qualified Health Center,other,1417 NORTH MAIN STREET,JAMESTOWN,KY,42629,False,non_exact_direction,2,"1417 S MAIN ST, JAMESTOWN, KY, 42629"
181919,JHI WOLFE COUNTY FAMILY MEDICAL CLINIC,Federally Qualified Health Center,other,202 PLUMMER STREET,CAMPTON,KY,41301,False,no_match,2,
181928,GRACE COMMUNITY WOMEN'S HEALTH,Federally Qualified Health Center,other,"1019 CUMBERLAND FALLS HIGHWAY, SUITE D141",CORBIN,KY,40701,False,no_match,2,
181936,WHITLEY FAMILY MEDICAL,Federally Qualified Health Center,other,19 MEDICAL LOOP 3,WHITLEY CITY,KY,42653,False,no_match,2,
181940,ADAIR COUNTY PRIMARY HEALTHYKIDS CLINIC,Federally Qualified Health Center,other,158 COLONEL CASEY DRIVE,COLUMBIA,KY,42728,False,no_match,1,
181943,CASEY COUNTY HIGH HEALTHY KIDS CLINIC,Federally Qualified Health Center,other,1841 E KY 70,LIBERTY,KY,42539,False,no_match,1,
181944,CLINTON COUNTY HIGH HEALTHY KIDS CLINIC,Federally Qualified Health Center,other,65 HIGH SCHOOL DRIVE,ALBANY,KY,42602,False,no_match,1,
181946,WAYNE COUNTY MIDDLE HEALTHY KIDS CLINIC,Federally Qualified Health Center,other,95 CHAMPION DRIVE,MONTICELLO,KY,42633,False,no_match,1,
181954,RUSSELL COUNTY MIDDLE HEALTHY KIDS CLINIC,Federally Qualified Health Center,other,2258 W HWY 127,RUSSELL SPRINGS,KY,42642,False,no_match,1,
181956,ADAIR COUNTY MIDDLE HEALTHY KIDS CLINIC,Federally Qualified Health Center,other,322 GENERAL JOHN ADAIR DRIVE,COLUMBIA,KY,42728,False,no_match,1,
181963,CABELL PLAT MEDICAL CENTER,Federally Qualified Health Center,other,700 MARTIN LUTHER KING JR AVE,HENDERSON,KY,42420,False,tie,1,
181978,TRIAD HEALTH SYSTEMS INC,Federally Qualified Health Center,other,1005 HIGHWAY 22E,OWENTON,KY,40359,False,no_match,2,
181983,WALNUT HILL ELEMENTARY HEALTHY KIDS CLINIC,Federally Qualified Health Center,other,2834 S US 127,LIBERTY,KY,42539,False,no_match,1,
181986,ISOM MEDICAL CLINIC,Federally Qualified Health Center,other,105 ISOM PLAZA,JEREMIAH,KY,41826,False,no_match,2,
181989,EZRA SPARROW EARLY CHILDHOOD CTR HLTHY KIDS CLINIC,Federally Qualified Health Center,other,1154 BYPASS N,LAWRENCEBURG,KY,40342,False,no_match,1,
183415,ST CLAIRE REGIONAL FAMILY MEDICINE-SANDY HOOK,Rural Health Clinic,other,390 KY HIGHWAY 7 SOUTH,SANDY HOOK,KY,41171,False,no_match,2,
183417,ST CLAIRE REGIONAL FAMILY MEDICINE-OLIVE HILL,Rural Health Clinic,other,155 BRICKLAYER STREET,OLIVE HILL,KY,41164,False,no_match,2,
183430,LIBERTY FAMILY MEDICAL CENTER,Rural Health Clinic,other,511 MIDDLEBURG STREET,LIBERTY,KY,42539,False,no_match,2,
183442,ARH PRIMARY CARE ASSOCIATES - NJ,Rural Health Clinic,other,"12579 MAIN STREET, SUITE 101",MARTIN,KY,41649,False,no_match,2,
183465,MED CENTER HEALTH PRIMARY CARE MUNFORDSVILLE,Rural Health Clinic,other,1134 MAIN STREET,MUNFORDVILLE,KY,42765,False,tie,2,
183466,CASEY COUNTY FAMILY PRACTICE,Rural Health Clinic,other,199 ADAMS ST,LIBERTY,KY,42539,False,no_match,1,
183474,SPRING VIEW CLINIC,Rural Health Clinic,other,17 LINCOLN RDG,SPRINGFIELD,KY,40069,False,no_match,1,
183478,OWENSBORO HEALTH MUHLENBERG COMMUNITY HOSPITAL FAM,Rural Health Clinic,other,20225 W EVERLY BROTHERS BLVD,POWDERLY,KY,42367,False,no_match,2,
183484,ADVENTHEALTH RED BIRD CLINIC,Rural Health Clinic,other,53 QUEENDALE CENTER,BEVERLY,KY,40913,False,tie,2,
183490,ARH MEDICAL AND SPECIALTY ASSOCIATES-SALYERSVILLE,Rural Health Clinic,other,"186 BREANNA BOULEVARD, SUITE 100",SALYERSVILLE,KY,41465,False,no_match,2,
183821,AARON K JONAN MEMORIAL CLINIC,Rural Health Clinic,other,832 HIGHWAY 15 NORTH,JACKSON,KY,41339,False,no_match,2,
183837,"HOPE PRIMARY & URGENT CARE, PLLC",Rural Health Clinic,other,2157 S HIGHWAY 27,STEARNS,KY,42647,False,no_match,1,
183893,APPALACHIA HEALTH SERVICES,Rural Health Clinic,other,"3080 US HIGHWAY 25W, NORTH",WILLIAMSBURG,KY,40769,False,non_exact_direction,2,"3080 US HWY 25W, WILLIAMSBURG, KY, 40769"
183894,EXPRESS CARE WILLIAMSBURG,Rural Health Clinic,other,65 N HWY 25 W,WILLIAMSBURG,KY,40769,False,non_exact_direction,2,"65 US HWY 25W, WILLIAMSBURG, KY, 40769"
183898,FAMILY PRACTICE CLINIC OF BOONEVILLE,Rural Health Clinic,other,"200 MULBERRY STREET, SUITE A",BOONEVILLE,KY,41314,False,no_match,2,
183909,HOSKINS MEDICAL CENTER,Rural Health Clinic,other,1120 REUBEN STREET,LONDON,KY,40743,False,no_match,2,
183917,CORBIN FAMILY HEALTH CENTER,Rural Health Clinic,other,140 BRYAN BOULEVARD,CORBIN,KY,40701,False,wrong_county,2,"140 BRYAN DR, CORBIN, KY, 40701"
183918,PRIMARY CARE CENTERS OF EASTERN KY - HAZARD,Rural Health Clinic,other,"101 TOWN & COUNTRY LANE, SUITE 100",HAZARD,KY,41701,False,no_match,2,
183919,CENTERPOINT PRIMARY CARE- WINCHESTER,Rural Health Clinic,other,225 HOSPITAL DRIVE,WINCHESTER,KY,40391,False,no_match,2,
183920,"SOUTH FORK MEDICAL CLINIC, PLLC",Rural Health Clinic,other,71 MEDICAL LANE,WHITLEY CITY,KY,42653,False,no_match,2,
183924,"APPALACHIAN PHYSICIANS, PSC",Rural Health Clinic,other,48 DANIEL BOONE PLAZA,HAZARD,KY,41701,False,no_match,1,
183928,HO PHYSICIANS SERVICES CORPORATION,Rural Health Clinic,other,65 N HIGHWAY 25W,WILLIAMSBURG,KY,40769,False,non_exact_direction,2,"65 US HWY 25W, WILLIAMSBURG, KY, 40769"
183929,"CORBIN PEDIATRIC ASSOCIATES, PSC",Rural Health Clinic,other,57 SUMMIT DRIVE,CORBIN,KY,40701,False,no_match,1,
183933,ATIENZA-ACOB MEDICAL CLINIC,Rural Health Clinic,other,110 ROY KIDD AVENUE,CORBIN,KY,40701,False,no_match,2,
183941,"ALBAREE HEALTH SERVICES, LLC",Rural Health Clinic,other,"842 EAST MOUNTAIN PARKWAY, ROUTE 114",SALYERSVILLE,KY,41465,False,no_match,2,
183943,"HILLTOP PRIMARY CARE, INC",Rural Health Clinic,other,7617 UPPER JOHNS CREEK ROAD,PHELPS,KY,41553,False,no_match,2,
183948,"SHEPHERDSVILLE FAMILY HEALTH CLINIC, PSC",Rural Health Clinic,other,130 WEST JOE B HALL AVENUE,SHEPHERDSVILLE,KY,40165,False,no_match,1,
183959,"LON E LAFFERTY, MD, PSC",Rural Health Clinic,other,"2160 BLACKLOG ROAD, SUITE 120",INEZ,KY,41224,False,no_match,2,
183968,DEACONESS CLINIC MORGANFIELD,Rural Health Clinic,other,1284 US HWY 60 W,MORGANFIELD,KY,42437,False,non_exact_direction,2,"1284 US HWY 60 E, MORGANFIELD, KY, 42437"
183970,T J HEALTH COLUMBIA CLINIC,Rural Health Clinic,other,902 WELLNESS WAY,COLUMBIA,KY,42728,False,no_match,1,
183972,ACCESS FAMILY HEALTH CENTER,Rural Health Clinic,other,"315 HOSPITAL DRIVE, SUITE 2",BARBOURVILLE,KY,40906,False,no_match,2,
188503,ROCKCASTLE REGIONAL QUICKCARE CLINIC,Rural Health Clinic,other,1770 LAKE CUMBERLAND ROAD,MOUNT VERNON,KY,40456,False,no_match,2,
188504,PRIMARY CARE ASSOCIATES OF RUSSELL COUNTY,Rural Health Clinic,other,92 JOE PETTY DRIVE,RUSSELL SPRINGS,KY,42642,False,no_match,2,
188510,ARH TRI-CITY MEDICAL CENTER,Rural Health Clinic,other,18880 NORTH US HIGHWAY 119,CUMBERLAND,KY,40823,False,no_match,2,
188513,NORTH GARRARD FAMILY MEDICAL CENTER,Rural Health Clinic,other,510 NORTH CAMP DICK ROAD,LANCASTER,KY,40444,False,no_match,2,
188514,EPHRAIM MCDOWELL SPRINGFIELD FAMILY MEDICAL CENTER,Rural Health Clinic,other,280 LINCOLN DRIVE,SPRINGFIELD,KY,40069,False,no_match,2,
188519,ARH CUMBERLAND VALLEY MEDICAL AND SURGICAL ASSOC,Rural Health Clinic,other,3504 WEST CUMBERLAND AVENUE,MIDDLESBORO,KY,40965,False,no_match,2,
188523,DANVILLE FAMILY PHYSICIANS,Rural Health Clinic,other,109 DANIEL DRIVE,DANVILLE,KY,40422,False,no_match,2,
188529,CALDWELL MEDICAL ASSOCIATES,Rural Health Clinic,other,700 CASSIDY AVE,FREDONIA,KY,42411,False,no_match,1,
188537,ARH FAMILY CARE-WAYLAND,Rural Health Clinic,other,2662 KING KELLY COLEMAN HIGHWAY,WAYLAND,KY,41666,False,no_match,2,
188538,ARH MCDOWELL CLINIC,Rural Health Clinic,other,9879 KY ROUTE 122,MC DOWELL,KY,41647,False,no_match,1,
188543,ARH MEDICAL MALL FAMILY SPECIALTY CLINIC,Rural Health Clinic,other,210 BLACKGOLD BOULEVARD,HAZARD,KY,41701,False,no_match,2,
188545,SAINT JOSEPH PRIMARY CARE ASSOCIATES-CORBIN-RHC,Rural Health Clinic,other,2867 CUMBERLAND FALLS HWY,CORBIN,KY,40701,False,no_match,1,
188550,SAINT JOSEPH PRIMARY CARE ASSOCIATES LONDON-RHC,Rural Health Clinic,other,1025 SAINT JOSEPH LANE,LONDON,KY,40741,False,no_match,2,
188551,ADVENTHEALTH MCKEE CLINIC,Rural Health Clinic,other,241 MAIN STREET SOUTH,MC KEE,KY,40447,False,no_match,2,
188552,ADVENTHEALTH LONDON PARKWAY CLINIC,Rural Health Clinic,other,"102 PROFESSIONAL DRIVE, SUITE 2",LONDON,KY,40741,False,no_match,2,
188567,ADVENTHEALTH PINEVILLE CLINIC,Rural Health Clinic,other,"12904 ROBERT L MADON BYP, STE 2",PINEVILLE,KY,40977,False,no_match,1,
188571,"ST CLAIRE MEDICAL CENTER, INC",Rural Health Clinic,other,431 HAMPTON WAY,MOREHEAD,KY,40351,False,no_match,1,
188909,UNITED CLINICS OF KENTUCKY BEATTYVILLE,Rural Health Clinic,other,219 MOUNTAIN PARKWAY SPUR,CAMPTON,KY,41301,False,no_match,1,
188918,ONE HEALTH OHIO COUNTY,Rural Health Clinic,other,1213 NORTH MAIN STREET,BEAVER DAM,KY,42320,False,no_match,2,
188920,QUANTUM HEALTHCARE ASSOCIATES OF CUMBERLAND,Rural Health Clinic,other,103 KINGDOM COME DRIVE,CUMBERLAND,KY,40823,False,no_match,2,
188928,"COMMUNITY FAMILY CLINIC, PLLC",Rural Health Clinic,other,17 MILLER DRIVE,OWINGSVILLE,KY,40360,False,no_match,2,
188933,"MOUNTAIN FAMILY PRACTICE CLINIC OF MANCHESTER, INC",Rural Health Clinic,other,108 MANCHESTER SQ,MANCHESTER,KY,40962,False,no_match,2,
188934,"KNOTT COUNTY CENTER FOR FAMILY HEALTH, LLC",Rural Health Clinic,other,3470 HIGHWAY 80W,EMMALENA,KY,41740,False,no_match,2,
188936,"PREFERRED HEALTHCARE, INC",Rural Health Clinic,other,686 SOUTH HIGHWAY 25W,WILLIAMSBURG,KY,40769,False,non_exact_direction,2,"686 US HWY 25W, WILLIAMSBURG, KY, 40769"
188940,BAPTIST PRIMARY CARE OF WILLIAMSBURG,Rural Health Clinic,other,990 S HIGHWAY 25 W,WILLIAMSBURG,KY,40769,False,non_exact_direction,1,"990 US HWY 25W, WILLIAMSBURG, KY, 40769"
188941,"MARTIN COUNTY RURAL HEALTH CLINIC, PLLC",Rural Health Clinic,other,64 KIRK PLAZA,INEZ,KY,41224,False,no_match,2,
188943,THREE RIVERS IMMEDIATE CARE - INEZ,Rural Health Clinic,other,94 BOARD WALK,INEZ,KY,41224,False,no_match,2,
188946,BRYANT FAMILY MEDICINE,Rural Health Clinic,other,3277 NORTH HIGHWAY 25W,WILLIAMSBURG,KY,40769,False,no_match,2,
188966,FAMILY HEALTH CARE ASSOCIATES,Rural Health Clinic,other,249 OLD US HIGHWAY 421,MANCHESTER,KY,40962,False,no_match,1,
188969,LAKE CUMBERLAND PEDIATRICS AND INTERNAL MEDICINE,Rural Health Clinic,other,268 ROLLING HILLS BLVD,MONTICELLO,KY,42633,False,no_match,1,
188975,BAPTIST HEALTH MEDICAL GROUP FAMILY MEDICINE CORBI,Rural Health Clinic,other,96 FUTURE DRIVE,CORBIN,KY,40701,False,no_match,2,
188978,"FAMILY PRACTICE OF KENTUCKY, LLC",Rural Health Clinic,other,21 CREST VIEW DRIVE,MANCHESTER,KY,40962,False,no_match,2,
B01000,JENKINS MIDDLE HIGH SCHOOL BASED CLINIC,Federally Qualified Health Center,other,269 HWY 3086,JENKINS,KY,41537,False,no_match,1,
B01001,BURDINE CAMPUS SCHOOL BASED CLINIC,Federally Qualified Health Center,other,11497 HIGHWAY 805,BURDINE,KY,41517,False,no_match,1,
B01004,SBH  CANE RIDGE,Federally Qualified Health Center,other,"8000 MARTIN LUTHER KING BLVD., JR. BLVD.",PARIS,KY,40361,False,no_match,1,
B01007,STERLING HEALTH CARE STANTON,Federally Qualified Health Center,other,68 E ELKINS STREET,STANTON,KY,40380,False,no_match,2,
B01009,FAITH HEALTHCARE INC,Federally Qualified Health Center,other,126 FRANKLIN ROAD,BARRIER,KY,42633,False,no_match,2,
B01010,PHILLIPS PRATT & MCFARLAND PSC,Federally Qualified Health Center,other,1 S CREEK DR STE 102,MONTICELLO,KY,42633,False,no_match,1,
B01014,MCCREARY CENTRAL HIGH HEALTHY KIDS CLINIC,Federally Qualified Health Center,other,400 RAIDER WAY,STEARNS,KY,42647,False,no_match,1,
B01031,SBH - POWELL COUNTY HIGH,Federally Qualified Health Center,other,700 W COLLEGE AVE,STANTON,KY,40380,False,non_exact_direction,1,"700 E COLLEGE AVE, STANTON, KY, 40380"
B01032,KNOTT COUNTY MEDICAL CLINIC,Federally Qualified Health Center,other,70 HOLLY HILLS MALL RD,HINDMAN,KY,41822,False,no_match,2,
B01053,GRACE HEALTH SBHC HAYES LEWIS ELEMENTARY,Federally Qualified Health Center,other,10130 CUTSHIN CREEK RD,YEADDISS,KY,41777,False,no_match,1,
B01059,ROBERTSON COUNTY FAMILY HEALTH CENTER,Federally Qualified Health Center,other,45 MCDOWELL ST,KENTONTOWN,KY,41064,False,no_match,2,
B01061,MARTIN COUNTY MIDDLE SCHOOL CLINIC,Federally Qualified Health Center,other,130 MIDDLE SCHOOL DR.,HODE,KY,41267,False,no_match,2,
B01078,OAKLAND ELEMENTARY HEALTHY KIDS CLINIC,Federally Qualified Health Center,other,2494 CHURCH ST,OAKLAND,KY,42159,False,no_match,1,
B01085,FIRST CHOICE IMMEDIATE CARE-MCCREARY,Federally Qualified Health Center,other,1900 N HIGHWAY 27,WHITLEY CITY,KY,42653,False,no_match,1,
B01099,DAYSPRING REGIONAL HEALTH CENTER,Federally Qualified Health Center,other,965 S HIGHWAY 25 W,WILLIAMSBURG,KY,40769,False,non_exact_direction,1,"965 US HWY 25W, WILLIAMSBURG, KY, 40769"
B01109,QUANTUM HEALTHCARE ASSOCIATES,Federally Qualified Health Center,other,210 BLACK GOLD BLVD,BROWNS FORK,KY,41701,False,no_match,2,
B01110,DUFF-ALLEN CENTRAL ELEMENTARY SCHOOL,Federally Qualified Health Center,other,183 REBEL RD,EASTERN,KY,41622,False,no_match,1,
B01114,JUNIPER HEALTH RED RIVER ELEMENTARY SCHOOL,Federally Qualified Health Center,other,1134 KY-191,BUSKIRK,KY,41332,False,no_match,2,
B01117,JUNIPER HEALTH HIGHLAND TURNER ELEMENTARY,Federally Qualified Health Center,other,10355 HIGHWAY 30W,BOONEVILLE,KY,41314,False,wrong_county,2,"10355 STATE HWY 30, BOONEVILLE, KY, 41314"
B01119,JUNIPER HEALTH CAMPTON ELEMENTARY SCHOOL,Federally Qualified Health Center,other,166 KY HIGHWAY 2491,CAMPTON,KY,41301,False,no_match,1,
B01120,JUNIPER HEALTH ROGERS ELEMENTARY SCHOOL,Federally Qualified Health Center,other,1745 KY 715,ROGERS,KY,41365,False,no_match,1,
B01144,STERLING HEALTH CARE - PARIS,Federally Qualified Health Center,other,2228 MARTIN LUTHER KING JR BLVD,PARIS,KY,40361,False,no_match,1,
B01165,TROJAN WAY CENTER HEALTHY KIDS CLINIC,Federally Qualified Health Center,other,"601 TROJAN TRAIL, RM 101",GLASGOW,KY,42141,False,no_match,2,
B01167,FIRST CHOICE IMMEDIATE CARE- LINCOLN,Federally Qualified Health Center,other,135 WADE OWENS DR,STANFORD,KY,40484,False,no_match,2,
B01183,HEALTH FIRST COMMUNITY HEALTH CENTER,Federally Qualified Health Center,other,140 VETERANS MEMORIAL AVE,CLAY,KY,42404,False,no_match,1,
B01196,HOMEPLACE CLINIC SALYERSVILLE,Federally Qualified Health Center,other,540 PARKWAY DR,BETHANNA,KY,41465,False,no_match,2,
B03800,PIONEER RURAL HEALTH CLINIC,Rural Health Clinic,other,203 S WATER ST,LOUISA,KY,41230,False,no_match,1,
B03802,DAWSON SPRING RHC,Rural Health Clinic,other,225 INDUSTRIAL PARK ROAD,DAWSON SPRINGS,KY,42408,False,no_match,2,
B03814,RICHMOND URGENT CARE,Rural Health Clinic,other,648 UNIVERSITY SHOPPING CTR,RICHMOND,KY,40475,False,no_match,1,
B03818,TAYLOR FAMILY HEALHTCARE PLLC,Rural Health Clinic,other,14 MOONBOW PLZ SUITE 2,CORBIN,KY,40701,False,no_match,1,
B03822,FAMILY HEALTH CARE ASSOCIATES 4,Rural Health Clinic,other,"110 PROFESSIONAL LN, STE 202",HARLAN,KY,40831,False,no_match,1,
B03830,TRINITY FAMILY HEALTH PLLC,Rural Health Clinic,other,1449 N US HIGHWAY 25E STE 3,CORBIN,KY,40701,False,no_match,1,
B03832,"FAMILY HEALTHCARE ASSOCIATES 7, LLC",Rural Health Clinic,other,422 NORTH HWY 27,WHITLEY CITY,KY,42653,False,no_match,2,
B03836,"MT STERLING PEDIATRICS, PSC",Rural Health Clinic,other,401 COMMERCE CIR,MOUNT STERLING,KY,40353,False,no_match,2,
B03837,KENTUCKY FAMILY MEDICINE,Rural Health Clinic,other,706 MANOR ST,CORBIN,KY,40701,False,wrong_county,2,"706 W MAYNOR ST, CORBIN, KY, 40701"
B03840,VANDERBILT PEDIATRIC ASSOCIATES,Rural Health Clinic,other,4235 FORT CAMPBELL BLVD,HOPKINSVILLE,KY,42240,False,no_match,1,
B03845,CLEMENTE V ZULUETA JR MD PLLC,Rural Health Clinic,other,726 HIGHWAY 15 N,JACKSON,KY,41339,False,no_match,1,
B03860,FAST PACE HEALTH -BARDSTOWN,Rural Health Clinic,other,1095 MORTON AVE,BARDSTOWN,KY,40004,False,no_match,1,
B03861,FAST PACE HEALTH-BEAVER DAM,Rural Health Clinic,other,1430 N MAIN ST,BEAVER DAM,KY,42320,False,no_match,1,
B03866,FAST PACE HEALTH-LAWRENCEBURG,Rural Health Clinic,other,1000 W PARK DR,LAWRENCEBURG,KY,40342,False,no_match,1,
B03881,FAMILY MEDICAL SPECIALTY CLINIC PLLC,Rural Health Clinic,other,12 JACKSON HEIGHTS DRIVE,JACKSON,KY,41339,False,no_match,2,
B03883,"FAMILY HEALTH CARE ASSOCIATES 6, LLC",Rural Health Clinic,other,8070 US HWY 60 WEST,LEWISPORT,KY,42351,False,no_match,2,
B03887,TRINITY FAMILY HEALTH OF MANCHESTER,Rural Health Clinic,other,444 MANCHESTER SQUARE SHOPPING CENTER,MANCHESTER,KY,40962,False,no_match,1,
B03890,THREE RIVERS IMMEDIATE CARE,Rural Health Clinic,other,306 COMMERCE DRIVE STE 700,LOUISA,KY,41230,False,no_match,2,
B03895,"BETSY LAYNE PRIMARY CARE, FLOYD COUNTY RURAL HEAL",Rural Health Clinic,other,8324 KY ROUTE 122,MINNIE,KY,41651,False,no_match,1,
B03897,COMPASSION PEDIATRICS OF WAYLAND,Rural Health Clinic,other,2643 KING KELLY COLEMAN HWY,WAYLAND,KY,41666,False,no_match,1,
B03898,FAST PACE HEALTH-CORBIN,Rural Health Clinic,other,1873 CUMBERLAND FALLS HWY,CORBIN,KY,40701,False,no_match,2,
B03910,HEALTH EXPRESS FAMILY PRACTICE AND URGENT CARE,Rural Health Clinic,other,1752 HIGHWAY 192 W STE 300,LONDON,KY,40741,False,no_match,1,
B03918,HOPE PRIMARY & URGENT CARE OF WILLIAMSBURG,Rural Health Clinic,other,896 S-HIGHWAY 25W,WILLIAMSBURG,KY,40769,False,non_exact_direction,2,"896 US HWY 25W, WILLIAMSBURG, KY, 40769"
B03919,APPALACHIAN WELLNESS PRIMARY CARE LLC,Rural Health Clinic,other,"592 KY 15 S, STE 1-2",CAMPTON,KY,41301,False,no_match,1,
B03920,MAGUET MEDICAL CENTER LLC,Rural Health Clinic,other,"40 MOONBOW PLAZA, SUITE 1",CORBIN,KY,40701,False,no_match,2,
B03923,STANFORD WELLCARE CLINIC PLLC,Rural Health Clinic,other,132 FRONTIER BLVD STE 101,STANFORD,KY,40484,False,no_match,1,
B03927,RED MAPLE PEDIATRICS,Rural Health Clinic,other,1621 NASHVILLE ST,RUSSELLVILLE,KY,42276,False,no_match,1,
B03934,FAST PACE HEALTH-  CORBIN,Rural Health Clinic,other,521 E CUMBERLAND GAP PKWYSUITE 1,CORBIN,KY,40701,False,no_match,2,
B03937,MED CENTER HEALTH PRIMARY CARE RUSSELLVILLE,Rural Health Clinic,other,"1719 NASHVILLE ST, STE C",RUSSELLVILLE,KY,42276,False,no_match,1,
B03946,FAMILY HEALTH CARE ASSOCIATES 9,Rural Health Clinic,other,3080 N HIGHWAY 25 W,WILLIAMSBURG,KY,40769,False,non_exact_direction,1,"3080 US HWY 25W, WILLIAMSBURG, KY, 40769"
B03952,"FAMILY HEALTH CARE ASSOCIATES 11, LLC",Rural Health Clinic,other,804 W LAUREL RD,LONDON,KY,40741,False,tie,1,
B03953,PRIMARY CARE MURRAY,Rural Health Clinic,other,506 N 12TH ST,MURRAY,KY,42071,False,non_exact_direction,1,"506 S 12TH ST, MURRAY, KY, 42071"
B03956,MOREHEAD PEDIATRICS,Rural Health Clinic,other,130 NEWTOWNE SQ,MOREHEAD,KY,40351,False,no_match,1,
B03960,CENTERPOINT FAMILY MEDICINE- LAWRENCEBURG,Rural Health Clinic,other,1004 W PARK DR STE B,LAWRENCEBURG,KY,40342,False,no_match,1,
B03962,SOUTH FORK CLINIC,Rural Health Clinic,other,57 MEDICAL LANE,WHITLEY CITY,KY,42653,False,no_match,1,
B03969,LAUREL MEDICAL SERVICES LLC,Rural Health Clinic,other,421 W HWY 80,LONDON,KY,40741,False,no_match,2,
B08901,PATEL MEDICAL CLINIC- IRVINGTON,Rural Health Clinic,other,205 US-60 W,IRVINGTON,KY,40146,False,no_match,1,
B08904,PHYSICIANS EXPRESS CARE,Rural Health Clinic,other,93 CVB DRIVE,LONDON,KY,40741,False,no_match,2,
B08907,FRESH START HEALTH CENTERS,Rural Health Clinic,other,150 NEWTOWNE SQ,MOREHEAD,KY,40351,False,no_match,1,
B08908,GGC RURAL HEALTH CLINIC BROWNSVILLE,Rural Health Clinic,other,"100 PARK PLACE, SUITE 4",BROWNSVILLE,KY,42210,False,no_match,2,
B08917,HORIZON HEALTH WILLIAMSBURG,Rural Health Clinic,other,114 N SECOND STREET,WILLIAMSBURG,KY,40769,False,no_match,2,
191000,COMMON GROUND HEALTH CLINIC,Federally Qualified Health Center,other,441 WALL BLVD,GRETNA,LA,70056,False,no_match,1,
191023,HAHNVILLE HS SBHC,Federally Qualified Health Center,other,1150 W. CAUSEWAY APPROACH,MANDEVILLE,LA,70471,False,no_match,1,
191027,ACADIAN CARE HAMMOND,Federally Qualified Health Center,other,2545 VETERANS AVENUE,HAMMOND,LA,70403,False,no_match,1,
191035,HAYNES ACADEMY SBHC,Federally Qualified Health Center,other,4301 GRACE KING PLACE,METAIRIE,LA,70002,False,no_match,2,
191051,DOUGLAS COMMUNITY SCHOOL SBHC,Federally Qualified Health Center,other,1400 HUEY P LONG AVENUE,GRETNA,LA,70053,False,no_match,2,
191061,JEFFERSON COMMUNITY HEALTH CARE CENTERS INC,Federally Qualified Health Center,other,7001 LAPALCO BLVD,MARRERO,LA,70072,False,no_match,1,
191066,WINN COMMUNITY HEALTH CENTER INC,Federally Qualified Health Center,other,301 3RD ST,COLFAX,LA,71417,False,no_match,1,
191068,WINN COMMUNITY HEALTH CENTER INC,Federally Qualified Health Center,other,601 CLOVERLEAF BLVD,ALEXANDRIA,LA,71303,False,no_match,1,
191078,"WINN COMMUNITY HEALTH CENTER, INC.",Federally Qualified Health Center,other,4310 PARDUE RD,BALL,LA,71405,False,no_match,1,
191083,KENNER COMMUNITY HEALTH CENTER,Federally Qualified Health Center,other,671 W ESPLANADE AVE,KENNER,LA,70065,False,no_match,1,
191088,OPEN HEALTH CARE CLINIC,Federally Qualified Health Center,other,30789 N RANGE AVE,DENHAM SPRINGS,LA,70726,False,no_match,1,
191096,KENNER COMMUNITY HEALTH CENTER,Federally Qualified Health Center,other,"819 W ESPLANADE AVE, STE B",KENNER,LA,70065,False,no_match,1,
191109,TECHE ACTION BOARD INC,Federally Qualified Health Center,other,22187 HIGHWAY 20,VACHERIE,LA,70090,False,tie,1,
191125,PROVENCAL ELEMENTARY SBHC,Federally Qualified Health Center,other,132 CHERRY ST,PROVENCAL,LA,71468,False,no_match,1,
191147,PINEVILLE JR HIGH SBHC,Federally Qualified Health Center,other,501 EDGEWOOD DRIVE,PINEVILLE,LA,71360,False,no_match,2,
191156,CARESOUTH,Federally Qualified Health Center,other,7777 HENNESSY BLVD,BATON ROUGE,LA,70808,False,no_match,1,
191183,DEPAUL COMMUNITY HEALTH CENTERS,Federally Qualified Health Center,other,"1300 ORETHA CASTLE HALEY BLVD, SUITE B",NEW ORLEANS,LA,70113,False,no_match,1,
191190,TECHE HEALTH @ ST. JAMES HIGH SCHOOL,Federally Qualified Health Center,other,22187 HIGHWAY 20,VACHERIE,LA,70090,False,tie,1,
191197,CAROLINE DORMAN JR HIGH SBC,Federally Qualified Health Center,other,8906 HIGHWAY 165 S,WOODWORTH,LA,71485,False,no_match,1,
191807,DE SOTO COMPREHENSIVE HEALTH SVCS,Federally Qualified Health Center,other,HWY 84 LULA ST,LOGANSPORT,LA,71049,False,no_match,1,
191820,ST HELEN RHC,Federally Qualified Health Center,other,HWY 43 NORTH P O BOX 963,GREENSBURG,LA,70441,False,no_match,2,
191821,ST GABRIEL HEALTH CLINIC INC,Federally Qualified Health Center,other,P O BOX 209,SAINT GABRIEL,LA,70776,False,no_usable_address,0,
191832,INNIS COMMUNITY HEALTH CENTER,Federally Qualified Health Center,other,6450 LOUISIANA - HIGHWAY #1,INNIS,LA,70747,False,no_match,2,
191846,FERRIDAY FAMILY HEALTH CENTER,Federally Qualified Health Center,other,100 SERIO BLVD,FERRIDAY,LA,71334,False,no_match,1,
191850,"TENSAS COMMUNITY HEALTH CENTER, INC",Federally Qualified Health Center,other,1115 LEVEE ROAD,ST JOSEPH,LA,71366,False,no_match,2,
191853,JACKSON COMPLEX HEALTH CENTER,Federally Qualified Health Center,other,3619 HIGHWAY 10,JACKSON,LA,70748,False,no_match,1,
191857,"MOREHOUSE COMMUNITY MEDICAL CENTERS, INC",Federally Qualified Health Center,other,518-520 DURHAM STREET,BASTROP,LA,71220,False,non_exact_house_number,1,"520 DURHAM ST, BASTROP, LA, 71220"
191910,GRANT COMMUNITY HEALTH CENTER,Federally Qualified Health Center,other,340 WEBB SMITH DRIVE,COLFAX,LA,71417,False,tie,2,
191924,POINTE COUPEE CENTRAL HIGH SCHOOL BASED HEALTH CEN,Federally Qualified Health Center,other,8430 POINTE COUPEE ROAD,NEW ROADS,LA,70760,False,no_match,2,
191926,TECHE ACTION CLINIC AT GALLIANO,Federally Qualified Health Center,other,121 W 134TH STREET,GALLIANO,LA,70354,False,non_exact_direction,1,"121 E 134TH ST, GALLIANO, LA, 70354"
191929,JEFFCARE EAST JEFFERSON,Federally Qualified Health Center,other,3616 S I 10 SERVICE ROAD SUITE 100,METAIRIE,LA,70001,False,non_exact_direction,2,"3616 S I- 10 SVC RD W, METAIRIE, LA, 70001"
191934,TANGIPAHOA CHC,Federally Qualified Health Center,other,42351 PHYLLIS ANN DRIVE,HAMMOND,LA,70403,False,no_match,1,
191940,RKM PRIMARY CARE SPRINGFIELD,Federally Qualified Health Center,other,27124 HIGHWAY 42,SPRINGFIELD,LA,70462,False,tie,1,
191942,INCLUSIVCARE,Federally Qualified Health Center,other,5140 CHURCH STREET,LAFITTE,LA,70067,False,no_match,1,
191946,PRIORITY HEALTH CARE,Federally Qualified Health Center,other,"4700 WICHERS DRIVE, SUITES 304-305, 307",MARRERO,LA,70072,False,no_match,2,
191953,KENNER COMM HEALTH CENTER,Federally Qualified Health Center,other,1401 W ESPLANADE AVE SUITE 108A,KENNER,LA,70065,False,no_match,1,
191969,PHSC-GRAMBLING FAMILY HEALTH CENTER,Federally Qualified Health Center,other,7604 HIGHWAY 80,GRAMBLING,LA,71245,False,no_match,1,
191970,RKM PRIMARY CARE LORANGER,Federally Qualified Health Center,other,54016 HIGHWAY 1062,LORANGER,LA,70446,False,no_match,1,
191983,"BAPTIST COMMUNITY HEALTH SERVICES, INC.",Federally Qualified Health Center,other,1616 FATS DOMINO AVE,NEW ORLEANS,LA,70117,False,no_match,1,
191984,ST THOMAS COMMUNITY HEALTH CENTER-WEST BANK,Federally Qualified Health Center,other,230 OCHSNER BLVD,GRETNA,LA,70056,False,no_match,1,
193409,COMMUNITY MEDICAL CLINIC,Rural Health Clinic,other,712 SETTOON STREET,OAK GROVE,LA,71263,False,no_match,1,
193416,REEVES MEMORIAL MEDICAL CENTER,Rural Health Clinic,other,"100 MEDICAL PARK DRIVE, SUITE A",BERNICE,LA,71222,False,no_match,2,
193446,CITIZENS RURAL CLINIC,Rural Health Clinic,other,554 COLLINS ROAD,COLUMBIA,LA,71418,False,no_match,2,
193448,DESOTO REGIONAL FAMILY MEDICINE - LOGANSPORT,Rural Health Clinic,other,808 MAIN STREET,LOGANSPORT,LA,71049,False,no_match,1,
193453,LADY OF THE SEA MEDICAL CLINIC - LAROSE,Rural Health Clinic,other,13030 HWY 308,LAROSE,LA,70373,False,no_match,2,
193466,S M C DOCTORS CLINIC,Rural Health Clinic,other,401 11TH N E,SPRINGHILL,LA,71075,False,no_match,2,
193467,ELIZABETH FAMILY HEALTH CLINIC,Rural Health Clinic,other,504 WEST MAIN STREET,ELIZABETH,LA,70638,False,no_match,2,
193473,STERLINGTON OUTPATIENT RURAL HEALTH CLINIC,Rural Health Clinic,other,10374 HIGHWAY 165,STERLINGTON,LA,71280,False,no_match,2,
193485,NCMC PLAIN DEALING MEDICAL CLINIC,Rural Health Clinic,other,112 FOREST STREET,PLAIN DEALING,LA,71064,False,tie,1,
193490,ERATH DELCAMBRE COMMUNITY CARE CLINIC,Rural Health Clinic,other,220 NORTH ROAD,ERATH,LA,70533,False,no_match,2,
193493,HARDTNER FAMILY CLINIC,Rural Health Clinic,other,15712 HWY 165,URANIA,LA,71480,False,no_match,2,
193497,ST HELENA PARISH HOSPITAL RURAL HEALTH CLINIC,Rural Health Clinic,other,6214 HWY 10,GREENSBURG,LA,70441,False,no_match,2,
193860,ST JOSEPH MEDICAL CLINIC AMC,Rural Health Clinic,other,22080 LA HWY 20 W,VACHERIE,LA,70090,False,tie,2,
193897,THIBODAUX MEDICAL CLINIC,Rural Health Clinic,other,931 NORTH CANAL BLVD,THIBODAUX,LA,70301,False,no_match,2,
193917,NEWMAN FAMILY CLINIC,Rural Health Clinic,other,502 HOSPITAL DRIVE,OAKDALE,LA,71463,False,no_match,1,
193918,CHILDREN'S INTERNATIONAL MEDICAL GROUP,Rural Health Clinic,other,2401 WASHINGTON ST,FRANKLINTON,LA,70438,False,no_match,1,
193921,CHENEVERT FAMILY CARE CLINIC,Rural Health Clinic,other,501 FRONT STREET,CHENEYVILLE,LA,71325,False,no_match,2,
193922,"FAMILY HEALTHCARE OF LORANGER, LLC",Rural Health Clinic,other,54002 HWY 1062,LORANGER,LA,70446,False,no_match,2,
193925,PEDIATRIC GROUP OF ACADIANA & FAMILY CLINIC,Rural Health Clinic,other,550 WEST VETERANS MEMORIAL DRIVE,ERATH,LA,70533,False,no_match,1,
193926,ELIZABETH FAMILY CLINIC,Rural Health Clinic,other,"4855 HIGHWAY 10 W, SUITE C",ELIZABETH,LA,70638,False,no_match,1,
193927,PINE PRAIRIE FAMILY HEALTHCARE,Rural Health Clinic,other,1015 SANDERS STREET,PINE PRAIRIE,LA,70576,False,no_match,1,
193941,DARBONNE HEALTH CARE CLINIC,Rural Health Clinic,other,206 BOOTS DRIVE,FARMERVILLE,LA,71241,False,no_match,2,
193949,WATERWAY PEDIATRICS,Rural Health Clinic,other,"12713 WATERWAY DR., SUITE A",MAUREPAS,LA,70449,False,no_match,2,
193950,KENTWOOD FAMILY CLINIC LLC,Rural Health Clinic,other,919 AVENUE G,KENTWOOD,LA,70444,False,no_match,1,
193958,YOU THRIVE FAMILY HEALTHCARE CLINIC OF PONCHATOULA,Rural Health Clinic,other,1054 SW RAILROAD AVE,PONCHATOULA,LA,70454,False,non_exact_direction,1,"1054 SE RAILROAD AVE, PONCHATOULA, LA, 70454"
193963,QUICKCARE OF RUSTON,Rural Health Clinic,other,"1420 COMMERCE STREET, SUITE 1",RUSTON,LA,71270,False,no_match,2,
193973,CHAUDHRY CLINIC,Rural Health Clinic,other,11809 HIGHWAY 84 W,JENA,LA,71342,False,no_match,1,
193977,ELTON RURAL HEALTH CLINIC,Rural Health Clinic,other,907 MAIN STREET,ELTON,LA,70532,False,no_match,2,
198509,OAKDALE EXPRESS CARE,Rural Health Clinic,other,1884 HWY 165 SOUTH,OAKDALE,LA,71463,False,non_exact_direction,2,"1884 HWY 165 N, OAKDALE, LA, 71463"
198513,BENTON MEDICAL,Rural Health Clinic,other,188 BURT BOULEVARD,BENTON,LA,71006,False,no_match,2,
198515,WEST LOUISIANA FAMILY PRACTICE-DERIDDER,Rural Health Clinic,other,412 S PINE STREET,DERIDDER,LA,70634,False,non_exact_direction,2,"412 N PINE ST, DERIDDER, LA, 70634"
198516,ALLSTAR FAMILY MEDICAL CLINIC,Rural Health Clinic,other,301 W FERTITTA BLVD,LEESVILLE,LA,71446,False,no_match,1,
198517,WEST LOUISIANA FAMILY PRACTICE-ROSEPINE,Rural Health Clinic,other,18570 JOHNNY B HALL MEMORIAL HWY,ROSEPINE,LA,70659,False,no_match,3,
198519,MARKSVILLE FAMILY CARE CENTER,Rural Health Clinic,other,5541 HWY 1,MARKSVILLE,LA,71351,False,no_match,2,
198521,BASILE FAMLY HEALTHCARE,Rural Health Clinic,other,2932 STAGG AVENUE,BASILE,LA,70515,False,no_match,2,
198522,THE MEDICAL OFFICE OF MANGHAM,Rural Health Clinic,other,261 HIGHWAY 132,MANGHAM,LA,71259,False,no_match,1,
198527,OCHSNER HEALTH CENTER-EUNICE,Rural Health Clinic,other,"3256 HIGHWAY 190, SUITE B",EUNICE,LA,70535,False,no_match,1,
198544,LUBBOS MEDICAL PLAZA,Rural Health Clinic,other,201 S. ARKANSAS STREET,LEESVILLE,LA,71446,False,non_exact_direction,2,"201 E ARKANSAS ST, LEESVILLE, LA, 71446"
198556,WEST LOUISIANA FAMILY PRACTICE- LEESVILLE,Rural Health Clinic,other,1201 FERTITTA AVE,LEESVILLE,LA,71446,False,no_match,2,
198559,OIL CITY MEDICAL,Rural Health Clinic,other,103 LA-1,OIL CITY,LA,71061,False,no_match,2,
198560,ST LANDRY FAMILY HEALTHCARE,Rural Health Clinic,other,536 VETERANS BOULEVARD,WASHINGTON,LA,70589,False,no_match,1,
198913,MINDEN MEDICAL CLINIC OF HAUGHTON,Rural Health Clinic,other,170 HEALTHCARE PLAZA DRIVE,HAUGHTON,LA,71037,False,no_match,2,
198929,LILY PAD PEDIATRICS LLC,Rural Health Clinic,other,153 TOWN BOULEVARD,OPELOUSAS,LA,70570,False,no_match,2,
198935,FAST PACE HEALTH,Rural Health Clinic,other,1299 MARCHAND DRIVE,DONALDSONVILLE,LA,70346,False,no_match,2,
198942,KAPLAN FAMILY CARE CLINIC,Rural Health Clinic,other,818 E VETERANS MEMORIAL DR,KAPLAN,LA,70548,False,non_exact_direction,2,"818 VETERAN'S MEMORIAL DR, KAPLAN, LA, 70548"
198943,FAST PACE HEALTH,Rural Health Clinic,other,213 W VETERANS MEMORIAL DRIVE,KAPLAN,LA,70548,False,non_exact_direction,1,"213 VETERAN'S MEMORIAL DR, KAPLAN, LA, 70548"
711012,DEPAUL COMMUNITY HEALTH CENTERS,Federally Qualified Health Center,other,3617 GENERAL PERSHING ST,NEW ORLEANS,LA,70125,False,tie,1,
711035,SOUTHEAST COMMUNITY HEALTH SYSTEMS- KENTWOOD HIGH,Federally Qualified Health Center,other,603 9TH ST,KENTWOOD,LA,70444,False,no_match,1,
711088,SOUTHEAST COMMUNITY HEALTH SYSTEMS - NORTHWESTERN,Federally Qualified Health Center,other,"4200 POPE RD, STE 504",ZACHARY,LA,70791,False,no_match,1,
711115,SOUTHEAST COMMUNITY HEALTH SYSTEMS - ZACHARY HIGH,Federally Qualified Health Center,other,4100 BRONCO LN,ZACHARY,LA,70791,False,no_match,1,
711185,DEPAUL COMMUNITY HEALTH CENTERS,Federally Qualified Health Center,other,1801 L B LANDRY AVE,NEW ORLEANS,LA,70114,False,no_match,1,
711943,SOUTHEAST COMMUNITY HEALTH SYSTEMS - CENTRAL TANGI,Federally Qualified Health Center,other,55420 N RAILROAD AVE,INDEPENDENCE,LA,70443,False,no_match,1,
711989,SOUTHEAST COMMUNITY HEALTH SYSTEMS - COPPER MILL,Federally Qualified Health Center,other,1300 INDEPENDENCE BLVD,ZACHARY,LA,70791,False,no_match,1,
951018,RKM AT MAUREPAS SCHOOL,Federally Qualified Health Center,other,23923 HIGHWAY 22,MAUREPAS,LA,70449,False,tie,1,
951023,DEPAUL COMMUNITY HEALTH CENTERS,Federally Qualified Health Center,other,4400 GENERAL MEYER AVE,NEW ORLEANS,LA,70131,False,no_match,1,
951038,RKM AT SOUTHSIDE JR HIGH,Federally Qualified Health Center,other,"26535 LA-HWY 16, STE. B RM J403",DENHAM SPRINGS,LA,70726,False,no_match,1,
951053,RKM AT SEVENTH WARD ELEMENTARY,Federally Qualified Health Center,other,"24495 LA HIGHWAY 16, RM 308",DENHAM SPRINGS,LA,70726,False,tie,1,
951054,RKM AT LORANGER ELEMENTARY,Federally Qualified Health Center,other,"54101 MARTIN STREET, RM T4",LORANGER,LA,70446,False,no_match,1,
951055,RKM AT AMITE ELEMENTARY,Federally Qualified Health Center,other,"301 VERNON AVE, RM 15",AMITE,LA,70422,False,no_match,1,
951057,RKM AT AMITE WESTSIDE MAGNET,Federally Qualified Health Center,other,"401 OAK STREET, BLDG T6",AMITE,LA,70422,False,tie,1,
951066,RKM AT WOODLAND PARK MAGNET,Federally Qualified Health Center,other,"1000 S RANGE RD, RM 36",HAMMOND,LA,70403,False,no_match,1,
951067,RKM AT MIDWAY ELEMENTARY,Federally Qualified Health Center,other,"48405 HIGHWAY 51, RM LIBRARY",TICKFAW,LA,70466,False,tie,1,
951099,RKM AT WALKER ELEMENTARY,Federally Qualified Health Center,other,13327 WILDCAT DR RM 109,WALKER,LA,70785,False,no_match,1,
951100,RKM AT SOUTHSIDE ELEMENTARY,Federally Qualified Health Center,other,"26535 LA HIGHWAY 16, STE. A RM RKM",DENHAM SPRINGS,LA,70726,False,no_match,1,
951161,RKM AT SPRINGFIELD MIDDLE,Federally Qualified Health Center,other,"24145 COATS RD, RM 701",SPRINGFIELD,LA,70462,False,no_match,1,
951189,RKM AT LORANGER MIDDLE SCHOOL,Federally Qualified Health Center,other,"54123 ALLMAN ST, RM T4",LORANGER,LA,70446,False,no_match,1,
951195,RKM AT DOYLE ELEMENTARY,Federally Qualified Health Center,other,"29285 S RANGE RD, RM 216B",LIVINGSTON,LA,70754,False,no_match,1,
951198,MONTGOMERY COMMUNITY HEALTH CENTER,Federally Qualified Health Center,other,641 ROWENA ST,MONTGOMERY,LA,71454,False,no_match,1,
951804,DRY PRONG COMMUNITY HEALTH CENTER,Federally Qualified Health Center,other,800 GROVE ST,DRY PRONG,LA,71423,False,no_match,1,
221014,"CARING HEALTH CENTER, INC",Federally Qualified Health Center,other,1235 BOSTON RD,SPRINGFIELD,MA,01119,False,no_match,2,
221861,JOSEPH M SMITH COMMUNITY HEALTH CENTER,Federally Qualified Health Center,other,43 FOUNDRY AVE,WALTHAM,MA,02453,False,no_match,2,
221878,MARKET SQUARE FAMILY HEALTH SERVICES,Federally Qualified Health Center,other,29 MARKET SQUARE,LYNN,MA,01905,False,no_match,1,
221890,MCINNIS HEALTH GROUP,Federally Qualified Health Center,other,WACC 108 55 FRUIT STREET,BOSTON,MA,02114,False,non_exact_house_number,2,"55 FRUIT ST, BOSTON, MA, 02114"
221933,CHP NORTH ADAMS FAMILY MEDICAL AND DENTAL CENTER,Federally Qualified Health Center,other,71 HOSPITAL AVE,BROOKLINE VILLAGE,MA,02147,False,no_match,1,
211073,CHOPTANK COMMUNITY HEALTH SYSTEM INC,Federally Qualified Health Center,other,601 HIGH ST.,CHESTERTOWN,MD,21620,False,no_match,2,
211817,GREATER BADEN HEALTH SERVICES,Federally Qualified Health Center,other,7450 ALBERT RD FL 3,BRANDYWINE,MD,20613,False,no_match,1,
211836,ANNE ARUNDEL FAMILY HEALTH CENTER,Federally Qualified Health Center,other,2204 MARYLAND AVENUE,BALTIMORE,MD,21228,False,wrong_county,1,"2204 MARYLAND AVE, BALTIMORE, MD, 21218"
211850,CHASE BREXTON HEALTH SERVICES,Federally Qualified Health Center,other,8507 LIBERTY ROAD,BALTIMORE,MD,21287,False,no_match,2,
211878,THREE LOWER COUNTIES COMMUNITY SERVICES,Federally Qualified Health Center,other,1665 WOODBROOKE DRIVE,SALISBURY,MD,21804,False,no_match,2,
211914,GREATER BADEN MEDICAL SERVICES AT OXON HILL,Federally Qualified Health Center,other,"6196 OXON HILL ROAD, SUITE 540",OXON HILL,MD,20745,False,no_match,2,
211918,"BALTIMORE MEDICAL SYSTEM, INC",Federally Qualified Health Center,other,"100 PINE HEIGHTS AVENUE, SUITE 100",BALTIMORE,MD,21229,False,no_match,1,
211921,CHESAPEAKE HEALTH CARE,Federally Qualified Health Center,other,"1615 TREE SAP CT, SUITE A",SALISBURY,MD,21804,False,no_match,1,
211943,CHESAPEAKE HEALTHCARE,Federally Qualified Health Center,other,1817 OLD VIRGINIA RD,POCOMOKE CITY,MD,21851,False,no_match,1,
801006,FEDERALSBURG HEALTH CENTER,Federally Qualified Health Center,other,320 HARGRAVES DR,FEDERALSBURG,MD,21632,False,no_match,1,
801023,"MOBILE MEDICAL CARE, INC.",Federally Qualified Health Center,other,1500 E GUDE DR,ROCKVILLE,MD,20850,False,no_match,1,
201036,GREATER PORTLAND HEALTH,Federally Qualified Health Center,other,295 PARK AVE,PORTLAND,ME,04102,False,no_match,2,
201039,HOMETOWN HEALTH CENTER,Federally Qualified Health Center,other,55 FLETCHER DR,PALMYRA,ME,04965,False,no_match,1,
201804,BINGHAM AREA HEALTH CENTER,Federally Qualified Health Center,other,PO BOX 746,BINGHAM,ME,04920,False,no_match,1,
201809,HEALTHREACH COMMUNITY HEALTH,Federally Qualified Health Center,other,47 MAIN STREET,COOPERS MILLS,ME,04341,False,no_match,2,
201816,"EASTPORT HEALTH CENTER, INC",Federally Qualified Health Center,other,30 BOYNTON ST,EASTPORT,ME,04631,False,no_match,2,
201817,SACOPEE VALLEY HEALTH CENTER,Federally Qualified Health Center,other,MAINS T,KEZAR FALLS,ME,04047,False,wrong_county,2,"70 MAIN ST, PORTER, ME, 04068"
201825,INDIAN TOWNSHIP HEALTH CENTER,Federally Qualified Health Center,other,ONE NEWELL DR,PRINCETON,ME,04668,False,tie,2,
201833,B STREET HEALTH CENTER,Federally Qualified Health Center,other,57 BIRCH ST STE 102,LEWISTON,ME,04240,False,no_match,2,
201835,ISLANDS COMMUNITY MEDICAL SERVICES INC,Federally Qualified Health Center,other,ATLANTIC AVE,VINALHAVEN,ME,04863,False,no_match,2,
201838,NORTHERN MAINE O B/ G Y N,Federally Qualified Health Center,other,252 ENFIELD RD,LINCOLN,ME,04457,False,tie,1,
201845,HEALTH ACCESS NETWORK INC BEN FISKE HEALTHCARE CTR,Federally Qualified Health Center,other,ROUTE 157,MEDWAY,ME,04460,False,no_match,2,
201899,HOPE HOUSE,Federally Qualified Health Center,other,181 CORPORATE DR,BANGOR,ME,04401,False,no_match,2,
201905,SEAPORT COMMUNITY HEALTH CENTER,Federally Qualified Health Center,other,53 SCHOODIC DRIVE,BELFAST,ME,04915,False,no_match,2,
201908,PINES KIMBALL COMMUNITY HEALTH CENTER,Federally Qualified Health Center,other,11 HARMONY LANE,FORT FAIRFIELD,ME,04742,False,no_match,2,
201918,SOUTH PORTLAND COMMUNITY HEALTH CENTER,Federally Qualified Health Center,other,100 BRICK HILL,PORTLAND,ME,04106,False,no_match,2,
201924,CCS BEHAVIORAL AT AMA,Federally Qualified Health Center,other,2 GREAT FALLS PLZ STE 21,AUBURN,ME,04210,False,no_match,2,
201927,CCS BEHAVIORAL AT SMMA,Federally Qualified Health Center,other,99 CAMPUT AVE STE 201 ROOM A,LEWISTON,ME,04240,False,no_match,2,
201957,CALAIS BLUE DEVIL HEALTH,Federally Qualified Health Center,other,35 BLUE DEVIL HL,CALAIS,ME,04619,False,no_match,2,
201965,GREATER PORTLAND HEALTH,Federally Qualified Health Center,other,295 PARK AVE,PORTLAND,ME,04102,False,no_match,2,
208510,MAINEHEALTH HERBERT AND ROBERTA WATSON HEALTH CTR,Rural Health Clinic,other,24 MILES STREET,DAMARISCOTTA,ME,04543,False,no_match,2,
231050,PACKARD HEALTH,Federally Qualified Health Center,other,1915 PAULINE BLVD,ANN ARBOR,MI,48103,False,no_match,1,
231076,PICKFORD MEDICAL CENTER,Federally Qualified Health Center,other,416 N M 129,PICKFORD,MI,49774,False,no_match,1,
231082,INDIAN RIVER HEALTH CENTER,Federally Qualified Health Center,other,6135 CRESSY STREET,INDIAN RIVER,MI,49749,False,no_match,2,
231090,FAMILY MEDICAL CENTER OF MI - MONROE II,Federally Qualified Health Center,other,1085 N MACOMB STREET,TEMPERANCE,MI,48182,False,no_match,1,
231093,ALPENA PUBLIC SCHOOLS THUNDER BAY JUNIOR HIGH,Federally Qualified Health Center,other,3500 S THIRD AVE,ALPENA,MI,49707,False,no_match,1,
231109,ALCONA HEALTH CENTER PELLSTON SERVICES,Federally Qualified Health Center,other,"421 STIMPSON ST, UNIT 102",PELLSTON,MI,49769,False,no_match,1,
231120,PINE RIVER,Federally Qualified Health Center,other,17445 PINE RIVER RD,LE ROY,MI,49655,False,no_match,2,
231134,ALCONA HEALTH CENTER ALPENA DENTAL SERVICES,Federally Qualified Health Center,other,3036 FRENCH ROAD,ALPENA,MI,49707,False,no_match,1,
231161,TEMPORARY SITE,Federally Qualified Health Center,other,2300 VETERANS MEMORIAL PARKWAY,SAGINAW,MI,48601,False,no_match,2,
231169,MIDMICHIGAN HEALTH SERVICES,Federally Qualified Health Center,other,"710 S 5TH ST, STE 201",HARRISON,MI,48625,False,no_match,1,
231178,JOHANNESBURG-LEWISTON AREA SCHOOLS,Federally Qualified Health Center,other,10854 M 32 E,JOHANNESBURG,MI,49751,False,no_match,1,
231181,MIO AUSABLE SCHOOLS,Federally Qualified Health Center,other,1110 W 8TH ST,MIO,MI,48647,False,no_match,1,
231822,NORTHERN MENOMINEE HEALTH CENTER,Federally Qualified Health Center,other,"US 2, PO BOX 159",SPALDING,MI,49886,False,no_match,1,
231825,ALCONA HLTH CTR HARRISVILLE MEDICAL,Federally Qualified Health Center,other,205 NORTH STATE STREET,HARRISVILLE,MI,48740,False,non_exact_direction,2,"205 S STATE ST, HARRISVILLE, MI, 48740"
231827,ALCONA HEALTH CTR-PEDIATRICS-DRS OFC,Federally Qualified Health Center,other,1185 US 23 NORTH,ALPENA,MI,49707,False,no_match,2,
231829,THUNDER BAY COMM HEALTH SERVICES,Federally Qualified Health Center,other,11899 M-32,ATLANTA,MI,49709,False,no_match,2,
231831,HOLLAND MIGRANT HEALTH CENTER,Federally Qualified Health Center,other,285 JAMES ST,HOLLAND,MI,49424,False,no_match,1,
231840,HANNAHVILLE HEALTH CENTER,Federally Qualified Health Center,other,N14925 HANNAHVILLE B1 RD,WILSON,MI,49896,False,no_match,2,
231844,GRAND TRAVERSE BAND OF OTTAWA & CHIPPEWA INDIANS,Federally Qualified Health Center,other,"2300 N STALLMAN RD, STE A",PESHAWBESTOWN,MI,49682,False,no_match,2,
231870,LITTLE RIVER BAND TRIBAL HEALTH CLINIC,Federally Qualified Health Center,other,2608 GOVERNMEN CENTER DRIVE,MANISTEE,MI,49660,False,no_match,2,
231871,BALDWIN FAMILY HEALTH CARE,Federally Qualified Health Center,other,"11 N MAPLE ST, PO BOX 7",GRANT,MI,49327,False,non_exact_direction,1,"11 S MAPLE ST, GRANT, MI, 49327"
231886,GENESEE COUNTY HEALTH DEPT.-BURTON,Federally Qualified Health Center,other,G3375 S SAGINAW,BURTON,MI,48529,False,non_exact_house_number,1,"G3375 S SAGINAW ST, BURTON, MI, 48529"
231915,"THUNDER BAY COMMUNITY HEALTH SERVICES, INC",Federally Qualified Health Center,other,"21258 M 68 HWY, PO BOX 722",ONAWAY,MI,49765,False,no_match,1,
231918,WESTERN WAYNE FAMILY HEALTH CENTERS,Federally Qualified Health Center,other,2500 HAMLIN ROAD,INKSTER,MI,48141,False,no_match,2,
231946,ALCONA HEALTH CENTERS,Federally Qualified Health Center,other,"3434 HARBOR PETOSKEY ROAD, SUITE C",HARBOR SPRINGS,MI,49740,False,no_match,2,
231954,UPPER GREAT LAKES FAMILY HEALTH CENTER,Federally Qualified Health Center,other,135 EAST M35,GWINN,MI,49841,False,no_match,2,
231955,KI SAWYER FAMILY HEALTH CENTER,Federally Qualified Health Center,other,301 EXPLORER,GWINN,MI,49841,False,no_match,2,
231975,"THUNDER BAY COMMUNITY HEALTH SERVICES, INC",Federally Qualified Health Center,other,631 CARING STREET,HILLMAN,MI,49746,False,no_match,1,
231981,BALDWIN FAMILY HEALTH CARE,Federally Qualified Health Center,other,525 4TH STREET,BALDWIN,MI,49304,False,no_match,2,
233808,WHITE PINE FAMILY MEDICINE,Rural Health Clinic,other,261 NORTH MAIN STREET,CEDAR SPRINGS,MI,49319,False,non_exact_direction,2,"261 N MAIN ST NE, CEDAR SPRINGS, MI, 49319"
233975,KALKASKA MEMORIAL HEALTH CENTER,Rural Health Clinic,other,419 S CORAL,KALKASKA,MI,49646,False,non_exact_direction,2,"419 N CORAL ST, KALKASKA, MI, 49646"
233986,MYMICHIGAN INTERNAL MEDICINE,Rural Health Clinic,other,295 MAPLE ST,TAWAS CITY,MI,48763,False,no_match,1,
233991,ST JOSEPH HURON FAMILY MEDICINE CLINIC,Rural Health Clinic,other,700 EAST GERMAN STREET,TAWAS CITY,MI,48763,False,no_match,2,
233994,UNIVERSITY OF MICHIGAN HEALTH-SPARROW CARSON PRIMA,Rural Health Clinic,other,"102 S THIRD, SUITE 100",CARSON CITY,MI,48811,False,non_exact_direction,2,"102 N 3RD ST, CARSON CITY, MI, 48811"
238534,ST JOSEPH HEALTH SYSTEM WOMENS CLINIC,Rural Health Clinic,other,25 E M-55,TAWAS CITY,MI,48763,False,no_match,2,
238589,ST FRANCIS HOSPITAL,Rural Health Clinic,other,145 4TH AVE N,GLADSTONE,MI,49837,False,non_exact_direction,2,"145 E 4TH AVE N, GLADSTONE, MI, 49837"
238593,UNION CITY MEDICAL CENTER,Rural Health Clinic,other,624 WEST M 60,UNION CITY,MI,49094,False,no_match,2,
238594,COREWELL HEALTH BIG RAPIDS HOSPITAL FAMILY MEDICIN,Rural Health Clinic,other,5991 S 95TH AVENUE,EVART,MI,49631,False,no_match,2,
238602,THUMB PEDIATRICS,Rural Health Clinic,other,6190 HOSPITAL DRIVE,CASS CITY,MI,48726,False,no_match,2,
238610,MANISTIQUE LAKES FAMILY CLINIC,Rural Health Clinic,other,W 17530 CO RD H-42,CURTIS,MI,49820,False,no_match,2,
238614,SPRINGPORT MEDICAL CLINIC,Rural Health Clinic,other,400 EAST MAIN STREET SUITE 200,SPRINGPORT,MI,49284,False,no_match,2,
238617,ASPIRUS HOUGHTON CLINIC,Rural Health Clinic,other,1000 CEDAR ST,HOUGHTON,MI,49931,False,no_match,1,
238631,SMG PORTLAND,Rural Health Clinic,other,1850 HYLAND DR,PORTLAND,MI,48875,False,no_match,1,
238667,COREWELL HEALTH BIG RAPIDS HOSPITAL FAMILY MEDICIN,Rural Health Clinic,other,"8354 100TH AVE, STE 1",STANWOOD,MI,49346,False,no_match,1,
238671,FAMILY HEALTHCARE OF CASS CITY,Rural Health Clinic,other,6230 HOSPITAL DRIVE,CASS CITY,MI,48726,False,no_match,2,
238696,COREWELL HEALTH LUDINGTON HOSPITAL MULTISPECIALTY,Rural Health Clinic,other,"7 ATKINSON DR SE, SUITE 111",LUDINGTON,MI,49431,False,no_match,2,
238717,MILLTOWN CLINIC,Rural Health Clinic,other,"1200 W NORTH DOWN RIVER RD, SUITE C",GRAYLING,MI,49738,False,non_exact_direction,1,"1200 E NORTH DOWN RIVER RD, GRAYLING, MI, 49738"
238719,EMPIRE FAMILY CARE,Rural Health Clinic,other,9975 W OTTAWA AVE,EMPIRE,MI,49630,False,no_match,1,
238742,MCLAREN NORTHERN MICHIGAN-GAYLORD FAMILY MEDICINE,Rural Health Clinic,other,1320 E M-32,GAYLORD,MI,49735,False,no_match,2,
238948,MEDICS PC,Rural Health Clinic,other,220 S ENSLEY ST,HOWARD CITY,MI,49329,False,no_match,1,
C71035,STERLING AREA HEALTH CENTER STANDISH- STERLING COM,Federally Qualified Health Center,other,3789 WYATT RD,STANDISH,MI,48658,False,no_match,1,
C71054,OAKLAND INTEGRATED HEALTHCARE NETWORK,Federally Qualified Health Center,other,48980 WOODWARD AVE,PONTIAC,MI,48342,False,no_match,1,
C71058,WAYNE COUNTY TREASURER PAYROLL-COUNTY OF WAYNE,Federally Qualified Health Center,other,6255 INKSTER RD STE 206,GARDEN CITY,MI,48135,False,no_match,1,
241808,GRAND PORTAGE HEALTH SERVICES,Federally Qualified Health Center,other,GRAND PORTAGE INDIAN RESERVATION,GRAND PORTAGE,MN,55605,False,no_match,1,
241809,BIRCH GROVE CENTER,Federally Qualified Health Center,other,WEST END CLINIC,TOFTE,MN,55615,False,no_match,1,
241818,LEECH LAKE RESERVATION TRIBAL HLTH DIV,Federally Qualified Health Center,other,"RR 3, BOX 100",CASS LAKE,MN,56633,False,no_match,1,
241819,NE-IA SHING CLINIC,Federally Qualified Health Center,other,18562 MINOBIMAADIZI LOOP,ONAMIA,MN,56359,False,no_match,1,
241823,DOROTHY DAY CLINIC,Federally Qualified Health Center,other,424 DOROTHY DAY PLACE,SAINT PAUL,MN,55102,False,no_match,2,
241843,"WSCHS, INC - UNION GOSPEL MISSION",Federally Qualified Health Center,other,435 UNIVERSITY AVENUE,SAINT PAUL,MN,55101,False,tie,2,
241879,YOUTHLINK,Federally Qualified Health Center,other,41 NORTH 12TH STREET,MINNEAPOLIS,MN,55403,False,non_exact_direction,2,"41 S 12TH ST, MINNEAPOLIS, MN, 55403"
243407,RIVERWOOD MCGREGOR CLINIC,Rural Health Clinic,other,2 EAST CENTER AVE  PO BOX 340,MCGREGOR,MN,55760,False,no_match,2,
243419,SANFORD BAGLEY CLEARBROOK CLINIC,Rural Health Clinic,other,22 ELM STREET,CLEARBROOK,MN,56634,False,no_match,2,
243421,LAKEWOOD CLINIC EAGLE BEND,Rural Health Clinic,other,815 HIGHWAY 71,EAGLE BEND,MN,56446,False,no_match,2,
243442,OLIVIA HOSPITAL & CLINIC,Rural Health Clinic,other,100 HEALTHY WAY,OLIVIA,MN,56277,False,no_match,1,
243450,LAKEWOOD HEALTH CENTER CLINIC,Rural Health Clinic,other,600 MAIN AVENUE SOUTH,BAUDETTE,MN,56623,False,no_match,2,
243452,TRI COUNTY HEALTH CARE OTTERTAIL CLINIC,Rural Health Clinic,other,232 HIGHWAY 78 NORTH PO BOX 129,OTTERTAIL,MN,56571,False,no_match,2,
243460,RIVERVIEW CLINIC,Rural Health Clinic,other,105 INTERNATIONAL DRIVE SUITE 25,RED LAKE FALLS,MN,56750,False,no_match,2,
243462,WELIA HEALTH PINE CITY,Rural Health Clinic,other,1425 MAIN STREET NORTH,PINE CITY,MN,55063,False,non_exact_direction,2,"1425 MAIN ST S, PINE CITY, MN, 55063"
243469,RAINY LAKE MEDICAL CENTER RHC,Rural Health Clinic,other,1400 HIGHWAY 71,INTERNATIONAL FALLS,MN,56649,False,no_match,1,
243475,ESSENTIA HEALTH MENAHGA CLINIC,Rural Health Clinic,other,212 ASPEN AVENUE NORTH EAST,MENAHGA,MN,56464,False,non_exact_direction,2,"212 ASPEN AVE N, MENAHGA, MN, 56464"
243476,SANFORD HEALTH HALSTAD CLINIC,Rural Health Clinic,other,445  1ST STREET EAST,HALSTAD,MN,56548,False,no_match,2,
243498,ALTRU CLINIC THIEF RIVER FALLS,Rural Health Clinic,other,1845 HIGHWAY 59 SUITE 800,THIEF RIVER FALLS,MN,56701,False,no_match,2,
243846,SANFORD HEALTH TWIN VALLEY CLINIC,Rural Health Clinic,other,501 2ND STREET NORTHWEST,TWIN VALLEY,MN,56584,False,no_match,2,
243850,SANFORD HEALTH MAHNOMEN  CLINIC,Rural Health Clinic,other,"414 WEST JEFFERSON, PO BOX 396",MAHNOMEN,MN,56557,False,non_exact_direction,2,"410 N 4TH ST, MAHNOMEN, MN, 56557"
243856,HEALTH CARE TODAY/AVERA HEALTH,Rural Health Clinic,other,1444 WEST HIGHWAY #30,SLAYTON,MN,56172,False,no_match,1,
243975,MILLE LACS FAMILY CLINIC ISLE,Rural Health Clinic,other,375 WEST ISIE STREET,ISLE,MN,56342,False,non_exact_direction,2,"375 E ISLE ST, ISLE, MN, 56342"
243988,ASTERA HEALTH,Rural Health Clinic,other,401 DOUGLAS AVENUE,HENNING,MN,56551,False,no_match,2,
261001,POPLAR BLUFF COMMUNITY DENTAL CLINIC,Federally Qualified Health Center,other,"1105 2ND STREET, PO BOX 157",ELLINGTON,MO,63638,False,no_match,1,
261005,KATY TRAIL COMMUNITY HEALTH,Federally Qualified Health Center,other,17571 N DAM ACCESS RD,WARSAW,MO,65355,False,no_match,1,
261009,"FORDLAND CLINIC, INC",Federally Qualified Health Center,other,1059 BARTON DRIVE,FORDLAND,MO,65652,False,no_match,1,
261016,"PATHWAYS COMMUNITY BEHAVIORAL HEALTHCARE, INC",Federally Qualified Health Center,other,19515 BRUNE PARKWAY,WARRENTON,MO,63383,False,no_match,2,
261039,CENTRAL OZARKS MEDICAL CENTER,Federally Qualified Health Center,other,3870 COLUMBIA AVENUE,OSAGE BEACH,MO,65065,False,wrong_county,2,"3870 COLUMBIA BLVD, OSAGE BEACH, MO, 65065"
261052,ACCESS FAMILY CARE,Federally Qualified Health Center,other,4016 NORTH MAIN STREET,CASSVILLE,MO,65625,False,no_match,2,
261063,COMPASS HEALTH INC,Federally Qualified Health Center,other,324 EMERSON RD,HIGH RIDGE,MO,63049,False,tie,1,
261067,COMPASS HEALTH INC,Federally Qualified Health Center,other,101 HOSPITAL DRIVE,OSCEOLA,MO,64776,False,no_match,2,
261071,ARTHUR CENTER,Federally Qualified Health Center,other,340 KELLEY PKWY,MEXICO,MO,65265,False,no_match,1,
261087,HAZELWOOD EAST HIGH SCHOOL,Federally Qualified Health Center,other,11300 DUNN ROAD,SAINT LOUIS,MO,63138,False,no_match,1,
261088,CONFLUENCE PREP ACADEMY,Federally Qualified Health Center,other,310 N 15TH ST,BEAUFORT,MO,63013,False,no_match,1,
261097,COMPASS HEALTH INC,Federally Qualified Health Center,other,805 NORTH ORANGE STREET,BUTLER,MO,64730,False,no_match,2,
261099,KATY TRAIL COMMUNITY HEALTH,Federally Qualified Health Center,other,1825 ATCHISON AVENUE,MARSHALL,MO,65340,False,no_match,2,
261100,COMPASS HEALTH INC,Federally Qualified Health Center,other,1278 WEST US HIGHWAY 40,ODESSA,MO,64076,False,no_match,2,
261107,ACCESS FAMILY CARE-LAMAR,Federally Qualified Health Center,other,210 WEST 10TH STREET,LAMAR,MO,64759,False,non_exact_direction,2,"210 E 10TH ST, LAMAR, MO, 64759"
261134,COMPASS HEALTH,Federally Qualified Health Center,other,101 PROGRESS PARKWAY,SULLIVAN,MO,63080,False,wrong_county,2,"101 PROGRESS DR, SULLIVAN, MO, 63080"
261137,YOUR COMMUNITY HEALTH CENTER AT PCHD,Federally Qualified Health Center,other,200 NORTH MAIN STREET,ROLLA,MO,65401,False,no_match,1,
261153,GOWER FAMILY MEDICINE,Federally Qualified Health Center,other,313 S US HIGHWAY 169,GOWER,MO,64454,False,non_exact_direction,1,"313 N US HWY 169, GOWER, MO, 64454"
261156,CLARITY HEALTHCARE,Federally Qualified Health Center,other,1 HEALTHCARE PL,BOWLING GREEN,MO,63334,False,no_match,1,
261163,DONIPHAN FAMILY CLINIC,Federally Qualified Health Center,other,109 LEROUX ST,DONIPHAN,MO,63935,False,no_match,1,
261165,RICHWOODS R-VII SCHOOL DISTRICT,Federally Qualified Health Center,other,"10788 STATE HIGHWAY A, RM 128",HORINE,MO,63070,False,no_match,1,
261179,CENTRAL OZARKS MEDICAL CENTER,Federally Qualified Health Center,other,1652 NORTH BUSINESS ROUTE 5,CAMDENTON,MO,65020,False,no_match,1,
261182,JORDAN VALLEY COMMUNITY HEALTH CENTER,Federally Qualified Health Center,other,2238 W KINGSLEY,SPRINGFIELD,MO,65807,False,no_match,1,
261184,MISSOURI HIGHLANDS HEALTH CARE OF WAYNE COUNTY,Federally Qualified Health Center,other,1 HALS PLZ,PIEDMONT,MO,63957,False,no_match,1,
261199,CLARITY HEALTHCARE,Federally Qualified Health Center,other,21622 HIGHWAY 19,CENTER,MO,63436,False,no_match,1,
261816,BIG SPRINGS MEDICAL CLINIC,Federally Qualified Health Center,other,405 MAIN STREET,VAN BUREN,MO,63965,False,no_match,2,
261818,CALDWELL COUNTY MED AID CORP,Federally Qualified Health Center,other,101 E CROSS STREET,HAMILTON,MO,64644,False,no_match,2,
261853,ACCESS FAMILY CARE,Federally Qualified Health Center,other,4016 MAIN ST,CASSVILLE,MO,65625,False,no_match,1,
261855,OZARK TRICO HLT CR - NEOSHO CLINIC,Federally Qualified Health Center,other,1504A N BUSINESS 49,NEOSHO,MO,64850,False,no_match,1,
261859,DOUGLAS CO COMMUNITY HEALTH CARE CLINI,Federally Qualified Health Center,other,PO BOX 1359,AVA,MO,65608,False,no_match,1,
261866,NORTHEAST MISSOURI FAMILY HEALTH,Federally Qualified Health Center,other,52334 S BUSINESS  HIGHWAY 5,MILAN,MO,63556,False,no_match,2,
261877,VALLEY SPRINGS MEDICAL CLINIC,Federally Qualified Health Center,other,ROUTE 1 BOX 127,BLACK,MO,63625,False,no_match,1,
261881,MISSOURI OZARKS COMMUNITY HEALTH,Federally Qualified Health Center,other,804 N HWY 5 PO BOX 257,MANSFIELD,MO,65704,False,no_match,2,
261882,SOUTHERN MISSOURI COMMUNITY HEALTH CENTER,Federally Qualified Health Center,other,"ROUTE 3, BOX 3707",THAYER,MO,65791,False,no_match,2,
261899,VIBURNUM MEDICAL CLINIC,Federally Qualified Health Center,other,#9 VIBURNUM SHOPPING CENTER,VIBURNUM,MO,65566,False,no_match,2,
261908,MISSOURI HIGHLANDS HEALTH CARE,Federally Qualified Health Center,other,3277 US HIGHWAY 160 W,DONIPHAN,MO,63935,False,tie,1,
261917,KATY TRAIL COMMUNITY HEALTH,Federally Qualified Health Center,other,20363 LANE OF CHAMPIONS,WARSAW,MO,65355,False,no_match,1,
261925,CLARITY HEALTHCARE,Federally Qualified Health Center,other,420 N WASHINGTON ST,MONROE CITY,MO,63456,False,wrong_county,1,"420 S WASHINGTON ST, MONROE CITY, MO, 63456"
261926,FOUR RIVERS COMMUNITY HEALTH CENTER ST. ROBERT,Federally Qualified Health Center,other,165 PARK DR,SAINT ROBERT,MO,65584,False,no_match,1,
261932,MEMPHIS COMMUNITY HEALTH CENTER,Federally Qualified Health Center,other,118 E GRAND AVE,MEMPHIS,MO,63555,False,no_match,1,
261935,CLARITY HEALTHCARE,Federally Qualified Health Center,other,405 W 1ST ST,NEW LONDON,MO,63459,False,non_exact_direction,1,"405 E 1ST ST, NEW LONDON, MO, 63459"
261972,COMPASS HEALTH INC,Federally Qualified Health Center,other,705 W BUSINESS LOOP 70 STE 101,COLUMBIA,MO,65203,False,no_match,1,
261987,MISSOURI HIGHLANDS HEALTH CARE,Federally Qualified Health Center,other,603 E SUMMIT ST,DONIPHAN,MO,63935,False,no_match,1,
263410,HEALTH WAY PRIMARY CARE,Rural Health Clinic,other,200 HEALTH WAY,POTOSI,MO,63664,False,tie,2,
263438,OZARKS HEALTHCARE THAYER,Rural Health Clinic,other,1375 NETTLETON AVENUE,THAYER,MO,65791,False,no_match,2,
263440,DEXTER MEDICAL CENTER,Rural Health Clinic,other,"610 NORTH ONE MILE ROAD, PO BOX 399",DEXTER,MO,63841,False,non_exact_direction,2,"610 S ONE MILE RD, DEXTER, MO, 63841"
263485,PLEASANT HILL MEDICAL CENTER,Rural Health Clinic,other,1601 N HIGHWAY 7,PLEASANT HILL,MO,64080,False,non_exact_direction,2,"1601 S STATE RTE 7, PLEASANT HILL, MO, 64080"
263496,COXHEALTH FAMILY MEDICINE & OBSTETRICS,Rural Health Clinic,other,"525 N BRANSON LANDING BLVD, STE 508",BRANSON,MO,65616,False,no_match,2,
263836,QUINCY MEDICAL GROUP - CANTON,Rural Health Clinic,other,1100 EAST OUTER ROAD SOUTH,CANTON,MO,63435,False,non_exact_direction,2,"1100 S OUTER RD, CANTON, MO, 63435"
263981,OZARKS HEALTHCARE GAINESVILLE,Rural Health Clinic,other,37 MEDICAL DRIVE,GAINESVILLE,MO,65655,False,no_match,2,
268513,MONROE CITY FAMILY PRACTICE,Rural Health Clinic,other,"821 BUSINESS HIGHWAY 24 & 36, PO BOX 305",MONROE CITY,MO,63456,False,no_match,2,
268522,ARCHIE MEDICAL CLINIC,Rural Health Clinic,other,"709 E PINE ST, PO BOX 48",ARCHIE,MO,64725,False,no_match,1,
268523,OZARKS HEALTHCARE ALTON MEDICAL,Rural Health Clinic,other,PO BOX 468     100 MEDICAL DRIVE,ALTON,MO,65606,False,no_match,1,
268530,LANCASTER MEDICAL SERVICES,Rural Health Clinic,other,HWY 63 NORTH,LANCASTER,MO,63548,False,no_match,2,
268579,OZARKS HEALTHCARE MOUNTAIN GROVE,Rural Health Clinic,other,500 EAST 19TH STREET,MOUNTAIN GROVE,MO,65711,False,no_match,2,
268584,GOLDEN VALLEY MEDICAL - CLINTON,Rural Health Clinic,other,1602 N 2ND STREET,CLINTON,MO,64735,False,non_exact_direction,2,"1602 S 2ND ST, CLINTON, MO, 64735"
268590,SOUTHWEST MEDICAL ASSOCIATES,Rural Health Clinic,other,123 BAVARIAN HILLS PLZ,HERMANN,MO,65041,False,no_match,1,
268593,APPLETON CITY RURAL HEALTH CLINIC,Rural Health Clinic,other,408 EAST 7TH ST,APPLETON CITY,MO,64724,False,non_exact_direction,2,"408 W 7TH ST, APPLETON CITY, MO, 64724"
268609,OCH WEBSTER COUNTY CLINIC,Rural Health Clinic,other,101 S MAIN,ROGERSVILLE,MO,65742,False,wrong_county,2,"101 S MAIN ST, ROGERSVILLE, MO, 65742"
268616,OZARKS MEDICAL CENTER MOUNTAIN VIEW,Rural Health Clinic,other,220 N ELM STREET,MOUNTAIN VIEW,MO,65548,False,non_exact_direction,2,"220 S ELM ST, MOUNTAIN VIEW, MO, 65548"
268617,COX HEALTH CENTER MT VERNON,Rural Health Clinic,other,"10763 HIGHWAY 39, SUITE 200",MOUNT VERNON,MO,65712,False,no_match,1,
268623,WOMENS HEALTH CENTER,Rural Health Clinic,other,800 STE GENEVIEVE DRIVE,SAINTE GENEVIEVE,MO,63670,False,no_match,2,
268630,TCMH FAMILY CLINIC-LICKING,Rural Health Clinic,other,139 W HIGHWAY 32,LICKING,MO,65542,False,no_match,1,
268632,GALLATIN FAMILY MEDICINE,Rural Health Clinic,other,100 E JOHNSON ST,GALLATIN,MO,64640,False,non_exact_direction,1,"100 W JOHNSON ST, GALLATIN, MO, 64640"
268642,IRON COUNTY HOSPITAL FAMILY CARE CLINIC,Rural Health Clinic,other,301 N HWY 21,PILOT KNOB,MO,63663,False,no_match,1,
268651,POTOSI RURAL HEALTH CLINIC,Rural Health Clinic,other,#1 KWAN PLAZA,POTOSI,MO,63664,False,no_match,2,
268653,TCMH MOUNTAIN GROVE CLINIC,Rural Health Clinic,other,1905 WEST 19TH STREET,MOUNTAIN GROVE,MO,65711,False,no_match,2,
268663,MERCY HOSPITAL LINCOLN FAMILY MEDICINE ELSBERRY,Rural Health Clinic,other,"106 BROADWAY, SUITE 3C",ELSBERRY,MO,63343,False,no_match,2,
268678,SSM HEALTH MEDICAL GROUP FAMILY MEDICINE,Rural Health Clinic,other,100 HIGHWAY 28 W,BELLE,MO,65013,False,no_match,2,
268694,"BOLIVAR FAMILY CARE CENTER, LLC",Rural Health Clinic,other,1240 N BUTTERFIELD RD,BOLIVAR,MO,65613,False,no_match,1,
268695,OCH MCDONALD COUNTY CLINIC,Rural Health Clinic,other,125 MAIN ST,NOEL,MO,64854,False,no_match,2,
268700,EAGLEVILLE MEDICAL CLINIC,Rural Health Clinic,other,12050 12TH STREET,EAGLEVILLE,MO,64442,False,no_match,2,
268701,MERCY HOSPITAL LINCOLN FAMILY MEDICINE WINFIELD,Rural Health Clinic,other,35 WINFIELD PLAZA,WINFIELD,MO,63389,False,no_match,2,
268703,SSM HEALTH MEDICAL GROUP FAMILY MEDICINE,Rural Health Clinic,other,875 STATE ROUTE 5,TIPTON,MO,65081,False,no_match,1,
268707,LAKE REGIONAL CLINIC - CAMDENTON,Rural Health Clinic,other,"1930 N BUSINESS ROUTE 5, UNIT 1A",CAMDENTON,MO,65020,False,no_match,2,
268714,NORTH HARRISON MEDICAL CLINIC,Rural Health Clinic,other,16027 LOCUST STREET,EAGLEVILLE,MO,64442,False,no_match,2,
268724,HANNIBAL REGIONAL MEDICAL GROUP - BOWLING GREEN,Rural Health Clinic,other,8 TOWN CENTER DRIVE,BOWLING GREEN,MO,63334,False,no_match,2,
268730,NMC GRANT CITY CLINIC,Rural Health Clinic,other,307 EAST 2ND STREET,GRANT CITY,MO,64456,False,no_match,2,
268744,WOMEN'S WELLNESS AT THE PLAZA,Rural Health Clinic,other,120 PLAZA DRIVE,SAINTE GENEVIEVE,MO,63670,False,no_match,2,
268748,OCH PINEVILLE MEDICAL CLINIC,Rural Health Clinic,other,5265 S BUSINESS HWY 71 ST,PINEVILLE,MO,64856,False,no_match,2,
268754,HANNIBAL REGIONAL MEDICAL GROUP,Rural Health Clinic,other,6500 HOSPITAL DRIVE,HANNIBAL,MO,63401,False,no_match,2,
268779,ROCK PORT FAMILY MEDICINE,Rural Health Clinic,other,100 EAST CASS ST,ROCK PORT,MO,64482,False,non_exact_direction,2,"100 W CASS ST, ROCK PORT, MO, 64482"
268795,COLE CAMP CLINIC,Rural Health Clinic,other,1201 E MAIN STREET,COLE CAMP,MO,65325,False,no_match,2,
268797,PHELPS HEALTH MEDICAL GROUP SALEM,Rural Health Clinic,other,1415 WEST SCENIC RIVERS BOULEVARD,SALEM,MO,65560,False,no_match,2,
268800,BLESSING HEALTH HANNIBAL,Rural Health Clinic,other,"100 MEDICAL DRIVE, STE A, 1G, 1H",HANNIBAL,MO,63401,False,no_match,3,
268804,MALDEN PRIMARY CARE,Rural Health Clinic,other,412 W BROADWATER RD,MALDEN,MO,63863,False,no_match,1,
268805,COXHEALTH WOMENS CENTER BRANSON,Rural Health Clinic,other,525 BRANSON LANDING BLVD STE 408,BRANSON,MO,65616,False,no_match,1,
268809,BLESSING HEALTH KAHOKA,Rural Health Clinic,other,103 EAST COMMERCIAL STREET,KAHOKA,MO,63445,False,non_exact_direction,2,"103 W COMMERCIAL ST, KAHOKA, MO, 63445"
268814,OZARKS HEALTHCARE WILLOW SPRINGS,Rural Health Clinic,other,816 E MAIN ST,WILLOW SPRINGS,MO,65793,False,no_match,1,
268960,SCHEIDLER RURAL HEALTH CLINIC,Rural Health Clinic,other,301 SOUTH BYPASS,KENNETT,MO,63857,False,no_match,2,
268979,MERCY CLINIC EAST COMMUNITIES,Rural Health Clinic,other,1326 S SERVICE RD W STE. 20,SULLIVAN,MO,63080,False,wrong_county,1,"1326 S SVC RD E, SULLIVAN, MO, 63080"
791131,COMPASS HEALTH INC,Federally Qualified Health Center,other,1015 PAUL ALLEN DR,UNION,MO,63084,False,no_match,2,
791143,ARTHUR CENTER BEHAVIORAL HEALTH,Federally Qualified Health Center,other,1225 AGUILAR DR,MONTGOMERY CITY,MO,63361,False,no_match,1,
791164,MISSOURI HIGHLANDS HEALTH CARE,Federally Qualified Health Center,other,"1 HALS PLZ, STE B",PIEDMONT,MO,63957,False,no_match,1,
791177,ACCESS FAMILY CARE,Federally Qualified Health Center,other,340 PLEASANT RIDGE RD,ANDERSON,MO,64831,False,no_match,1,
791179,ACCESS FAMILY CARE,Federally Qualified Health Center,other,119 WHITE ROCK RD,PINEVILLE,MO,64856,False,no_match,1,
791180,ACCESS FAMILY CARE,Federally Qualified Health Center,other,14814 E STATE HIGHWAY 76,ROCKY COMFORT,MO,64861,False,no_match,1,
791864,COMPASS HEALTH INC,Federally Qualified Health Center,other,1275 N TRUMAN BLVD,FESTUS,MO,63028,False,non_exact_direction,1,"1275 S TRUMAN BLVD, FESTUS, MO, 63028"
791921,CLARITY HEALTHCARE,Federally Qualified Health Center,other,235 PROGRESS RD,HANNIBAL,MO,63401,False,no_match,1,
793835,"MARBLE HILL MEDICAL CLINIC, LLC",Rural Health Clinic,other,307 BROADWAY STREET,MARBLE HILL,MO,63764,False,no_match,2,
793839,SAINT FRANCIS CLINIC DEXTER,Rural Health Clinic,other,1212 SAINT FRANCIS DR,DEXTER,MO,63841,False,no_match,1,
793872,COMMUNITY URGENT CARE,Rural Health Clinic,other,2651 SHELBY ROAD,POPLAR BLUFF,MO,63901,False,no_match,2,
661008,SOUTHERN ISLA COMMUNITY HEALTH,Federally Qualified Health Center,other,856 CHALAN TUN THOMAS P SABLAN,GARAPAN,MP,96950,False,no_match,1,
661801,"KAGMAN COOMUNITY HEALTH CENTER, INC",Federally Qualified Health Center,other,"LEMMAI WAY, KAGMAN II, BLDG 1 & 2",GARAPAN,MP,96950,False,no_match,2,
661802,TINIAN ISLA COMMUNITY HEALTH,Federally Qualified Health Center,other,5 GRAND STREET,TINIAN,MP,96952,False,no_match,1,
251019,JACKSON-HNDS COMPREHENSIVE HEALTH CTR EDWARDS SITE,Federally Qualified Health Center,other,100 SOUTH MAGNOLIA STREET,EDWARDS,MS,39066,False,no_match,2,
251023,PETAL SCHOOL CLINIC,Federally Qualified Health Center,other,36 PANTHER STADIUM DRIVE,PETAL,MS,39465,False,no_match,2,
251027,JACKSON HINDS COMPREHENSIVE HEALTH CTR--TERRY,Federally Qualified Health Center,other,2009 BYRAM BULLDOG BLVD,TERRY,MS,39170,False,no_match,2,
251028,JACKSON-HINDS COMPREHENSIVE HEALTH CTR (TERRY),Federally Qualified Health Center,other,235 W BEASLEY STREET,TERRY,MS,39170,False,no_match,2,
251029,JACKSON-HINDS CHC SCHOOL-BASED HLTH CTR PROGRAM,Federally Qualified Health Center,other,3502 W NORTHSIDE DR,JACKSON,MS,39213,False,wrong_county,1,"3502 NORTHSIDE DR, JACKSON, MS, 39208"
251031,NEWTON HEALTH CARE,Federally Qualified Health Center,other,9431 EASTSIDE DR EXT,NEWTON,MS,39345,False,no_match,2,
251046,COLLINS HIGH SCHOOL,Federally Qualified Health Center,other,1208 DOGWOOD AVE,COLLINS,MS,39428,False,no_match,1,
251048,COLLINS ELEMENTARY SCHOOL,Federally Qualified Health Center,other,401 DOGWOOD STREET,COLLINS,MS,39428,False,tie,1,
251051,MOUNT OLIVE ATTENDANCE CENTER,Federally Qualified Health Center,other,301 SOUTH 4TH STREET,MOUNT OLIVE,MS,39119,False,no_match,1,
251052,HOPEWELL ELEMENTARY SCHOOL,Federally Qualified Health Center,other,824 HOPEWELL RD,COLLINS,MS,39428,False,no_match,1,
251053,"COASTAL FAMILY HEALTH CTR, INC- GREENE HS CLINIC",Federally Qualified Health Center,other,4336 HIGH SCHOOL RD,LEAKESVILLE,MS,39451,False,no_match,1,
251054,"COASTAL FAMILY HEALTH CENTER, INC",Federally Qualified Health Center,other,39455 HWY 63 N,RICHTON,MS,39476,False,wrong_county,1,"39455 STATE HWY 63, RICHTON, MS, 39476"
251055,COASTAL FAMILY HLTH CENTER --MCCLAIN SCHOOL CLINIC,Federally Qualified Health Center,other,300 SHOWS ST,MC LAIN,MS,39456,False,no_match,2,
251057,MALLORY COMMUNITY HEALTH,Federally Qualified Health Center,other,14494 HIGHWAY 51,DURANT,MS,39063,False,no_match,1,
251058,MALLORY COMMUNITY HEALTH,Federally Qualified Health Center,other,3877 HIGHWAY 51,GOODMAN,MS,39079,False,no_match,1,
251065,"COASTAL FAM HLTH CTR, INC - ANNEX SCHOOL CLINIC",Federally Qualified Health Center,other,175 ANNEX RD,HILLMAN,MS,39451,False,no_match,2,
251074,ACCESS SCHOOL HEALTH OKOLONA HIGH,Federally Qualified Health Center,other,404 DR HOWARD GUNN STREET,OKOLONA,MS,38860,False,no_match,2,
251079,ACCESS SCHOOL HEALTH - SMITHVILLE,Federally Qualified Health Center,other,60017 HWY. 23,SMITHVILLE,MS,38870,False,tie,2,
251082,"G A CARMICHAEL FAMILY HEALTH CENTER, INC",Federally Qualified Health Center,other,"110 NORTH JERRY CLOWER BOULEVARD, STE L",YAZOO CITY,MS,39194,False,no_match,2,
251087,"COASTAL FAMILY HEALTH CENTER, INC-LUCEDALE CLINIC",Federally Qualified Health Center,other,11231 OLD 63 S,LUCEDALE,MS,39452,False,wrong_county,1,"11231 OLD 63 N, LUCEDALE, MS, 39452"
251092,"FAMILY HEALTH CENTER, INC.",Federally Qualified Health Center,other,5192 HWY. 11 N,ELLISVILLE,MS,39437,False,no_match,1,
251103,"JEFFERSON COMPREHENSIVE HEALTH CENTER, INC.",Federally Qualified Health Center,other,1445 GEORGE F. WEST SR. BLVD.,NATCHEZ,MS,39120,False,no_match,1,
251109,"COASTAL FAMILY HEALTH CENTER, INC - ST. MARTIN HIG",Federally Qualified Health Center,other,11300 YELLOW JACKET RD,OCEAN SPRINGS,MS,39564,False,no_match,1,
251112,"G A CARMICHAEL FAMILY HEALTH CENTER, INC.",Federally Qualified Health Center,other,16463 US HWY. 49 BLDG.,BELZONI,MS,39038,False,no_match,2,
251115,COAHOMA COUNTY SCHOOL BASE CLINIC,Federally Qualified Health Center,other,1535 LEE DRIVE,CLARKSDALE,MS,38614,False,no_match,1,
251117,DHC -MVSU,Federally Qualified Health Center,other,14000 HIGHWAY 82 W,ITTA BENA,MS,38941,False,no_match,1,
251120,COASTAL FAMILY HEALTH CTR INC.- N BAY ELEM SCHOOL,Federally Qualified Health Center,other,602 PINE ST,BAY ST LOUIS,MS,39520,False,no_match,1,
251121,JHCHC NEW MOBILE UNIT 4,Federally Qualified Health Center,other,3502 W NORTHSIDE DR NEW MOBILE UNIT 4,JACKSON,MS,39213,False,no_match,1,
251124,COASTAL FAMILY HEALTH CENTER INC - BAY WAVELAND MI,Federally Qualified Health Center,other,600 PINE ST,BAY ST LOUIS,MS,39520,False,no_match,1,
251126,COASTAL FAMILY HEALTH CTR INC -WAVELAND E S CLINIC,Federally Qualified Health Center,other,1101 SAINT JOSEPH ST,WAVELAND,MS,39576,False,tie,1,
251130,LUMBERTON ELEMENTARY,Federally Qualified Health Center,other,16 ADA BOUNDS DR,LUMBERTON,MS,39455,False,wrong_county,1,"16 BOUNDS RD, LUMBERTON, MS, 39455"
251131,OAK GROVE MIDDLE SCHOOL,Federally Qualified Health Center,other,2543 OLD HIGHWAY 24,HATTIESBURG,MS,39402,False,no_match,1,
251151,COLLINS HIGH SCHOOL,Federally Qualified Health Center,other,"SOUTHEAST MISSISSIPPI RURAL HEALTH INITIATIVE, INC",COLLINS,MS,39428,False,no_match,2,
251161,JACKSON-HINDS COMPREHENSIVE HEALTH CENTER,Federally Qualified Health Center,other,3180 MCDOWELL ROAD EXT,JACKSON,MS,39204,False,no_match,1,
251163,"MANTACHIE RURAL HEALTH CARE, INC",Federally Qualified Health Center,other,1 DORSEY SCHOOL RD,FULTON,MS,38843,False,no_match,1,
251168,NMPHC HOLLY SPRINGS,Federally Qualified Health Center,other,1705 CRESCENT MEADOWS DR,HOLLY SPRINGS,MS,38635,False,no_match,1,
251182,COASTAL FAMILY HEALTH CENTER CONVENIENT CARE,Federally Qualified Health Center,other,7312 HIGHWAY 63,MOSS POINT,MS,39563,False,no_match,1,
251187,DHC MOBILE DENTAL UNIT #1,Federally Qualified Health Center,other,702 MARTIN LUTHER KING ST,MOUND BAYOU,MS,38762,False,no_match,1,
251804,DELTA HEALTH CENTER INC,Federally Qualified Health Center,other,PO BOX 900 702 MARTIN LUTHER KING RD,MOUND BAYOU,MS,38762,False,no_match,2,
251805,"FAMILY HEALTH CARE CLINIC, TYLERTOWN--HEADSTART",Federally Qualified Health Center,other,130 LEXIE ROAD,COLUMBIA,MS,39429,False,no_match,1,
251816,NEW AUGUSTA CLINIC,Federally Qualified Health Center,other,203 W PINE STREET PO BOX 349,NEW AUGUSTA,MS,39462,False,no_match,2,
251817,BYHALIA FAMILY HEALTH CARE,Federally Qualified Health Center,other,140 E BRUNSWICK POB 698,BYHALIA,MS,38611,False,non_exact_direction,2,"12 W BRUNSWICK ST, BYHALIA, MS, 38611"
251818,HOULKA MEDICAL CLINIC,Federally Qualified Health Center,other,HWY 25 P O DRAWER 179,HOULKA,MS,38850,False,no_match,2,
251822,COASTAL FAMILY HLTH CTR INC - LEAKESVILLE MED CTR,Federally Qualified Health Center,other,101 WILLIAMS DRIVE,LEAKESVILLE,MS,39451,False,no_match,2,
251823,BELZONI HEALTH CENTER,Federally Qualified Health Center,other,116 HAYDEN STREET,BELZONI,MS,39038,False,tie,2,
251826,AMITE CO MEDICAL SERVICES INC,Federally Qualified Health Center,other,138 CLINIC DR,LIBERTY,MS,39645,False,no_match,2,
251828,SOUTHWEST HEALTH AGENCY,Federally Qualified Health Center,other,101 HOSPITAL DR,TYLERTOWN,MS,39667,False,no_match,1,
251829,SEBASTOPOL CLINIC,Federally Qualified Health Center,other,HWY 492 E BOX 150,SEBASTOPOL,MS,39359,False,no_match,2,
251834,SHUQUALAK NOXUBEE HEALTH CLINIC GMHC,Federally Qualified Health Center,other,2700  6TH STREET,SHUQUALAK,MS,39361,False,no_match,2,
251837,RANKIN COUNTY HEALTH CARE CENTER,Federally Qualified Health Center,other,1551 WEST GOVERNMENT STREET,BRANDON,MS,39042,False,no_match,2,
251843,CONEHATTA RURAL HEALTH CLINIC,Federally Qualified Health Center,other,ROUTE 2 CONEHATTA,CONEHATTA,MS,39057,False,no_match,1,
251844,REDWATER RURAL HEALTH CLINIC,Federally Qualified Health Center,other,ROUTE 7 BOX 7 CARTHAGE,CARTHAGE,MS,39051,False,no_match,1,
251848,MT PLEASANT FAMILY HEALTH CLINIC,Federally Qualified Health Center,other,OLD HWY 172,BYHALIA,MS,38611,False,no_match,2,
251854,FAMILY MEDICAL CENTER,Federally Qualified Health Center,other,P O BOX 456 HWY 15 SOUTH,RIPLEY,MS,38663,False,no_match,1,
251858,FAMILY HEALTH CARE CLINIC PEARL EAST,Federally Qualified Health Center,other,4635 HIGHWAY 80 EAST,PEARL,MS,39208,False,no_match,2,
251862,FAMILY HEALTH CENTER,Federally Qualified Health Center,other,203 BROAD STREET,SANDERSVILLE,MS,39477,False,wrong_county,2,"202 JEFFERSON ST, NEWHEBRON, MS, 39140"
251866,COASTAL FAMILY HEALTH CENTER--HANCOCK CLINIC,Federally Qualified Health Center,other,109 HOSPITAL DRIVE,BAY SAINT LOUIS,MS,39520,False,no_match,2,
251869,SHARP FAMILY CARE CENTER-COLUMBIA,Federally Qualified Health Center,other,510 SOUTH PARK AVENUE,COLUMBIA,MS,39429,False,no_match,1,
251873,SCOOBA FAMILY MEDICAL CLINIC,Federally Qualified Health Center,other,1016 KEMPER STREET,ELECTRIC MILLS,MS,39358,False,no_match,2,
251875,JEFFERSON COMPREHENSIVE HLTH CTR SCH,Federally Qualified Health Center,other,ROUTE 2 BOX 35-C MIDDLE SCHOOL,FAYETTE,MS,39069,False,no_match,2,
251878,WOMEN HEALTH CLINIC,Federally Qualified Health Center,other,1421 HIGHWAY 16 EAST,CANTON,MS,39046,False,wrong_county,2,"1421 STATE HWY 16, CANTON, MS, 39046"
251881,"DR. ARENIA C MALLORY COMMUNITY HEALTH CENTER, INC",Federally Qualified Health Center,other,33795 HIGHWAY 12 E,DURANT,MS,39063,False,tie,1,
251882,HATTIESBURG FAMILY HEALTH CTR-DOWNTOWN,Federally Qualified Health Center,other,100 FRONT STREET,HATTIESBURG,MS,39401,False,tie,1,
251883,BEAUMONT FAMILY HEALTH CENTER,Federally Qualified Health Center,other,1411 BRADLY AVENUE,BEAUMONT,MS,39423,False,no_match,2,
251887,CANTON HIGH SCHOOL CLINIC,Federally Qualified Health Center,other,644 FINNEY ROAD,CANTON,MS,39046,False,no_match,1,
251889,MCNEAL HEALTH CENTER,Federally Qualified Health Center,other,364 MLK DRIVE,CANTON,MS,39046,False,tie,1,
251892,JACKSON HINDS COMP HLTH CTR DENTAL MO,Federally Qualified Health Center,other,3502 WEST NORTHSIDE DRIVE,JACKSON,MS,39213,False,wrong_county,1,"3502 NORTHSIDE DR, JACKSON, MS, 39208"
251900,DELTA HEALTH CTR WMN & PED CLINIC,Federally Qualified Health Center,other,1217 RAILROAD STREET,GREENVILLE,MS,38701,False,no_match,1,
251901,DELTA HEALTH CENTER,Federally Qualified Health Center,other,110 WEST WASHINGTON ST,MOORHEAD,MS,38761,False,no_match,2,
251904,QUITMAN COUNTY SCHOOL BASED CLINIC,Federally Qualified Health Center,other,PO BOX 1216,CLARKSDALE,MS,38614,False,no_usable_address,0,
251905,TALLAHATCHIE COUNTY SCHOOL BASED CLINIC,Federally Qualified Health Center,other,HIGHWAY 49 & FRIENDSHIP ROAD PO BOX 189,SUMNER,MS,38957,False,no_match,1,
251912,LINWOOD JUNIOR HIGH SCHOOL,Federally Qualified Health Center,other,3439 VAUGHN ROAD,CANTON,MS,39046,False,no_match,1,
251914,MCCOY ELEMENTARY SCHOOL,Federally Qualified Health Center,other,1835 SCHOOL DRIVE,YAZOO CITY,MS,39194,False,no_match,2,
251923,SCHOOL HEALTH SERVICES GCHS,Federally Qualified Health Center,other,4336 HIGH SCHOOL ROAD,LEAKESVILLE,MS,39451,False,no_match,1,
251925,SCHOOL HEALTH SERVICES ANNEX,Federally Qualified Health Center,other,175 ANNEX ROAD PO BOX 160,LEAKESVILLE,MS,39451,False,no_match,1,
251928,SCHOOL HEALTH SERVICES MCLAIN,Federally Qualified Health Center,other,314 WEST SHOWS,MCLAIN,MS,39456,False,no_match,1,
251930,COASTAL FAMILY HEALTH CENTER INC - JR HS CLINIC,Federally Qualified Health Center,other,620 MAIN STREET,LEAKESVILLE,MS,39451,False,no_match,1,
251935,G A CARMICHAEL FAMILY HEALTH CENTER,Federally Qualified Health Center,other,HIGHWAY 16 EAST P O BOX 588,CANTON,MS,39046,False,no_match,1,
251960,JACKSON HINDS COMP HLTH CTR B-E ELEM,Federally Qualified Health Center,other,9700 I-20 WEST FRONTAGE ROAD,BOLTON,MS,39041,False,no_match,1,
251962,ADAMS COUNTY FAMILY HEALTH CENTER,Federally Qualified Health Center,other,145 HOMOCHITTO STREET,NATCHEZ,MS,39120,False,no_match,2,
251965,JACKSON-HINDS COMPREHENSIVE HEALTH CENTER,Federally Qualified Health Center,other,MOBILE UNIT #2,JACKSON,MS,39213,False,no_match,1,
251978,ACCESS FAMILY HEALTH-TUPELO CLINIC,Federally Qualified Health Center,other,"499 GLOSTER CREEK VILLAGE, SUITE D-1",TUPELO,MS,38801,False,no_match,2,
251979,FAMILY HEALTH CENTER--TAYLORSVILLE,Federally Qualified Health Center,other,"531 HWY 28 E, UNIT A",TAYLORSVILLE,MS,39168,False,tie,2,
253495,FAMILY MEDICAL GROUP OF UNION,Rural Health Clinic,other,24345  HIGHWAY 15,UNION,MS,39365,False,no_match,1,
253818,FAMILY MEDICAL CENTER,Rural Health Clinic,other,1024 MARTIN LUTHER KING DRIVE,MARKS,MS,38646,False,no_match,2,
253820,"TOCCOPOLA FAMILY MEDICAL CLINIC, LLC",Rural Health Clinic,other,7908 HWY 334,TOCCOPOLA,MS,38874,False,no_match,1,
253861,RANKIN RURAL MEDICAL CLINIC,Rural Health Clinic,other,"129 CENTER STREET, SUITE B",RICHLAND,MS,39218,False,no_match,1,
253927,E C -HEALTH FAMILY HEALTH CENTER ( CLOSED ),Rural Health Clinic,other,"2514 67TH AVENUE LOOP, SUITE 112",MERIDIAN,MS,39307,False,no_match,1,
258502,CENTREVILLE CLINIC,Rural Health Clinic,other,"178 HIGHWAY 24, SUITE A",CENTREVILLE,MS,39631,False,no_match,2,
258503,GLOSTER CLINIC,Rural Health Clinic,other,434 N CAPTAIN GLOSTER DRIVE,GLOSTER,MS,39638,False,no_match,2,
258505,DECATUR FAMILY MEDICAL,Rural Health Clinic,other,14884 HIGWAY 15,DECATUR,MS,39327,False,no_match,2,
258508,BMC LEAKE CARTHAGE PRIMARY CARE,Rural Health Clinic,other,1100 HIGHWAY 16 EAST,CARTHAGE,MS,39051,False,no_match,2,
258510,SOUTH CENTRAL PEDIATRICS,Rural Health Clinic,other,"1002 JEFFERSON STREET, SUITE 200",LAUREL,MS,39440,False,no_match,1,
258523,JEFFERSON DAVIS RURAL HEALTH CLINIC,Rural Health Clinic,other,"1014 ROSE STREET, SUITE A",PRENTISS,MS,39474,False,no_match,2,
258527,WIGGINS PRIMARY CARE,Rural Health Clinic,other,975 HALL STREET,WIGGINS,MS,39577,False,no_match,2,
258529,WILLIAMS MEDICAL CLINIC OF POTTS CAMP,Rural Health Clinic,other,39 CENTER ST BOX 40,POTTS CAMP,MS,38659,False,tie,1,
258540,"MEDICAL GROUP OF QUITMAN,THE",Rural Health Clinic,other,603 SOUTH ARCHUSA AVENUE,QUITMAN,MS,39355,False,no_match,2,
258543,EAST CENTRAL MEDICAL CENTER-RHC,Rural Health Clinic,other,7001 HIGHWAY 614/ MAIL - P.O. BOX 850,HURLEY,MS,39555,False,no_match,2,
258558,GREEN TREE FAMILY MEDICAL CENTER,Rural Health Clinic,other,603 MAIN STREET,MOUNT OLIVE,MS,39119,False,no_match,3,
258561,C C H CLINIC SEMINARY,Rural Health Clinic,other,"104 W MAIN STREET, SUITE 20",SEMINARY,MS,39479,False,no_match,3,
258564,RUSH MEDICAL CLINC-DE KALB,Rural Health Clinic,other,30 PONDEROSA AVENUE,DE KALB,MS,39328,False,no_match,2,
258568,TYLERTOWN FAMILY CLINIC,Rural Health Clinic,other,200 HOSPITAL DR,TYLERTOWN,MS,39667,False,no_match,2,
258597,MEDICAL CENTER OF MAGEE,Rural Health Clinic,other,800 3RD STREET SW,MAGEE,MS,39111,False,no_match,2,
258602,LOUISVILLE MEDICAL CLINIC,Rural Health Clinic,other,320 HIGHWAY 15 NORTH,LOUISVILLE,MS,39339,False,no_match,2,
258617,NEWTON FAMILY AND PEDIATRIC CLINIC,Rural Health Clinic,other,9427 EASTSIDE DRIVE EXT SUITE A,NEWTON,MS,39345,False,no_match,2,
258619,CHILDREN'S CLINIC,Rural Health Clinic,other,63 MEDICAL CENTER DRIVE,WEST POINT,MS,39773,False,no_match,1,
258620,TUTWILER CLINC,Rural Health Clinic,other,17390 US HIGHWAY 49,TUTWILER,MS,38963,False,no_match,1,
258625,HOLMES COUNTY FAMILY MEDICINE CLINIC-VAIDEN,Rural Health Clinic,other,201-A MAGNOLIA STREET,VAIDEN,MS,39176,False,no_match,2,
258627,UMMC-GRENADA SPECIALTY PEDIATRICS,Rural Health Clinic,other,"965 AVENT DRIVE, SUITE 100-B",GRENADA,MS,38901,False,no_match,2,
258628,BAPTIST CALHOUN RURAL HEALTH CLINIC,Rural Health Clinic,other,112 MEDICAL ARTS DRIVE,CALHOUN CITY,MS,38916,False,no_match,2,
258638,"MRH MEDICAL GROUP, WEST POINT OB/GYN & PRIMARY CAR",Rural Health Clinic,other,116 MEDICAL CENTER DRIVE,WEST POINT,MS,39773,False,no_match,2,
258656,MRH MEDICAL GROUP PREMIER DIABETES MEDICAL CLINIC,Rural Health Clinic,other,2394 MCCULLOUGH BOULEVARD,BELDEN,MS,38826,False,no_match,2,
258672,SHARKEY ISSAQUENA MEDICAL CLINIC,Rural Health Clinic,other,283 WEST RACE STREET,ROLLING FORK,MS,39159,False,no_match,2,
258673,HIGHLAND FAMILY MEDICINE CLINIC,Rural Health Clinic,other,"1702 HWY. 11 N, SUITE A",PICAYUNE,MS,39466,False,non_exact_direction,2,"1702 US HWY 11 S, PICAYUNE, MS, 39466"
258675,CRYSTAL SPRINGS CLINIC,Rural Health Clinic,other,123 BO BO DRIVE,CRYSTAL SPRINGS,MS,39059,False,no_match,2,
258684,35 SOUTH FAMILY MEDICAL,Rural Health Clinic,other,342 MAGNOLIA DRIVE,RALEIGH,MS,39153,False,no_match,2,
258691,MAGNOLIA PEDIATRIC CLINIC,Rural Health Clinic,other,"401 ALCORN DRIVE, SUITE 1-B",CORINTH,MS,38834,False,no_match,1,
258968,PINNACLE MEDICAL CLINIC,Rural Health Clinic,other,7900 MS HWY 570 WEST,SUMMIT,MS,39666,False,non_exact_direction,2,"7900 HWY 570 E, SUMMIT, MS, 39666"
258972,"NURSE MED I I, INC",Rural Health Clinic,other,1031 NORTHRIDGE ROAD,BALDWYN,MS,38824,False,no_match,2,
A53805,FAST PACE HEALTH ( CARTHAGE ),Rural Health Clinic,other,115 HIGHWAY 16 W,CARTHAGE,MS,39051,False,no_match,1,
A53808,FAST PACE HEALTH ( CORINTH ),Rural Health Clinic,other,1400 HIGHWAY 72 E,CORINTH,MS,38834,False,no_match,1,
A53817,FAST PACE HEALTH ( NEWTON ),Rural Health Clinic,other,296 EASTSIDE DRIVE,NEWTON,MS,39345,False,no_match,2,
A53822,FAST PACE HEALTH ( WIGGINS ),Rural Health Clinic,other,1130 WEST FRONTAGE DRIVE,WIGGINS,MS,39577,False,no_match,2,
A53825,FAST PACE HEALTH ( BROOKHAVEN ),Rural Health Clinic,other,760 BROOKWAY BOULEVARD,BROOKHAVEN,MS,39601,False,no_match,2,
A53827,FAST PACE HEALTH ( HOLLY SPRINGS ),Rural Health Clinic,other,603 CRAFT STREET,HOLLY SPRINGS,MS,38635,False,no_match,2,
A53828,FAST PACE HEALTH ( GREENWOOD ),Rural Health Clinic,other,2009 HIGHWAY 82 WEST,GREENWOOD,MS,38930,False,no_match,2,
A53835,CHILDREN'S INTERNATIONAL MEDICAL GROUP,Rural Health Clinic,other,"341 US-90, SUITE A",GAUTIER,MS,39553,False,no_match,1,
A53842,FAST PACE HEALTH (TUPELO),Rural Health Clinic,other,934 SOUTH GLOSTER STREET,TUPELO,MS,38801,False,no_match,2,
A53843,HOMETOWN URGENT CARE AND FAMILY MEDICINE,Rural Health Clinic,other,209 MAIN STREET,UNION,MS,39365,False,no_match,2,
A53848,FAST PACE HEALTH  ( CANTON ),Rural Health Clinic,other,1621 W PEACE STREET,CANTON,MS,39046,False,non_exact_direction,2,"1621 E PEACE ST, CANTON, MS, 39046"
A53849,"REDMED, LLC",Rural Health Clinic,other,12 BROOKES XING,PONTOTOC,MS,38863,False,no_match,1,
A53853,"REDMED, LLC",Rural Health Clinic,other,407 INTERCHANGE DRIVE,FULTON,MS,38843,False,no_match,2,
271012,SKC TRIBAL HEALTH,Federally Qualified Health Center,other,35928 JOE MCDONALD DRIVE,PABLO,MT,59855,False,no_match,1,
271019,FORT PECK TRIBAL HEALTH,Federally Qualified Health Center,other,703 3RD AVE E,POPLAR,MT,59255,False,non_exact_direction,2,"703 3RD AVE W, POPLAR, MT, 59255"
271026,CSKT RONAN TRIBAL HEALTH,Federally Qualified Health Center,other,430 MARY MCLEOD LN,RONAN,MT,59864,False,no_match,1,
271028,ONE HEALTH - HOUSING FIRST VILLAGE,Federally Qualified Health Center,other,"2007 WHEAT DR, UNIT S",BOZEMAN,MT,59715,False,no_match,1,
271808,ROCKY BOY HEALTH CENTER,Federally Qualified Health Center,other,BOX 664 ROCKY BOY ROUTE,BOX ELDER,MT,59521,False,no_match,1,
271816,BIGHORN VALLEY HEALTH CENTER -ASHLAND,Federally Qualified Health Center,other,PO BOX 47,ASHLAND,MT,59003,False,no_match,1,
271819,LINCOLN COUNTY COMMUNITY HEALTH CENTER - EUREKA,Federally Qualified Health Center,other,4 DEWEY AVENUE,EUREKA,MT,59917,False,no_match,1,
271822,LINCOLN COUNTY COMMUNITY HEALTH CENTER-LIBBY HS,Federally Qualified Health Center,other,150 EDUCATION WAY,LIBBY,MT,59923,False,no_match,1,
271829,NORTHWEST COMMUNITY HEALTH CENTER - TROY,Federally Qualified Health Center,other,102 SANDALWOOD COURT,TROY,MT,59935,False,no_match,1,
271836,C H C - HEALTHCARE FOR THE HOMELESS,Federally Qualified Health Center,other,533 NORTH MAIN STREET,HELENA,MT,59601,False,non_exact_direction,2,"533 W MAIN ST, HELENA, MT, 59601"
271864,BIGHORN VALLEY HEALTH CENTER - ST LABRE,Federally Qualified Health Center,other,1000 TONGUE RIVER ROAD,ASHLAND,MT,59003,False,no_match,2,
271873,NORTHERN CHEYENNE TRIBAL BOARD OF HEALTH,Federally Qualified Health Center,other,420 NORTH CHEYENNE AVENUE,LAME DEER,MT,59043,False,no_match,1,
273402,MADISON VALLEY CLINIC,Rural Health Clinic,other,305 N MAIN,ENNIS,MT,59729,False,non_exact_direction,2,"305 E MAIN ST, ENNIS, MT, 59729"
273407,PIONEER MEDICAL CENTER,Rural Health Clinic,other,701 STOCK ST,BIG TIMBER,MT,59011,False,no_match,1,
273409,TWIN BRIDGES MEDICAL CLINIC,Rural Health Clinic,other,104 S MADISON ST,TWIN BRIDGES,MT,59754,False,non_exact_direction,2,"104 N MADISON ST, TWIN BRIDGES, MT, 59754"
273415,PROVIDENCE ST JOSEPH MEDICAL CENTER POLSON,Rural Health Clinic,other,6 13TH AVE E,POLSON,MT,59860,False,non_exact_direction,2,"6 13TH AVE W, POLSON, MT, 59860"
273416,PROVIDENCE ST JOSEPH MEDICAL CENTER RONAN,Rural Health Clinic,other,63351 U S HWY 93 S,RONAN,MT,59864,False,no_match,2,
273435,CABINET PEAKS FAMILY MEDICINE,Rural Health Clinic,other,350 LOUISIANNA AVE,LIBBY,MT,59923,False,no_match,2,
273981,COMMUNITY CLINIC OF FALLON CO,Rural Health Clinic,other,202 S 4TH WEST ST,BAKER,MT,59313,False,no_match,2,
273988,ST LUKE COMMUNITY CLINIC ST IGNATIUS,Rural Health Clinic,other,330 SIX TRACT LN,SAINT IGNATIUS,MT,59865,False,no_match,2,
273991,DEER LODGE MEDICAL CENTER,Rural Health Clinic,other,1100 HOLLENBECK LN,DEER LODGE,MT,59722,False,no_match,1,
273998,DANIELS MEMORIAL MEDICAL CLINIC,Rural Health Clinic,other,105 5TH AVE E,SCOBEY,MT,59263,False,no_match,1,
341021,AGAPE COMMUNITY HEALTH CENTER,Federally Qualified Health Center,other,1130 GODWIN DRIVE,WILLIAMSTON,NC,27892,False,wrong_county,2,"1130 GODWIN AVE, WILLIAMSTON, NC, 27892"
341025,GOSHEN MEDICAL CENTER-ROSEWOOD,Federally Qualified Health Center,other,104 ADAIR DRIVE,GOLDSBORO,NC,27530,False,no_match,1,
341042,RURAL HEALTH GROUP FAMILY AND WOMENS'S HEALTH,Federally Qualified Health Center,other,1381 MEDICAL CENTER DRIVE,ROANOKE RAPIDS,NC,27870,False,no_match,2,
341044,APPALACHIAN MOUNTAIN COMMUNITY HEALTH CENTERS,Federally Qualified Health Center,other,"154 MEDICAL PARK LOOP, SUITE 210",SYLVA,NC,28779,False,no_match,1,
341045,OIC FAMILY MEDICAL CENTER GUARDIAN COURT,Federally Qualified Health Center,other,90 GUARDIAN CT,ROCKY MOUNT,NC,27804,False,no_match,1,
341058,GOSHEN MEDICAL CENTER - BRIDGE TO HOPE,Federally Qualified Health Center,other,104 ADAIR DR.,GOLDSBORO,NC,27530,False,no_match,1,
341059,OIC FAMILY MEDICAL CENTER AT COMMUNITY HEALTH PLAZ,Federally Qualified Health Center,other,"1041 NOELLE LANE, MEDICAL PLAZA B",ROCKY MOUNT,NC,27804,False,wrong_county,3,"1041 NOELL DR, ROCKY MOUNT, NC, 27804"
341061,"BAKERSVILLE COMMUNITY MEDICAL CLINIC, INC.",Federally Qualified Health Center,other,116 SEVEN MILE RIDGE RD,BURNSVILLE,NC,28714,False,no_match,1,
341075,GOSHEN MEDICAL CENTER-WARSAW ELEMENTARY,Federally Qualified Health Center,other,158 LANEFIELD RD,WARSAW,NC,28398,False,no_match,1,
341083,GOSHEN MEDICAL CENTER-DUNN,Federally Qualified Health Center,other,"801 TILGHMAN DR, SUITE A",DUNN,NC,28334,False,no_match,1,
341095,LAKE LURE HEALTH SERVICES,Federally Qualified Health Center,other,146 NESBITT RDG,LAKE LURE,NC,28746,False,no_match,1,
341119,GFHS AT CATAWBA PUBLIC HEALTH,Federally Qualified Health Center,other,3070 11TH AVENUE DRIVE SE,HICKORY,NC,28602,False,no_match,2,
341124,CASWELL COUNTY SENIOR CENTER,Federally Qualified Health Center,other,649 FIRETOWER ROAD,YANCEYVILLE,NC,27379,False,no_match,1,
341152,KINTEGRA FAMILY DENTISTRY - HICKORY,Federally Qualified Health Center,other,3070 11TH AVENUE DRIVE SE,HICKORY,NC,28602,False,no_match,1,
341154,KINTEGRA MOBILE DENTISTRY SOUTH,Federally Qualified Health Center,other,212 GAMBLE DRIVE,LINCOLNTON,NC,28092,False,no_match,1,
341157,RED SPRINGS HEALTH CENTER,Federally Qualified Health Center,other,302 MOUNT TABOR ROAD,RED SPRINGS,NC,28377,False,tie,2,
341161,KINTEGRA AT BANDYS HIGH,Federally Qualified Health Center,other,"GASTON FAMILY HEALTH SERVICES, INC.",CATAWBA,NC,28609,False,no_match,2,
341162,KINTEGRA AT BUNKER HILL HIGH,Federally Qualified Health Center,other,4675 OXFORD SCHOOL ROAD,CLAREMONT,NC,28610,False,no_match,2,
341166,KINTEGRA AT WILLIAM ELLIS MIDDLE,Federally Qualified Health Center,other,144 WILLIAM ELLIS DRIVE,ADVANCE,NC,27006,False,no_match,2,
341170,KINTEGRA AT DAVIE COUNTY HIGH,Federally Qualified Health Center,other,180 WAR EAGLE DRIVE,MOCKSVILLE,NC,27028,False,no_match,2,
341192,KINTEGRA AT CENTRAL DAVIE ACADEMY,Federally Qualified Health Center,other,160 MARTIN LUTHER KING JR RD,MOCKSVILLE,NC,27028,False,no_match,1,
341195,"GASTON FAMILY HEALTH SERVICES, INC",Federally Qualified Health Center,other,KINTEGRA AT BATTLEGROUND ELEMENTARY,BOGER CITY,NC,28092,False,no_match,2,
341199,KINTEGRA AT RIVERBEND MIDDLE,Federally Qualified Health Center,other,4670 OXFORD SCHOOL RD,CLAREMONT,NC,28610,False,no_match,1,
341806,GOSHEN MEDICAL CENTER - SANFORD,Federally Qualified Health Center,other,2807 S HOMER BLVD,SANFORD,NC,27330,False,no_match,1,
341814,PERSON FAMILY MEDICAL,Federally Qualified Health Center,other,702 MAIN ST BOX 350,ROXBORO,NC,27573,False,tie,1,
341815,KINTEGRA AT PIEDMONT MIDDLE,Federally Qualified Health Center,other,2970 S. NEW HOPE RD,GASTONIA,NC,28056,False,no_match,2,
341820,BOONE TRAIL MEDICAL CENTER,Federally Qualified Health Center,other,HIGHWAY 421,MAMERS,NC,27552,False,no_match,1,
341821,BENHAVEN MEDICAL CENTER,Federally Qualified Health Center,other,RT 6  BOX 360 1A HIGHWAY 27,SANFORD,NC,27330,False,no_match,1,
341822,ANDERSON  CREEK MEDICAL CENTER,Federally Qualified Health Center,other,ROUTE 5 BOX 547 OVERLOOK ROAD,SPRING LAKE,NC,28390,False,no_match,1,
341830,DRUID HILLS FAMILY PRACTICE,Federally Qualified Health Center,other,1801 ASHEVILLE HIGHWAY,HENDERSONVILLE,NC,28793,False,no_match,1,
341833,REYNOLDS WOMEN'S CENTER,Federally Qualified Health Center,other,HIGHWAY 64E & HOWARD GAP ROAD,HENDERSONVILLE,NC,28793,False,no_match,1,
341834,VANCE-WARREN COMPREHENSIVE HLTH PLAN,Federally Qualified Health Center,other,PO BOX 425 OPPORTUNITY DRIVE,MANSON,NC,27553,False,no_match,1,
341839,GOSHEN MEDICAL CENTER INC,Federally Qualified Health Center,other,607 SOUTH WEST CENTER STREET,FAISON,NC,28341,False,no_match,2,
341841,TWIN CO RURAL HEALTH CENTER,Federally Qualified Health Center,other,P O BOX 10,HOLLISTER,NC,27844,False,no_usable_address,0,
341847,EASTERN BAND OF CHEROKEE INDIANS CHDS,Federally Qualified Health Center,other,SEQUOYAH TRAIL DR BOX 666,CHEROKEE,NC,28719,False,no_match,1,
341870,KATE B REYNOLDS PEDIATRIC CENTER,Federally Qualified Health Center,other,PO BOX 658 205 MLK JR PARKWAY,SNOW HILL,NC,28580,False,no_match,2,
341876,GOSHEN MEDICAL CENTER CLINTON,Federally Qualified Health Center,other,906 US HIGHWAY 421,CLINTON,NC,28328,False,no_match,2,
341877,GREEN COUNTY HEALTH CARE INCORPORATED,Federally Qualified Health Center,other,"HWY 91, 140 SCHOOL DRIVE",SNOW HILL,NC,28580,False,non_exact_house_number,2,"140 SCHOOL DR, SNOW HILL, NC, 28580"
341888,GOSHEN MEDICAL CENTER-LAMBERT,Federally Qualified Health Center,other,130 NORTH CENTER STREET,MOUNT OLIVE,NC,28365,False,tie,2,
341890,"ROANOKE CHOWAN COMMUNITY HEALTH CENTER, INC",Federally Qualified Health Center,other,120 HEALTH CENTER DRIVE,AHOSKIE,NC,27910,False,no_match,2,
341895,LAUREL MEDICAL CENTER,Federally Qualified Health Center,other,80 GUNTERTOWN ROAD,MARSHALL,NC,28753,False,no_match,2,
341896,HOT SPRINGS MEDICAL & DENTAL CENTER,Federally Qualified Health Center,other,66 NORTHWEST US 25/70 HIGHWAY,BLUFF,NC,28743,False,no_match,2,
341900,CHEROKEE WOMENS WELLNESS CENTER,Federally Qualified Health Center,other,73 KAISER WILNOTY DRIVE,CHEROKEE,NC,28719,False,no_match,1,
341901,ANA LE NI SGI,Federally Qualified Health Center,other,59 ECHOTA CHURCH ROAD,CHEROKEE,NC,28719,False,no_match,1,
341927,OPEN DOOR DENTISTRY,Federally Qualified Health Center,other,1421 WILMINGTON AVENUE,STATESVILLE,NC,28677,False,no_match,1,
341932,RURAL HEALTH GROUP AT NORLINA,Federally Qualified Health Center,other,110 DIVISION STREET,NORLINA,NC,27563,False,no_match,2,
341948,FIRST CHOICE COMMUNITY HEALTH CENTERS,Federally Qualified Health Center,other,1000 MEDICAL CENTER ROAD,MAMERS,NC,27552,False,no_match,1,
341951,HELPING HANDS HEALTH CENTER,Federally Qualified Health Center,other,206 GAMBLE DRIVE,LINCOLNTON,NC,28092,False,no_match,2,
341952,GOSHEN MEDICAL CENTER-FREMONT,Federally Qualified Health Center,other,109 SOUTH SYCAMORE STREET,FREMONT,NC,27830,False,non_exact_direction,2,"109 N SYCAMORE ST, FREMONT, NC, 27830"
341984,MAINSTAY,Federally Qualified Health Center,other,133 FIFTH AVENUE,HENDERSONVILLE,NC,28792,False,tie,1,
341986,SYLVAN COMMUNITY HEALTH CENTER,Federally Qualified Health Center,other,7718 SYLVAN ROAD,SNOW CAMP,NC,27349,False,no_match,1,
343400,VIDANT FAMILY MEDICINE PINETOPS,Rural Health Clinic,other,1473 NC HIGHWAY 42-43 WEST,PINETOPS,NC,27864,False,no_match,2,
343427,BLUE RIDGE MEDICAL CENTER - YANCEY CAMPUS,Rural Health Clinic,other,800 MEDICAL CAMPUS DRIVE,BURNSVILLE,NC,28714,False,no_match,2,
343459,MURPHY GROUP FAMILY PRACTICE,Rural Health Clinic,other,183B LEDFORD STREET,MURPHY,NC,28906,False,no_match,1,
343461,ERLANGER MMC URGENT CARE,Rural Health Clinic,other,183 A LEDFORD STREET,MURPHY,NC,28906,False,no_match,2,
343467,LAURINBURG FAMILY PRACTICE AND URGENT CARE,Rural Health Clinic,other,101 PLAZA RD,LAURINBURG,NC,28352,False,no_match,1,
343471,ERLANGER ANDREWS FAMILY PRACTICE,Rural Health Clinic,other,2751 BUSINESS 19,ANDREWS,NC,28901,False,no_match,1,
343477,CFV PRIMARY CARE-VINELAND FAMILY MEDICINE,Rural Health Clinic,other,630 S MADISON STREET,WHITEVILLE,NC,28472,False,non_exact_direction,2,"630 N MADISON ST, WHITEVILLE, NC, 28472"
343479,CHESAPEAKE REG PRIMARY CARE-CAMDEN RURAL HEALTH CE,Rural Health Clinic,other,100 PLANK BRIDGE RD UNIT B,CAMDEN,NC,27921,False,no_match,2,
343805,FAST PACE HEALTH,Rural Health Clinic,other,1635 COLLEGE AVENUE,SPINDALE,NC,28160,False,no_match,2,
343828,YANCEY COUNTY PRIMARY CARE,Rural Health Clinic,other,202 MEDICAL CAMPUS DRIVE,BURNSVILLE,NC,28714,False,no_match,1,
343911,RIEGELWOOD MEDICAL CLINIC,Rural Health Clinic,other,REIGELWOOD SHOPPING CTR HWY 87,RIEGELWOOD,NC,28456,False,no_match,2,
348939,EASTERN CAROLINA GERIATRIC ASSOC & FAM CARE CTR PL,Rural Health Clinic,other,105 COMMERCE STREET,POWELLSVILLE,NC,27967,False,no_match,2,
348941,ROANOKE CLINIC,Rural Health Clinic,other,1385 MEDICAL CENTER DRIVE,ROANOKE RAPIDS,NC,27870,False,no_match,2,
348992,MARIA PARHAM WOMEN'S CARE,Rural Health Clinic,other,1209 SE INDUSTRY DRIVE,OXFORD,NC,27565,False,no_match,2,
348993,RUTHERFORD FAMILY CARE,Rural Health Clinic,other,444 NC 108 HWY,RUTHERFORDTON,NC,28139,False,no_match,1,
348994,HARRIS PEDIATRIC CARE,Rural Health Clinic,other,98 DOCTORS DRIVE SUITE 300,SYLVA,NC,28779,False,no_match,2,
348995,HARRIS WOMEN'S CARE,Rural Health Clinic,other,70 THE VILLAGE OVERLOOK,SYLVA,NC,28779,False,no_match,1,
348997,PRINCETON PEDIATRICS,Rural Health Clinic,other,104 COMMERCIAL DR,PRINCETON,NC,27569,False,no_match,1,
861829,KINTEGRA AT GASTON EARLY COLLEGE OF MEDICALSCIENCE,Federally Qualified Health Center,other,201 HIGHWAY 321 S,DALLAS,NC,28034,False,no_match,1,
861846,KINTEGRA FAMILY MEDICINE - MOCKSVILLE,Federally Qualified Health Center,other,154 GOVERNMENT CENTER DR,MOCKSVILLE,NC,27028,False,no_match,1,
B61005,WEST MCDOWELL MIDDLE SCHOOL,Federally Qualified Health Center,other,346 W MCDOWELL JR HIGH SCH RD,MARION,NC,28752,False,no_match,1,
B61017,AMITY MEDICAL GROUP INC,Federally Qualified Health Center,other,6010 E W T HARRIS BLVD,CHARLOTTE,NC,28215,False,non_exact_direction,1,"6010 E WT HARRIS BLVD, CHARLOTTE, NC, 28215"
B61032,FAIRMONT FAMILY DENTAL,Federally Qualified Health Center,other,210 S WALNUT ST,FAIRMONT,NC,28340,False,non_exact_direction,1,"210 N WALNUT ST, FAIRMONT, NC, 28340"
B61037,MADISON HIGH SCHOOL,Federally Qualified Health Center,other,5740 US 25/70 HWY,MARSHALL,NC,28753,False,no_match,1,
B61045,LUCY S. HERRING ELEMENTARY SCHOOL,Federally Qualified Health Center,other,98 SULPHUR SPRINGS RD,ASHEVILLE,NC,28806,False,no_match,1,
B61056,MADISON EARLY COLLEGE SCHOOL,Federally Qualified Health Center,other,5734 US 25/70 HWY,MARSHALL,NC,28753,False,no_match,1,
B61075,GOSHEN MEDICAL CENTER - NEW BERN,Federally Qualified Health Center,other,4301 M L KING JR BLVD,NEW BERN,NC,28562,False,no_match,1,
B61076,KINTEGRA FAMILY MEDICINE - XRAY DR,Federally Qualified Health Center,other,1021 XRAY DR,GASTONIA,NC,28054,False,no_match,1,
B61078,MAHEC HEALTH CENTER AT CULLOWHEE,Federally Qualified Health Center,other,"3971 LITTLE SAVANNAH RD, STE 114",CULLOWHEE,NC,28723,False,no_match,2,
B61086,CLYDE A ERWIN MIDDLE SCHOOL,Federally Qualified Health Center,other,20 ERWIN MIDDLE SCHOOL RD,ASHEVILLE,NC,28806,False,no_match,1,
351001,NORTHLAND HEALTH CENTERS,Federally Qualified Health Center,other,55 1ST AVE E,TURTLE LAKE,ND,58575,False,no_match,1,
351806,NORTHLAND HEALTH PARTNERS CHC - MCCLUSKY,Federally Qualified Health Center,other,"122 EAST 2ND STREET, POST OFFICE BOX 618",MC CLUSKY,ND,58463,False,tie,2,
351810,COAL COUNTRY COMMUNITY HEALTH CENTER - BEULAH,Federally Qualified Health Center,other,1312 HIGHWAY 49 NORTHWEST,BEULAH,ND,58523,False,no_match,2,
351811,COAL COUNTRY COMMUNITY HEALTH CENTER - HALLIDAY,Federally Qualified Health Center,other,216 EAST MAIN STREET,HALLIDAY,ND,58636,False,no_match,1,
351815,NORTHLAND COMMUNITY HEALTH CENTER,Federally Qualified Health Center,other,18 MAIN STREET SOUTHWEST,BOWBELLS,ND,58721,False,no_match,2,
351818,COAL COUNTRY COMMUNITY HEALTH CENTER,Federally Qualified Health Center,other,220 4TH AVENUE SOUTHWEST,KILLDEER,ND,58640,False,no_match,2,
351819,NORTHLAND  COMMUNITY HEALTH CENTER,Federally Qualified Health Center,other,24 RAILROAD AVEN SUITE 16,RAY,ND,58849,False,no_match,2,
351827,NORTHLAND HEALTH PARTNERS COMMUNITY HEALTH CENTER,Federally Qualified Health Center,other,128 FOUSSARD AVE NW,SAINT JOHN,ND,58369,False,no_match,2,
353434,CHI ST ALEXIUS HEALTH CLINIC,Rural Health Clinic,other,1177 BORDER LANE,WASHBURN,ND,58577,False,no_match,2,
353451,HEART OF AMERICA JOHNSON CLINIC - DUNSEITH,Rural Health Clinic,other,215 MAIN ST SE,DUNSEITH,ND,58329,False,no_match,1,
353979,DAKOTA REGIONAL MEDICAL CENTER CLINIC,Rural Health Clinic,other,107 12TH ST S,COOPERSTOWN,ND,58425,False,tie,1,
353985,CHI ST ALEXIUS BEACH FAMILY CLINIC,Rural Health Clinic,other,95 2ND ST NW,BEACH,ND,58621,False,non_exact_direction,1,"95 2ND ST SW, BEACH, ND, 58621"
353988,TIOGA MEDICAL CENTER-RAY RHC,Rural Health Clinic,other,RAY MALL,RAY,ND,58849,False,no_match,2,
358510,NELSON COUNTY HEALTH SYSTEM MICHIGAN CLINIC,Rural Health Clinic,other,115 SOUTH ST,MICHIGAN,ND,58259,False,no_match,2,
281826,CHARLES DREW HEALTH CENTER INC,Federally Qualified Health Center,other,5904 HENNIGER AVE,OMAHA,NE,68183,False,no_match,1,
281829,ONE WORLD COMMUNITY HEALTH CENTERS INC,Federally Qualified Health Center,other,4101 S 120TH ST,OMAHA,NE,68137,False,no_match,1,
283440,GARDEN COUNTY HEALTH SERVICES CLINIC,Rural Health Clinic,other,"1100 WEST 2ND STREET, STE 100",OSHKOSH,NE,69154,False,no_match,2,
283443,ROCK COUNTY CLINIC,Rural Health Clinic,other,801 S STATE STREET,BASSETT,NE,68714,False,no_match,2,
283460,AVERA MEDICAL GROUP NIOBRARA,Rural Health Clinic,other,"254-10 PARK AVE APT E, PO BOX 254",NIOBRARA,NE,68760,False,no_match,1,
283470,SYRACUSE AREA HEALTH,Rural Health Clinic,other,2731 HEALTHCARE DRIVE,SYRACUSE,NE,68446,False,no_match,2,
283476,CALLAWAY MEDICAL CLINIC,Rural Health Clinic,other,213 EAST KIMBALL STREET,CALLAWAY,NE,68825,False,non_exact_direction,2,"213 W KIMBALL ST, CALLAWAY, NE, 68825"
283483,FRANCISCAN HEALTHCARE HOWELLS CLINIC,Rural Health Clinic,other,119 SOUTH 3RD STREET,HOWELLS,NE,68641,False,wrong_county,2,"119 3RD RD, HOWELLS, NE, 68641"
283494,SUTTON FAMILY PRACTICE,Rural Health Clinic,other,208 NORTH FRENCH AVENUE,SUTTON,NE,68979,False,non_exact_direction,2,"208 S FRENCH AVE, SUTTON, NE, 68979"
283814,AVERA MEDICAL GROUP BUTTE,Rural Health Clinic,other,730 WILSON,BUTTE,NE,68722,False,no_match,3,
283867,GREATER SANDHILLS FAMILY HEALTHCARE PC,Rural Health Clinic,other,418 E 5TH STREET,ATKINSON,NE,68713,False,no_match,2,
283977,CAMBRIDGE MEDICAL CENTER,Rural Health Clinic,other,"P.O. BOX 488, 1305 WEST HIGHWAY 6/34",CAMBRIDGE,NE,69022,False,no_match,2,
283990,SAUNDERS MEDICAL CENTER - CLINIC,Rural Health Clinic,other,1760 COUNTY ROAD J,WAHOO,NE,68066,False,tie,1,
288506,FORT CALHOUN CLINIC,Rural Health Clinic,other,4929 COUNTY ROAD P43,FORT CALHOUN,NE,68023,False,no_match,1,
288511,GREELEY MEDICAL CLINIC,Rural Health Clinic,other,109 WEST O'CONNOR AVENUE,GREELEY,NE,68842,False,non_exact_direction,2,"109 E OCONNOR AVE, GREELEY, NE, 68842"
288514,SIDNEY REGIONAL MEDICAL CENTER PHYSICIANS CLINIC,Rural Health Clinic,other,1000 POLE CREEK XING,SIDNEY,NE,69162,False,no_match,1,
288522,NEBRASKA CITY MEDICAL CLINIC,Rural Health Clinic,other,"1301 GRUNDMAN BLVD, SUITE A",NEBRASKA CITY,NE,68410,False,no_match,1,
288525,EMERSON MEDICAL CLINIC,Rural Health Clinic,other,"1003 S MAIN ST, STE 1",EMERSON,NE,68733,False,no_match,1,
288526,PENDER MEDICAL CLINIC,Rural Health Clinic,other,"958 WELLNESS WAY, SUITE 1",PENDER,NE,68047,False,no_match,1,
288531,CENTRAL CITY MEDICAL CLINIC,Rural Health Clinic,other,"2802 28TH ST, SUITE 100",CENTRAL CITY,NE,68826,False,no_match,1,
288549,LEXINGTON REGIONAL HEALTH CENTER BERTRAND CLINIC,Rural Health Clinic,other,402 MINOR AVE,BERTRAND,NE,68927,False,no_match,1,
288557,SANFORD VERMILLION PONCA CLINIC,Rural Health Clinic,other,111 EAST 2ND STREET,PONCA,NE,68770,False,non_exact_direction,2,"111 W SECOND ST, PONCA, NE, 68770"
301017,COOS COUNTY FAMILY HEALTH - EXPRESSCARE,Federally Qualified Health Center,other,"167 MAIN ST, STE 2",GORHAM,NH,03581,False,wrong_state,2,"167 MAIN RD NE, HUNTSVILLE, AL, 35811"
301034,MID-STATE HEALTH CENTER,Federally Qualified Health Center,other,202 COTTAGE ST LITTLETON,LITTLETON,NH,03561,False,no_match,2,
301846,AMOSKEAG HEALTH,Federally Qualified Health Center,other,"100 GERALD CONNORS CIR, RM E107",MANCHESTER,NH,03103,False,no_match,2,
301858,MID-STATE HEALTH CENTER,Federally Qualified Health Center,other,6 S MOUNTAIN DR,LINCOLN,NH,03251,False,no_match,2,
303976,WEEKS MEDICAL CENTER WHITEFIELD,Rural Health Clinic,other,8 CLOVER LANE,WHITEFIELD,NH,03598,False,no_match,2,
311007,HOPE & ESPERANZA COMMUNITY HEALTH CENTER,Federally Qualified Health Center,other,"788 MOUNT PROSPECT AVE, FL 2,",NEWARK,NJ,07104,False,tie,2,
311008,"ATLANTICARE HEALTH SERVICES, INC.",Federally Qualified Health Center,other,"1400 N ALBANY AVE, STE G201",ATLANTIC CITY,NJ,08401,False,no_match,2,
311017,"ATLANTICARE HEALTH SERVICES, INC.",Federally Qualified Health Center,other,"2500 ENGLISH CREEK AVE, STE 601",EGG HARBOR TOWNSHIP,NJ,08234,False,no_match,2,
311815,CAMCARE HEALTH CORPORATION,Federally Qualified Health Center,other,EIGHTH STREET AND CARL MILLER BOULEVARD,CAMDEN,NJ,08103,False,non_exact_house_number,2,"S 8TH ST & CARL MILLER BLVD, CAMDEN, NJ, 08104"
311817,CAMCARE HEALTH CORPORATION,Federally Qualified Health Center,other,6TH AND ERIE ST,CAMDEN,NJ,08102,False,non_exact_house_number,2,"N 6TH ST & ERIE ST, CAMDEN, NJ, 08102"
311839,COMPLETECARE KIDS CORNER MEDICAL PROFESSIONALS,Federally Qualified Health Center,other,251 WEST BROAD STREET,BRIDGETON,NJ,08302,False,tie,1,
311859,"SOUTHERN JERSEY FAMILY MEDICAL CENTERS, INC",Federally Qualified Health Center,other,600 PEMBERTON-BROWNS MILLS ROAD,PEMBERTON,NJ,08068,False,no_match,2,
311865,VNA OF CENTRAL JERSEY COMMUNITY HLTH CTR,Federally Qualified Health Center,other,64-66 BRIDGE AVENUE,RED BANK,NJ,07701,False,non_exact_house_number,2,"66 BRIDGE AVE, RED BANK, NJ, 07701"
311869,ATLANTICARE HEALTH SERVICES,Federally Qualified Health Center,other,2009 BACHARACH BLVD,ATLANTIC CITY,NJ,08401,False,no_match,1,
311890,"PROJECT H.O.P.E., INC.",Federally Qualified Health Center,other,519-525 WEST STREET,CAMDEN,NJ,08103,False,tie,2,
311932,IRONBOUND MEDICAL & DENTAL CENTER,Federally Qualified Health Center,other,92-96 FERRY STREET,NEWARK,NJ,07105,False,non_exact_house_number,2,"96 FERRY ST, NEWARK, NJ, 07105"
311939,THE OSBORN FAMILY HEALTH CENTER,Federally Qualified Health Center,other,1601 HADDEN AVE,CAMDEN,NJ,08103,False,no_match,2,
311942,HENRY J AUSTIN HEALTH CENTER,Federally Qualified Health Center,other,314-316  EAST STATE STREET,TRENTON,NJ,08608,False,non_exact_house_number,2,"316 E STATE ST, TRENTON, NJ, 08608"
321006,HMS TUCASA,Federally Qualified Health Center,other,3200 32ND STREET BYP,SILVER CITY,NM,88061,False,no_match,1,
321007,SUNRISE CLINICS - LAS VEGAS MAIN,Federally Qualified Health Center,other,2515 RIDGE RUNNER ROAD,LAS VEGAS,NM,87701,False,no_match,2,
321015,ORGAN MOUNTAIN HIGH SCHOOL - SCHOOL BASED HEALTH C,Federally Qualified Health Center,other,"5700 MESA GRANDE DR, RM 6 H 283",LAS CRUCES,NM,88011,False,no_match,3,
321016,ARROWHEAD PARK EARLY COLLEGE,Federally Qualified Health Center,other,"3600 ARROWHEAD DR, BLDG 8",LAS CRUCES,NM,88011,False,no_match,1,
321801,LA CLINICA DEL PUEBLO DE RIO ARRIBA,Federally Qualified Health Center,other,14 US HIGHWAY 84 COUNTY ROAD 324,TIERRA AMARILLA,NM,87575,False,no_match,2,
321810,SAN MIGUEL CLINIC,Federally Qualified Health Center,other,18420 SOUTH HIGHWAY 28,SAN MIGUEL,NM,88058,False,no_match,2,
321821,TORREON HEALTH CLINIC,Federally Qualified Health Center,other,TORREON CHAPTER HOUSE,CUBA,NM,87013,False,no_match,2,
321823,LOVING HEALTH CLINIC,Federally Qualified Health Center,other,602 S 4TH ST,LOVING,NM,88256,False,no_match,2,
321824,OJO ENCINO HEALTH CLINIC,Federally Qualified Health Center,other,STATEROAD 44,CUBA,NM,87013,False,no_match,2,
321834,EL CENTRO FAMILY HEALTH ROY CLINIC,Federally Qualified Health Center,other,555 WAGON MOUND HIGHWAY,ROY,NM,87743,False,no_match,2,
321840,LAS CLINICAS DEL NORTE,Federally Qualified Health Center,other,STATE ROAD 571 BLDG  #28,EL RITO,NM,87530,False,no_match,2,
321845,RAMAH NAVAJO SCH BOARD INC,Federally Qualified Health Center,other,BIA RT 125 P O BOX 310,PINEHILL,NM,87357,False,no_match,2,
321855,LAS CLINICAS DEL NORTE,Federally Qualified Health Center,other,HIGHWAY 285 BUILDING # 35282,EL RITO,NM,87530,False,wrong_county,2,"35282 US HWY 285, OJO CALIENTE, NM, 87549"
321860,ALAMO NAVAJO HEALTH CTR,Federally Qualified Health Center,other,HIGHWAY 169 MILE MARKER 29,ALAMO,NM,87825,False,no_match,2,
321862,EL CENTRO FAMILY HEALTH SPRINGER CLINIC,Federally Qualified Health Center,other,502 4TH STREET,SPRINGER,NM,87747,False,no_match,1,
321870,LA CLINICA DE FAMILIA INC,Federally Qualified Health Center,other,385 CALLE DE ALEGRA BLDG C,LAS CRUCES,NM,88005,False,no_match,1,
321871,BEN ARCHER HEALTH CENTER-COLUMBUS,Federally Qualified Health Center,other,160 WEST NEW ORLEANS AVENUE,COLUMBUS,NM,88029,False,no_match,2,
321873,LAS CLINICAS DEL NORTE AT ALIQUIU,Federally Qualified Health Center,other,HWY 84 BLDG #21124,ABIQUIU,NM,87510,False,no_match,2,
321875,MAGDALENA AREA MEDICAL CENTER,Federally Qualified Health Center,other,801 TENTH STREET,MAGDALENA,NM,87825,False,no_match,2,
321876,SOUTHSIDE CLINIC,Federally Qualified Health Center,other,2145 CAJA DEL ORO GRANT ROAD,SANTA FE,NM,87507,False,no_match,1,
321877,LA CLINICA DE FAMILIA,Federally Qualified Health Center,other,385 CALLE DE ALEGRA BLDG B,LAS CRUCES,NM,88005,False,no_match,1,
321880,BEN ARCHER HEALTH CENTER,Federally Qualified Health Center,other,2150 S US HWY 54,ALAMOGORDO,NM,88310,False,no_match,2,
321883,LA CLINICA DE FAMILIA-EAST MESA CLINIC,Federally Qualified Health Center,other,8600 BATAAN MEMORIAL EAST,LAS CRUCES,NM,88011,False,no_match,2,
321886,OJO CALIENTE SCHOOL-BASED CLINIC,Federally Qualified Health Center,other,HIGHWAY 285 STATE ROAD 111,OJO CALIENTE,NM,87549,False,wrong_county,1,"285 STATE HWY 111, OJO CALIENTE, NM, 87549"
321892,FIRST CHOICE COMMUNITY HEALTHCARE INC,Federally Qualified Health Center,other,7 MUNICIPAL WAY,EDGEWOOD,NM,87015,False,wrong_county,1,"7 MUNICIPAL LN, EDGEWOOD, NM, 87015"
321896,SOCORRO COMMUNITY HEALTH CENTER,Federally Qualified Health Center,other,1300 ENTERPRISE,SOCORRO,NM,87801,False,no_match,2,
321906,BEN ARCHER HEALTH CENTER,Federally Qualified Health Center,other,12080 LB LINDBECK ROAD BUILDING A,RADIUM SPRINGS,NM,88054,False,no_match,2,
321912,LA CASA FAMILY HEALTH CENTER,Federally Qualified Health Center,other,103 DON PABLO LANE,HONDO,NM,88336,False,no_match,1,
321918,BEN ARCHER HEALTH CENTER OF LAS CRUCES,Federally Qualified Health Center,other,1998 MOTEL BLVD,LAS CRUCES,NM,88007,False,no_match,2,
321923,CUBA SCHOOL BASED HEALTH CLINIC,Federally Qualified Health Center,other,#50 COUNTY ROAD 13,CUBA,NM,87013,False,no_match,1,
321932,EL CENTRO FAMILY HEALTH TAOS HIGH SCHOOL BASED CAR,Federally Qualified Health Center,other,134 CERVANTES ROAD,TAOS,NM,87571,False,tie,1,
321934,EL CENTRO FAMILY HEALTH CARLOS VIGIL MIDDLE SCHOOL,Federally Qualified Health Center,other,1260 INDUSTRIAL PARK ROAD,ESPANOLA,NM,87532,False,no_match,1,
321936,EL CENTRO FAMILY HEALTH ESPANOLA VALLEY HS BASED,Federally Qualified Health Center,other,1111 EL LLANO ROAD,ESPANOLA,NM,87532,False,no_match,2,
321939,EL CENTRO FAMILY HEALTH MAXWELL WELLNESS CENTER,Federally Qualified Health Center,other,4TH & PARQUE AVE,MAXWELL,NM,87728,False,no_match,1,
321945,LCDF RIO GRANDE SCHOOL BASE,Federally Qualified Health Center,other,2355 AVENIDA DE MESILLA,MESILLA,NM,88046,False,no_match,1,
321946,LCDF SANTA TERESA SCHOOL BASE,Federally Qualified Health Center,other,100 AIRPORT ROAD,SANTA TERESA,NM,88008,False,no_match,2,
321947,MORA VALLEY SBHC,Federally Qualified Health Center,other,10 RANGER DRIVE,MORA,NM,87732,False,no_match,2,
321955,LFMC HEALTHCARE FOR HOMELESS,Federally Qualified Health Center,other,"1532 CERRILLOS ROAD, SUITE B",SANTA FE,NM,87505,False,no_match,2,
321964,"CANONCITO BAND OF NAVAJOS HEALTH CENTER, INC.",Federally Qualified Health Center,other,129 MEDICINE HORSE DRIVE,CANONCITO,NM,87026,False,no_match,2,
321965,VEGUITA FAMILY HEALTH CENTER,Federally Qualified Health Center,other,1 SALOMON GRIEGO DRIVE,VEGUITA,NM,87062,False,no_match,2,
321966,EL CENTRO FAMILY HEALTH-SPRINGER SBHC,Federally Qualified Health Center,other,1401 8TH STREET,SPRINGER,NM,87747,False,no_match,1,
321975,BEN ARCHER HEALTH CENTER DEMING SCHOOL BASE,Federally Qualified Health Center,other,1300 S IRON ST.,DEMING,NM,88030,False,no_match,2,
323411,LAS VEGAS MEDICAL GROUP,Rural Health Clinic,other,"108 LEGION DRIVE, SUITE A, C & D",LAS VEGAS,NM,87701,False,no_match,2,
323414,CLAYTON HEALTH SYSTEMS INC.,Rural Health Clinic,other,351 FRANCIS AVENUE,DES MOINES,NM,88418,False,no_match,1,
291014,PAHRUMP FAMILY HEALTH CENTER,Federally Qualified Health Center,other,"1430 E. CALVADA BOULEVARD, SUITE 200",PAHRUMP,NV,89048,False,non_exact_direction,1,"1430 W CALVADA BLVD, PAHRUMP, NV, 89048"
291804,EUREKA COUNTY MEDICAL CLINIC,Federally Qualified Health Center,other,"PO BOX 347, MAIN ST",EUREKA,NV,89316,False,no_match,1,
291811,PYRAMID LAKE TRIBAL HEALTH DEPT,Federally Qualified Health Center,other,POST OFFICE BOX 227,NIXON,NV,89424,False,no_match,1,
291812,WALKER RIVER HEALTH CLINIC,Federally Qualified Health Center,other,POST OFFICE BOX 220,RAWHIDE,NV,89427,False,no_match,1,
291823,NV RHC - JACKPOT CHC,Federally Qualified Health Center,other,135 KENO STREET,CONTACT,NV,89825,False,no_match,2,
291825,RANCHO FAMILY HEALTH CENTER,Federally Qualified Health Center,other,"630 SOUTH RANCHO, SUITE A",LAS VEGAS,NV,89106,False,wrong_county,1,"630 S RANCHO DR, LAS VEGAS, NV, 89106"
291836,PYRAMID LAKE PAIUTE TRIBAL HEALTH CENTER,Federally Qualified Health Center,other,705 HWY 446,NIXON,NV,89424,False,no_match,3,
291852,SEARCHLIGHT HEALTHCARE,Federally Qualified Health Center,other,"98 E LAKE MEAD PKWY, SUITE 305",LAS VEGAS,NV,89105,False,non_exact_direction,1,"98 E LAKE MEAD SOUTH BLVD, N LAS VEGAS, NV, 89030"
291868,COMMUNITY HEALTH ALLIANCE,Federally Qualified Health Center,other,680 S ROCK BLVD,RENO,NV,89502,False,no_match,1,
293991,WILLIAM BEE RIRIE EUREKA CLINIC,Rural Health Clinic,other,250 SOUTH MAIN STREET,EUREKA,NV,89316,False,non_exact_direction,2,"250 N MAIN ST, EUREKA, NV, 89316"
331028,UTICA COMMUNITY HLTH CTR,Federally Qualified Health Center,other,1651 ONEIDA STREET,UTICA,NY,13501,False,no_match,2,
331033,HUDSON HEADWATERS HEALTH NETWORK,Federally Qualified Health Center,other,161 CAREY ROAD,GLENS FALLS,NY,12804,False,no_match,2,
331036,LONG ISLAND FQHC INC ELMONT,Federally Qualified Health Center,other,161 HEMPSTEAD TURNPIKE,ALDEN MANOR,NY,11003,False,no_match,2,
331041,UPPER ROOM AIDS MINISTRY ADHC,Federally Qualified Health Center,other,123-125 WEST 124TH STREET,MANHATTAN,NY,10027,False,non_exact_house_number,2,"125 W 124TH ST, NEW YORK, NY, 10027"
331070,FINGER LAKES MIGRANT HEALTH CARE PROJECT,Federally Qualified Health Center,other,6341 RIDGE ROAD,SODUS,NY,14551,False,no_match,2,
331072,NORTH COUNTRY CHILDRENS CLINIC,Federally Qualified Health Center,other,238 ARSENAL STREET,GLEN PARK,NY,13601,False,no_match,2,
331103,"URBAN HEALTH PLAN, X158",Federally Qualified Health Center,other,800 HOME STREET,BRONX,NY,10456,False,no_match,2,
331133,NORTHERN OSWEGO COUNTY HEALTH SERVICES INC 9557,Federally Qualified Health Center,other,10 CARLTON DRIVE,PARISH,NY,13131,False,no_match,2,
331137,HUDSON RIVER HEALTHCARE HRHCARE SHIRLEY 904,Federally Qualified Health Center,other,550 MONTAUK HIGHWAY,SHIRLEY,NY,11967,False,no_match,2,
331143,HEALTH CENTER AT SANDY CREEK SCHOOL,Federally Qualified Health Center,other,61 DELANO STREET,SANDY CREEK,NY,13145,False,no_match,2,
331159,MORRISANIA DIAGNOSTIC & TREATMENT CENTER,Federally Qualified Health Center,other,1225-1257 GERARD AVE,BRONX,NY,10452,False,non_exact_house_number,1,"1257 GERARD AVE, BRONX, NY, 10452"
331169,CARE FOR THE HOMELESS 9369,Federally Qualified Health Center,other,1  WARDS ISLAND,NEW YORK,NY,10035,False,no_match,1,
331181,BRIGHTPOINT WESTCHESTER SQUARE CLINIC,Federally Qualified Health Center,other,2510 WESTCHESTER AVENUE,BRONX,NY,10461,False,tie,1,
331186,HOUSING WORKS HEALTH SERVICES INC,Federally Qualified Health Center,other,743-749 EAST NINTH STREET,NEW YORK,NY,10009,False,non_exact_house_number,2,"749 E 9TH ST, NEW YORK, NY, 10009"
331807,WHITNEY M YOUNG JR HEALTH CENTER INC,Federally Qualified Health Center,other,920 LARK DR,ALBANY,NY,12207,False,no_match,1,
331819,EVERGREEN HEALTH,Federally Qualified Health Center,other,"800 HERTEL AVE, STE 100",BUFFALO,NY,14207,False,no_match,1,
331838,"ANTHONY L JORDAN HEALTH CTR,THE",Federally Qualified Health Center,other,82 HOLLAND ST,ROCHESTER,NY,14603,False,no_match,2,
331863,FAMILY HEALTH NETWORK CENTRAL NEW YORK,Federally Qualified Health Center,other,"5729 ROUTE 13, BOX 13",DERUYTER,NY,13052,False,wrong_county,1,"5729 STATE RTE 13, DE RUYTER, NY, 13052"
331911,INSTITUTE FOR URBAN FAMILY HEALTH,Federally Qualified Health Center,other,50-98 EAST 168TH STREET,BRONX,NY,10452,False,non_exact_house_number,2,"98 E 168TH ST, BRONX, NY, 10452"
331930,SYRACUSE COMMUNITY HEALTH CENTER ONONDAGA NATION,Federally Qualified Health Center,other,249 ROUTE 11-A,NEDROW,NY,13120,False,no_match,1,
331944,DR BETTY SHABAZZ HEALTH CENTER,Federally Qualified Health Center,other,999 BLAKE AVENUE,BROOKLYN,NY,11208,False,no_match,2,
331945,CABS HEALTH CENTER,Federally Qualified Health Center,other,94-98 MANHATTAN AVENUE,BROOKLYN,NY,11206,False,non_exact_house_number,1,"98 MANHATTAN AVE, BROOKLYN, NY, 11206"
331957,MOBILE UNIT 2,Federally Qualified Health Center,other,PARKED AT 97 04 SUTPHIN BLVD,BRIARWOOD,NY,11435,False,non_exact_house_number,1,"97-04 SUTPHIN BLVD, BRIARWOOD, NY, 11435"
331971,MORIAH HEALTH CENTER,Federally Qualified Health Center,other,"33 TOM PHELPS LANE, PO BOX 480",MINEVILLE,NY,12956,False,no_match,2,
331975,HUDSON RIVER HEALTHCARE INC - MONTICELLO,Federally Qualified Health Center,other,23 LAKEWOOD AVENUE,MONTICELLO,NY,12701,False,no_match,2,
331979,CP FAMILY HEALTH CTR - MALONE,Federally Qualified Health Center,other,ROUTE 51 - CREIGHTON ROAD,MALONE,NY,12953,False,tie,2,
331985,"UNION COMMUNITY HEALTH CENTER, INC",Federally Qualified Health Center,other,1 FORDHAM PLAZA,BRONX,NY,10458,False,no_match,2,
333977,PHILADELPHIA MEDICAL CENTER,Rural Health Clinic,other,32787 US ROUTE 11,PHILADELPHIA,NY,13673,False,no_match,1,
333978,DEKALB HEALTH CENTER,Rural Health Clinic,other,2924 COUNTY ROUTE 17,DE KALB JUNCTION,NY,13630,False,tie,2,
333988,BEAVER RIVER SCHOOL BASED CLINIC,Rural Health Clinic,other,9508 ARTZ ROAD,BEAVER FALLS,NY,13305,False,no_match,1,
333989,CARTHAGE MIDDLE SCHOOL BASED CLINIC,Rural Health Clinic,other,21986 COLE ROAD,CARTHAGE,NY,13619,False,no_match,1,
333990,CARTHAGE AREA HOSPITAL WALK-IN CLINIC,Rural Health Clinic,other,22075 CONSTITUTION DRIVE,CARTHAGE,NY,13619,False,no_match,1,
333991,BASSETT HEALTHCARE NETWORK - HAMILTON MADISON HEAL,Rural Health Clinic,other,1055 MADISON MARKETPLACE,HAMILTON,NY,13346,False,no_match,1,
333998,UNIVERSITY OF VERMONT ALICE HYDE MEDICAL CENTER ME,Rural Health Clinic,other,15 4TH STREET,MALONE,NY,12953,False,no_match,2,
571058,BRIGHTPOINT HEALTH,Federally Qualified Health Center,other,BAY STREET HEALTH CENTER,STATEN ISLAND,NY,10301,False,no_match,1,
571062,"LONG ISLAND SELECT HEALTHCARE, INC",Federally Qualified Health Center,other,509 ROUTE 112,PORT JEFFERSON STATI,NY,11776,False,no_match,2,
571071,THE FLOATING HOSPITAL INC,Federally Qualified Health Center,other,"813 ASTORIA BLVD, ASTORIA",ASTORIA,NY,11102,False,non_exact_house_number,1,"8-13 ASTORIA BLVD, ASTORIA, NY, 11102"
571092,THE FLOATING HOSPITAL INC,Federally Qualified Health Center,other,"421 27TH AVE, LONG ISLAND CITY",LONG ISLAND CITY,NY,11102,False,non_exact_house_number,1,"4-21 27TH AVE, LONG ISLAND CITY, NY, 11102"
571116,DAMIAN FAMILY CARE INC,Federally Qualified Health Center,other,11711 MYRTLE AVE,JAMAICA,NY,11418,False,no_match,2,
571156,HUDSON RIVER HEALTHCARE,Federally Qualified Health Center,other,1543 -1545 INWOOD AVE,BRONX,NY,10452,False,non_exact_house_number,2,"1545 INWOOD AVE, BRONX, NY, 10452"
571165,NEW YORK CITY HEALTH AND HOSPTIAL CORP,Federally Qualified Health Center,other,59-17 JUNCTION BOULEVARD,CORONA,NY,11368,False,no_match,2,
571166,HUDSON RIVER HEALTHCARE,Federally Qualified Health Center,other,2510 WESTCHESTER AVE,BRONX,NY,10461,False,tie,1,
571831,NORTHERN OSWEGO COUNTY HEALTH SERVICES INC,Federally Qualified Health Center,other,3045 RT-49,CENTRAL SQUARE,NY,13036,False,no_match,2,
571832,"OAK ORCHARD COMMUNITY HEALTH, INC.",Federally Qualified Health Center,other,14014 STATE ROUTE 31,ALBION,NY,14411,False,tie,1,
571882,LIBERTY RESOURCES INC,Federally Qualified Health Center,other,14 CROSSROADS DR,FULTON,NY,13069,False,no_match,1,
571934,HARMONY HEALTH CARE LONG ISLAND,Federally Qualified Health Center,other,841 ETHEL T KLOBERG DR,NORTH BALDWIN,NY,11510,False,no_match,1,
361002,AID FAMILY MEDICAL CENTER,Federally Qualified Health Center,other,13804 STATE ROUTE 141,KITTS HILL,OH,45645,False,no_match,1,
361032,PRIMARY HEALTH SOLUTIONS,Federally Qualified Health Center,other,953 SOUTH STREET,WILMINGTON,OH,45177,False,tie,1,
361033,QUAKER CITY FAMILY HEALTH CENTER,Federally Qualified Health Center,other,119 WEST MAIN STREET,QUAKER CITY,OH,43773,False,non_exact_direction,2,"119 E MAIN ST, QUAKER CITY, OH, 43773"
361050,MANCHESTER FAMILY HEALTH CENTER,Federally Qualified Health Center,other,130 WAYNE FRYE DRIVE,MANCHESTER,OH,45144,False,no_match,2,
361058,SPARTAN HEALTH CENTER,Federally Qualified Health Center,other,1 SPARTAN WAY,LIMA,OH,45801,False,no_match,1,
361118,HOPEWELL HEALTH CENTERS,Federally Qualified Health Center,other,"541 STATE ROUTE 664N, SUITE C",LOGAN,OH,43138,False,no_match,2,
361128,SIGNATURE HEALTH INC,Federally Qualified Health Center,other,38882 MENTOR AVENUE,WILLOUGHBY,OH,44094,False,no_match,2,
361137,FAMILY HEALTHCARE INC,Federally Qualified Health Center,other,502 MCCARTY LANE SUITE 5,JACKSON,OH,45640,False,no_match,2,
361155,HOPEWELL HEALTH CENTERS INC,Federally Qualified Health Center,other,622 CENTRAL CENTER,CHILLICOTHE,OH,45601,False,no_match,2,
361184,PRIMARY HEALTH SOLUTIONS,Federally Qualified Health Center,other,601 NORTH BREIEL BLVD SUITE B,MIDDLETOWN,OH,45042,False,no_match,2,
361196,OHIO NORTH EAST HEALTH SYSTEMS INC,Federally Qualified Health Center,other,2642 STATE ROUTE 5,CORTLAND,OH,44410,False,no_match,1,
361809,MT ORAB FAMILY HEALTH CENTER,Federally Qualified Health Center,other,150 HEALTH PARTNERS CIRCLE,MOUNT ORAB,OH,45154,False,no_match,2,
361824,HARTWELL MEDICAL CENTER,Federally Qualified Health Center,other,S R 93 NORTH,MCARTHUR,OH,45651,False,no_match,2,
361842,BOWLING GREEN MIGRANT CLINIC,Federally Qualified Health Center,other,BGSU STUDENT HEALTH CENTER RIDGE ROAD,BOWLING GREEN,OH,43402,False,no_match,1,
361846,PIKETON FAMILY HEALTH & DENTAL CENTER,Federally Qualified Health Center,other,7777 US ROUTE 23,PIKETON,OH,45661,False,no_match,2,
361895,CARE ALLIANCE,Federally Qualified Health Center,other,2100 LAKESHORE AVENUE,CLEVELAND,OH,44114,False,no_match,1,
361943,EAST DAYTON HEALTH CENTER,Federally Qualified Health Center,other,2132 EAST THIRD STREET,DAYTON,OH,45403,False,tie,2,
361968,IRONTON HEALTH CARE CAMPUS,Federally Qualified Health Center,other,1408 CAMPBELL DRIVE,IRONTON,OH,45638,False,no_match,2,
363419,MERCY HEALTH-URBANA HOSPITAL PRIMARY CARE,Rural Health Clinic,other,900 SCIOTO ST STE 4,URBANA,OH,43078,False,no_match,1,
363425,WYANDOT MEDICAL PROVIDERS AT SYCAMORE,Rural Health Clinic,other,412 W SAFFELL AVE,SYCAMORE,OH,44882,False,no_match,1,
363433,BARNESVILLE FAMILY MEDICINE,Rural Health Clinic,other,100 HOSPITAL DRIVE SUITE 201,BARNESVILLE,OH,43713,False,no_match,1,
363449,AULTMAN ORRVILLE CARROLLTON SCHOOLS HEALTH CENTER,Rural Health Clinic,other,211 SCIO ROAD SW,CARROLLTON,OH,44615,False,non_exact_direction,2,"211 SCIO RD SE, CARROLLTON, OH, 44615"
363459,DEPT OF PRIMARY CARE BARLOW,Rural Health Clinic,other,40 WHITE OAK PROFESSIONAL CTR,VINCENT,OH,45784,False,no_match,1,
363462,DEPARTMENT OF PRIMARY CARE LOGAN,Rural Health Clinic,other,"751 STATE ROUTE 664 N, UNIT A",LOGAN,OH,43138,False,no_match,1,
363860,TURJOMAN PEDIATRICS,Rural Health Clinic,other,8930 OHIO RIVER ROAD,WHEELERSBURG,OH,45694,False,no_match,1,
363871,ALL ABOUT KIDS PEDIATRICS LLC,Rural Health Clinic,other,100 DEAN DRIVE,MOUNT ORAB,OH,45154,False,no_match,2,
721038,CAA HEALTH CENTER AT LISBON,Federally Qualified Health Center,other,7880 LINCOLE PL,LISBON,OH,44432,False,no_match,1,
721045,FAMILY HEALTHCARE INC,Federally Qualified Health Center,other,4 BUCKEYE DR,NELSONVILLE,OH,45764,False,no_match,1,
721138,HOPEWELL HEALTH CENTERS INC,Federally Qualified Health Center,other,200 HOLLY LANE,GALLIPOLIS,OH,45631,False,no_match,2,
721825,ERIE COUNTY GENERAL HEALTH DISTRICT,Federally Qualified Health Center,other,316 W MASON ROAD,MILAN,OH,44846,False,no_match,2,
721827,MALABAR CARE CONNECT,Federally Qualified Health Center,other,205 WEST COOK ROAD,MANSFIELD,OH,44907,False,non_exact_direction,2,"205 E COOK RD, MANSFIELD, OH, 44903"
721837,FIVE RIVERS HEALTH CENTER,Federally Qualified Health Center,other,1923 WEST 3RD STREET,DAYTON,OH,45417,False,tie,2,
721843,DANVILLE COMMUNITY HEALTH CENTER,Federally Qualified Health Center,other,12 EAST MAIN STREET,DANVILLE,OH,43014,False,non_exact_direction,2,"12 W MAIN ST, DANVILLE, OH, 43014"
721882,ERIE COUNTY OFFICE OF AUDITOR,Federally Qualified Health Center,other,"34 EXECUTIVE DR, STE A",NORWALK,OH,44857,False,no_match,1,
D21002,HEART OF OHIO FAMILY HEALTH OBGYN,Federally Qualified Health Center,other,"495 COOPER RD, STE 420",WESTERVILLE,OH,43081,False,no_match,1,
D21013,OVP HEALTH CARE INC,Federally Qualified Health Center,other,6276 COUNTY ROAD 107,PROCTORVILLE,OH,45669,False,no_match,1,
D21014,HOPEWELL HEALTH CENTERS INC,Federally Qualified Health Center,other,225 GOLDEN ROCKET DR OFC E 126,WELLSTON,OH,45692,False,no_match,3,
D21016,HOPEWELL HEALTH CENTERS INC,Federally Qualified Health Center,other,200 GOLDEN ROCKET DR OFC B204,WELLSTON,OH,45692,False,no_match,3,
D21017,"SPRINGVALE HEALTH CENTERS, INC.",Federally Qualified Health Center,other,155 GARLAND DR SW,NEW PHILADELPHIA,OH,44663,False,no_match,1,
D21020,FAMILY HEALTH SERVICES OF ERIE,Federally Qualified Health Center,other,3851 US HWY 20,COLLINS,OH,44826,False,no_match,1,
D21021,FAMILY HEALTH SERVICES OF ERIE COUNTY,Federally Qualified Health Center,other,3841 US HWY 20 E,COLLINS,OH,44826,False,no_match,2,
D21025,"SIGNITURE HEALTH, INC",Federally Qualified Health Center,other,38876 MENTOR AVE.,KIRTLAND,OH,44094,False,no_match,2,
D21027,"FAMILY HEALTH SERVICES OF DARKE COUNTY, INC",Federally Qualified Health Center,other,600 E CANAL ST.,ANSONIA,OH,45303,False,non_exact_direction,2,"600 W CANAL ST, ANSONIA, OH, 45303"
D21072,BEDFORD HEALTH CENTER,Federally Qualified Health Center,other,19999 ROCKSIDE RD,BEDFORD,OH,44146,False,no_match,1,
D21080,HOPEWELL HEALTH CENTERS INC,Federally Qualified Health Center,other,"150 WARRIOR DR, SUITE A",VINCENT,OH,45784,False,no_match,1,
D21088,AXESSPOINTE COMMUNITY HEALTH CENTER INC,Federally Qualified Health Center,other,5968 NEW MILFORD RD,RAVENNA,OH,44266,False,no_match,1,
D21091,FAMILY HEALTH SERVICES OF ERIE COUNTY,Federally Qualified Health Center,other,125 E ADAMS ST,SANDUSKY,OH,44870,False,non_exact_direction,1,"125 W ADAMS ST, SANDUSKY, OH, 44870"
D21093,"HOPEWELL HEALTH CENTERS, INC.",Federally Qualified Health Center,other,"51-55 WEST STATE STREET, OFC 218",ATHENS,OH,45701,False,non_exact_house_number,3,"55 W STATE ST, ATHENS, OH, 45701"
D21101,"HOPEWELL HEALTH CENTERS, INC.",Federally Qualified Health Center,other,"1 TOMCAT DR, OFC 230",GLOUSTER,OH,45732,False,no_match,3,
D21108,FAMILY HEALTH SERVICES OF ERIE COUNTY,Federally Qualified Health Center,other,"1810 MAPLE AVE, RM 126",HURON,OH,44839,False,no_match,1,
D21113,OHIO HILLS HEALTH CENTER ST.  CLAIRSVILLE,Federally Qualified Health Center,other,68332 BANNOCK ROAD,SAINT CLAIRSVILLE,OH,43950,False,no_match,1,
371004,HWC ADVENTURE HEAD START - TAHLEQUAH EHS,Federally Qualified Health Center,other,17200 N BRYANT RD,TAHLEQUAH,OK,74464,False,no_match,1,
371009,CHC/OK BARTLESVILLE CLINIC,Federally Qualified Health Center,other,1223 SWAN DR,BARTLESVILLE,OK,74006,False,no_match,1,
371018,HWC ADVENTURE HEAD START/EARLY HEADSTART - WESTVIL,Federally Qualified Health Center,other,1855 BUFFINGTON RD,WESTVILLE,OK,74965,False,no_match,1,
371021,HWC ADVENTURE HEAD START - TAHLEQUAH,Federally Qualified Health Center,other,480 SKILL CENTER,TAHLEQUAH,OK,74464,False,no_match,2,
371025,HWC ADVENTURE HEAD START - ROLAND,Federally Qualified Health Center,other,300 RANGER BLVD,ROLAND,OK,74954,False,no_match,1,
371026,HWC ADVENTURE HEAD START - RYAL,Federally Qualified Health Center,other,115035 S 3960 RD,COALTON,OK,74437,False,no_match,2,
371029,HWC ADVENTURE HEAD START - TAHLEQUAH,Federally Qualified Health Center,other,480 SKILL CENTER CIR,TAHLEQUAH,OK,74464,False,no_match,1,
371030,HWC ADVENTURE HEAD START - QUINTON,Federally Qualified Health Center,other,710 J ST,QUINTON,OK,74561,False,no_match,1,
371032,FAMILY MEDICAL CENTER,Federally Qualified Health Center,other,1121 NEO LOOP,GROVE,OK,74344,False,no_match,1,
371046,CROSSOVER HEALTH SERVICES INC,Federally Qualified Health Center,other,5635 N MARTIN LUTHER KING JR BLVD,TULSA,OK,74126,False,no_match,1,
371813,SAM HIDER JAY COMMUNITY CLINIC,Federally Qualified Health Center,other,P O BOX 350,JAY,OK,74346,False,no_usable_address,0,
371816,CHEROKEE NATL STILLWELL RHC,Federally Qualified Health Center,other,1311 W LOCUST,TAHLEQUAH,OK,74465,False,no_match,1,
371817,SALINA COMMUNITY CLINIC,Federally Qualified Health Center,other,P O BOX 936,SALINA,OK,74365,False,no_usable_address,0,
371825,CITIZEN POTAWATOMI NATION HLTH CL,Federally Qualified Health Center,other,2307 S GORDON COOPER DR,SHAWNEE,OK,74801,False,no_match,2,
371839,PUSHMATAHA FAMILY MEDICAL CENTER INC,Federally Qualified Health Center,other,1020 N LAWSON BOULEVARD,CLAYTON,OK,74536,False,no_match,1,
371840,KIAMICHI FAMILY MEDICAL CENTER INC,Federally Qualified Health Center,other,2809 NE LINCOLN RD,IDABEL,OK,74745,False,no_match,2,
371850,SOUTH CENTRAL MEDICAL AND RESOURCE CENTER INC,Federally Qualified Health Center,other,216 S MAIN STREET,LINDSAY,OK,73052,False,non_exact_direction,2,"216 N MAIN ST, LINDSAY, OK, 73052"
371853,"ARKANSAS VERDIGRIS VALLEY HEALTH CENTERS, INC",Federally Qualified Health Center,other,505 SOUTH  MAIN,PORTER,OK,74454,False,no_match,2,
371854,NEWKRIK FAMILY HEALTH CENTER,Federally Qualified Health Center,other,716 SOUTH HIGHWAY 77,NEWKIRK,OK,74647,False,non_exact_direction,2,"716 W SOUTH ST, NEWKIRK, OK, 74647"
371857,"OKLAHOMA COMMUNITY HEALTH SERVICES, INC",Federally Qualified Health Center,other,500  SW 44TH,OKLAHOMA CITY,OK,73109,False,wrong_county,2,"500 SW 44TH ST, OKLAHOMA CITY, OK, 73160"
371869,NEOHEALTH WESTVILLE FAMILY MEDICAL CENTER,Federally Qualified Health Center,other,1779 BUFFINGTON ROAD,WESTVILLE,OK,74965,False,no_match,2,
371877,CITIZEN POTAWATOMI NATION WEST CLINIC,Federally Qualified Health Center,other,781 GRAND CASINO BLVD,SHAWNEE,OK,74804,False,no_match,2,
371886,ECOFHC HENRYETTA MEDICAL CLINIC,Federally Qualified Health Center,other,104 E SHURDEN INDUSTRIAL BLVD,HENRYETTA,OK,74437,False,no_match,1,
371892,ROUTE 66 HEALTH CLINIC,Federally Qualified Health Center,other,"21965 BISON DRIVE,",AFTON,OK,74331,False,no_match,1,
371905,"VARIETY CARE, INC",Federally Qualified Health Center,other,201 WEST FIRST STREET,GRANDFIELD,OK,73546,False,no_match,2,
371908,MARLOW COMMUNITY HEALTH CENTER,Federally Qualified Health Center,other,1324 SOUTH BROADWAY STREET,MARLOW,OK,73055,False,non_exact_direction,2,"1324 N BROADWAY, MARLOW, OK, 73055"
371910,NORTHEASTERN TRIBAL HEALTH SYSTEM,Federally Qualified Health Center,other,7600 S HIGHWAY 69A,MIAMI,OK,74354,False,no_match,1,
371915,PUSHMATAHA FAMILY MEDICAL CENTER OF BOSWELL,Federally Qualified Health Center,other,415 6TH ST,BOSWELL,OK,74727,False,no_match,1,
371923,CARING HANDS HEALTHCARE,Federally Qualified Health Center,other,3101 ELK DRIVE,MCALESTER,OK,74501,False,no_match,2,
371928,GSP HEALTH CANTON,Federally Qualified Health Center,other,310 E WALNUT STREET,CANTON,OK,73724,False,no_match,1,
371936,"CENTRAL OKLAHOMA FAMILY MEDICAL CENTER, INC",Federally Qualified Health Center,other,905 COLONY DRIVE BLDG,ADA,OK,74820,False,no_match,1,
371945,COMMUNITY HEALTH CENTER OF MIAMI,Federally Qualified Health Center,other,106 NW VETERANS BLVD,MIAMI,OK,74354,False,tie,1,
371948,CENTRAL OKLAHOMA FAMILY MEDICAL CENTER,Federally Qualified Health Center,other,302 W SMITH STREET,STRATFORD,OK,74872,False,non_exact_direction,1,"302 E SMITH ST, STRATFORD, OK, 74872"
371949,FAMILY HEALTH CENTER OF SOUTHERN OK,Federally Qualified Health Center,other,21 N MAIN STREET,KINGSTON,OK,73439,False,no_match,2,
371953,LCHC BURNS FLAT,Federally Qualified Health Center,other,825 SOONER DRIVE,BURNS FLAT,OK,73624,False,no_match,2,
371956,"VARIETY CARE, INC",Federally Qualified Health Center,other,718 W PETREE ROAD,ANADARKO,OK,73005,False,no_match,2,
371958,"GOOD SHEPHERD COMMUNITY CLINIC, INC",Federally Qualified Health Center,other,1104 WALNUT DRIVE,ARDMORE,OK,73401,False,no_match,2,
371973,"GOOD SHEPHERD COMMUNITY CLINIC, INC",Federally Qualified Health Center,other,1116 WALNUT DRIVE,ARDMORE,OK,73401,False,no_match,2,
371975,LCHC MEDICINE PARK,Federally Qualified Health Center,other,19055 STATE HIGHWAY 49,MEDICINE PARK,OK,73507,False,no_match,1,
371976,CENTRAL OKLAHOMA FAMILY MEDICAL CENTER INC,Federally Qualified Health Center,other,1214 ARLINGTON ST,ADA,OK,74820,False,tie,1,
373449,RUSH SPRINGS FAMILY MEDICAL CLINIC,Rural Health Clinic,other,113 SOUTH RUSH,RUSH SPRINGS,OK,73082,False,no_match,3,
373459,CIMARRON MEMORIAL RURAL HEALTH CLINIC,Rural Health Clinic,other,102 SOUTH ELLIS,BOISE CITY,OK,73933,False,tie,1,
373464,DRUMRIGHT RURAL HEALTH CLINIC,Rural Health Clinic,other,610 WEST BYPASS,DRUMRIGHT,OK,74030,False,no_match,2,
373491,SAINT FRANCIS HEALTH CENTER LANGLEY,Rural Health Clinic,other,36488 SOUTH HIGHWAY 82,VINITA,OK,74301,False,no_match,1,
373493,SAINT FRANCIS HEALTH CENTER MONKEY ISLAND,Rural Health Clinic,other,26300 SOUTH HIGHWAY 125,AFTON,OK,74331,False,wrong_county,1,"26300 STATE HWY 125, AFTON, OK, 74331"
373496,COMANCHE FAMILY CARE,Rural Health Clinic,other,303 N HIGHWAY 81,COMANCHE,OK,73529,False,no_match,1,
373819,FAMILY CLINIC OF WELEETKA,Rural Health Clinic,other,315 WEST 9TH,WELEETKA,OK,74880,False,non_exact_direction,2,"315 E NINTH ST, WELEETKA, OK, 74880"
373892,XPRESS WELLNESS URGENT CARE,Rural Health Clinic,other,2215 N HWY 64,GUYMON,OK,73942,False,no_match,2,
373896,XPRESS WELLNESS URGENT CARE,Rural Health Clinic,other,2088 N HWY 81,DUNCAN,OK,73533,False,no_match,1,
373897,XPRESS WELLNESS URGENT CARE,Rural Health Clinic,other,550 W SHAWNEE ST,MUSKOGEE,OK,74401,False,no_match,1,
373906,XPRESS WELLNESS URGENT CARE,Rural Health Clinic,other,701 W RUTH AVE,SALLISAW,OK,74955,False,no_match,1,
373912,BRIDGING FAMILY HEALTHCARE,Rural Health Clinic,other,117 S BRIDGE BLVD,GRANDFIELD,OK,73546,False,no_match,1,
373919,XPRESS WELLNESS URGENT CARE,Rural Health Clinic,other,5688 E 146TH STREET,COLLINSVILLE,OK,74021,False,non_exact_direction,1,"5688 E 146TH ST N, COLLINSVILLE, OK, 74021"
373920,XPRESS WELLNESS URGENT CARE,Rural Health Clinic,other,4475 EAST WATERLOO RD,EDMOND,OK,73034,False,wrong_county,2,"4475 WATERLOO RD, EDMOND, OK, 73025"
373999,BUSTER RURAL HEALTH CLINIC,Rural Health Clinic,other,101 F K BUSTER AVENUE,CHEYENNE,OK,73628,False,no_match,2,
378513,EASTERN OKLAHOMA HEALTH CLINIC OF MCALESTER,Rural Health Clinic,other,"1308 E CARL ALBERT PKWY, STE A",MCALESTER,OK,74501,False,no_match,1,
378515,MARLOW FAMILY CARE,Rural Health Clinic,other,501 N 4TH ST,MARLOW,OK,73055,False,non_exact_direction,1,"501 S 4TH ST, MARLOW, OK, 73055"
378540,LAVERNE FAMILY HEALTH CLINIC,Rural Health Clinic,other,"7TH OKLAHOMA, SUITE 5",LAVERNE,OK,73848,False,no_match,1,
381006,WINDING WATERS HEARTS FOR HEALTH,Federally Qualified Health Center,other,"606 MEDICAL PKWY, STE 100",ENTERPRISE,OR,97828,False,no_match,1,
381025,MOSAIC MEDICAL,Federally Qualified Health Center,other,535 NORTH REED ST,SISTERS,OR,97759,False,no_match,2,
381031,ONE COMMUNITY HEALTH,Federally Qualified Health Center,other,802 NE 5TH ST,DUFUR,OR,97021,False,no_match,1,
381836,JEFFERSON HIGH SCHOOL BASED HEALTH CENTER,Federally Qualified Health Center,other,5210 NE KERBY,PORTLAND,OR,97217,False,non_exact_direction,1,"5210 N KERBY AVE, PORTLAND, OR, 97217"
381844,BRENTWOOD DARLINGTON NEIGHBORHOOD CTR,Federally Qualified Health Center,other,7200 SE 60TH,PORTLAND,OR,97204,False,no_match,1,
381857,COMMUNITY HEALTH CENTER - ASHLAND,Federally Qualified Health Center,other,99 CENTRAL AVENUE,ASHLAND,OR,97520,False,no_match,2,
381862,SOUTH COUNTY CLINIC,Federally Qualified Health Center,other,34335 HIGHWAY 101 SOUTH,ALBANY,OR,97321,False,wrong_county,2,"276S US HWY 101, ROCKAWAY BEACH, OR, 97136"
381865,SISKIYOU CHC - CAVE JUNCTION,Federally Qualified Health Center,other,25647 REDWOOD HWY,CAVE JUNCTION,OR,97523,False,no_match,1,
381893,LINCOLN COUNTY HEALTH & HUMAN SERVICES,Federally Qualified Health Center,other,"4422 NE DEVILS LAKE BLVD, SUITE 2",KERNVILLE,OR,97367,False,tie,2,
381919,SOUTH RIVER COMMUNITY HEALTH CENTER,Federally Qualified Health Center,other,671 SW MAIN STREET,WINSTON,OR,97496,False,no_match,2,
381944,CLACKAMAS COUNTY HEALTH CENTERS - STEWART,Federally Qualified Health Center,other,1011 COURTHOUSE RD,OREGON CITY,OR,97045,False,no_match,1,
381949,NEIGHBORHOOD HEALTH CENTER,Federally Qualified Health Center,other,"10690 NE CORNELL RD, STE 220",HILLSBORO,OR,97124,False,no_match,1,
381977,ROGUE COMMUNITY HEALTH,Federally Qualified Health Center,other,550 WILSON WAY,WHITE CITY,OR,97503,False,no_match,1,
383805,SOUTH GILLIAM HEALTH CENTER,Rural Health Clinic,other,422 NORTH MAIN,CONDON,OR,97823,False,tie,2,
383890,ORCHID HEALTH,Rural Health Clinic,other,47815 HIGHWAY 58,OAKRIDGE,OR,97463,False,no_match,1,
383909,FAMILY HEALTH ASSOCIATES - UMATILLA,Rural Health Clinic,other,1890 7TH STREET,UMATILLA,OR,97882,False,no_match,2,
383924,RAINBOW VALLEY PEDIATRICS,Rural Health Clinic,other,605 WELCH ST,SILVERTON,OR,97381,False,no_match,1,
388502,CHI ST ANTHONY HOSPITAL FAMILY CLINIC,Rural Health Clinic,other,"3001 ST ANTHONY WAY, SUITE 120",PENDLETON,OR,97801,False,no_match,1,
388510,ADVENTIST HEALTH TILLAMOOK MEDICAL GROUP MANZANITA,Rural Health Clinic,other,10445 NEAHKAHNIE CREEK ROAD,MANZANITA,OR,97130,False,no_match,2,
388531,SAMARITAN HEALTH CLINIC - DEPOE BAY,Rural Health Clinic,other,"531 N HIGHWAY 101, SUITE A",DEPOE BAY,OR,97341,False,no_match,1,
388547,ADVENTIST HEALTH TILLAMOOK MEDICAL GROUP VERNONIA,Rural Health Clinic,other,1005 COUGAR STREET,VERNONIA,OR,97064,False,no_match,2,
388552,WALLOWA MEMORIAL MEDICAL CLINIC - WALLOWA,Rural Health Clinic,other,701 W. HWY. 82,WALLOWA,OR,97885,False,no_match,2,
391017,KEYSTONE URGENT CARE,Federally Qualified Health Center,other,"111 CHAMBERS HILL DRIVE, SUITE 100",CHAMBERSBURG,PA,17201,False,no_match,2,
391025,KEYSTONE BEHAVIORAL HEALTH,Federally Qualified Health Center,other,"100 CHAMBERS HILL DR, STE 200",CHAMBERSBURG,PA,17201,False,no_match,1,
391032,CLARION COMMUNITY HEALTH CENTER,Federally Qualified Health Center,other,30 PINNACLE DRIVE,CLARION,PA,16214,False,no_match,2,
391037,FPCN QCARE,Federally Qualified Health Center,other,2800 FOX STREET,PHILA,PA,19129,False,no_match,1,
391038,PRIMARY HEALTH NETWORK,Federally Qualified Health Center,other,2807 WILMINGTON ROAD,NEW CASTLE,PA,16105,False,no_match,2,
391072,JUNIATA VALLEY BTAMC CLINIC,Federally Qualified Health Center,other,846 MEDICAL CENTER DR,ALEXANDRIA,PA,16611,False,no_match,1,
391075,KEYSTONE INFECTIOUS DISEASE,Federally Qualified Health Center,other,"111 CHAMBERS HILL DRIVE, SUITE 102",CHAMBERSBURG,PA,17201,False,no_match,2,
391084,"DELAWARE VALLEY COMMUNITY HEALTH, INC",Federally Qualified Health Center,other,800 CHESTER PIKE,SHARON HILL,PA,19079,False,no_match,1,
391089,KEYSTONE PEDIATRIC THERAPIES,Federally Qualified Health Center,other,"111 CHAMBERS HILL DRIVE, SUITE 101",CHAMBERSBURG,PA,17201,False,no_match,2,
391095,HONESDALE BEHAVIORAL HEALTH,Federally Qualified Health Center,other,"ROUTE 6, 600 MAPLE AVENUE, SUITE 15",HONESDALE,PA,18431,False,no_match,2,
391100,NHCL AT TWO RIVERS H&W,Federally Qualified Health Center,other,"1101 NORTHAMPTON STREET, SUITE 202",EASTON,PA,18042,False,no_match,2,
391115,COMMUNITY HEALTH NET,Federally Qualified Health Center,other,5712 IROQUOIS AVENUE,HARBORCREEK,PA,16421,False,no_match,1,
391116,PRIMARY HEALTH NETWORK,Federally Qualified Health Center,other,106 DERRY HEIGHTS BLVD,LEWISTOWN,PA,17044,False,no_match,1,
391117,COVENANT HOUSE INCORPORATED WELLNESS CLINIC,Federally Qualified Health Center,other,2385 W CHELTENHAM AVENUE,PHILADELPHIA,PA,19150,False,no_match,1,
391127,KEYSTONE FOOT AND ANKLE CENTER CHAMBERSBURG,Federally Qualified Health Center,other,"100 CHAMBERS HILL DRIVE, SUITE 101",CHAMBERSBURG,PA,17201,False,no_match,2,
391134,KEYSTONE CHIROPRACTIC SERVICES,Federally Qualified Health Center,other,"100 CHAMBERS HILL DRIVE, SUITE 100",CHAMBERSBURG,PA,17201,False,no_match,2,
391136,"LA COMUNIDAD HISPANA, INC",Federally Qualified Health Center,other,"105 VINEYARD WAY, SUITE 200",WEST GROVE,PA,19390,False,no_match,1,
391179,KEYSTONE PEDIATRIC DENTAL,Federally Qualified Health Center,other,"111 CHAMBER HILL DRIVE, STE 202",AQUA,PA,17201,False,no_match,1,
391195,CENTERVILLE CLINICS INC,Federally Qualified Health Center,other,84 W WHEELING STREET,MCMURRAY,PA,15301,False,wrong_county,1,"84 W WHEELING ST, WASHINGTON, PA, 15301"
391196,"LA COMUNIDAD HISPANA, INC",Federally Qualified Health Center,other,"105 VINEYARD WAY, SUITE 103",WEST GROVE,PA,19390,False,no_match,1,
391806,CORNERSTONE CARE INC,Federally Qualified Health Center,other,BOX 440 CHUCRCH ST EXT,GREENSBORO,PA,15338,False,no_match,2,
391813,RURAL HLTH CORP OF NE PA,Federally Qualified Health Center,other,BOX 301 R D 1,FALLS,PA,18615,False,no_match,2,
391823,READE MEDICAL CENTER,Federally Qualified Health Center,other,1 MOUNTAINDALE RD PO BOX 101,GLASGOW,PA,16644,False,no_match,1,
391834,BARNES KASSON NEW M L FOOD HLTH CTR,Federally Qualified Health Center,other,100 DELAWARE ST,SUSQUEHANNA,PA,18847,False,no_match,1,
391835,BARNES KASSON LAKEWOOD HLTH CTR,Federally Qualified Health Center,other,LAKE COMO RD,LAKEWOOD,PA,18439,False,no_match,1,
391847,ELKLAND LAUREL HEALTH CENTER,Federally Qualified Health Center,other,103 FORESTVIEW AVE,ELKLAND,PA,16920,False,tie,1,
391853,BROAD TOP AREA MEDICAL CENTER,Federally Qualified Health Center,other,PO BOX 127,BROAD TOP,PA,16621,False,no_match,1,
391855,RURAL HLTH CORP NE PA BLACK CREEK CTR,Federally Qualified Health Center,other,73 PINEAPPLE STREET,NUREMBERG,PA,18241,False,no_match,2,
391880,SHEAKLEYVILLE MEDICAL CENTER,Federally Qualified Health Center,other,ROUTE 19,SHEAKLEYVILLE,PA,16151,False,no_match,2,
391887,COMMUNITY MEDICAL CENTER,Federally Qualified Health Center,other,PO BOX 26 STAR ROUTE 120,SINNAMAHONING,PA,15861,False,no_match,1,
391894,FARELL PRIMARY CARE,Federally Qualified Health Center,other,350 SHARON NEW CASTLE ROAD,FARRELL,PA,16121,False,no_match,2,
391898,KEYSTONE HEALTH CENTER PATH VALLEY,Federally Qualified Health Center,other,20344 SCHOOL ROAD P O BOX 99,DRY RUN,PA,17220,False,no_match,1,
391906,KEYSTONE DENTAL CENTER-PATH VALLEY,Federally Qualified Health Center,other,20344 SCHOOL ROAD,DRY RUN,PA,17220,False,no_match,1,
391925,METRO FAMILY PRACTICE,Federally Qualified Health Center,other,1789 S BRADDOCK AVENUE,PGH,PA,15218,False,no_match,2,
391941,MEADOW CREEK FAMILY PRACTICE,Federally Qualified Health Center,other,435 S KINZER AVENUE,NEW HOLLAND,PA,17557,False,no_match,2,
391945,CORNERSTONE CARE - PEDIATRIC ASSOC OF WASHINGTON,Federally Qualified Health Center,other,400 JEFFERSON AVENUE,MCMURRAY,PA,15301,False,wrong_county,1,"400 N JEFFERSON AVE, MCMURRAY, PA, 15317"
391981,WAYNE MEMORIAL COMMUNITY HEALTH CENTERS,Federally Qualified Health Center,other,HONESDALE FAMILY HEALTH CENTER,HONESDALE,PA,18431,False,no_match,2,
391989,PUBLIC HEALTH MANAGEMENT CORPORATION,Federally Qualified Health Center,other,1200 CALLOWHILL STREET,PHILA,PA,19123,False,no_match,2,
393436,UPMC HUNTINGDON HEALTHCARE,Rural Health Clinic,other,846 MEDICAL CENTER DRIVE,ALEXANDRIA,PA,16611,False,no_match,1,
393439,ARMSTRONG PRIMARY CARE CENTER - WEST HILLS,Rural Health Clinic,other,300 MEDICAL ARTS BUILDING SUITE 300,KITTANNING,PA,16201,False,no_match,2,
393446,UNION CITY RURAL HEALTH CLINIC,Rural Health Clinic,other,101 E HIGH STREET,UNION CITY,PA,16438,False,no_match,2,
393907,SAINT BENEDICT RURAL HEALTH CENTER,Rural Health Clinic,other,564 THEATRE ROAD,CARROLLTOWN,PA,15722,False,no_match,3,
393924,CONEMAUGH NASON PHYSICIAN GROUP,Rural Health Clinic,other,365 WARD DRIVE,CLAYSBURG,PA,16625,False,no_match,2,
393931,PEDIATRIC CARE CENTER P C,Rural Health Clinic,other,100 NEAL AVENUE,MARION CENTER,PA,15759,False,no_match,2,
731085,EAST LIBERTY FAMILY HEALTH CARE CENTER INC,Federally Qualified Health Center,other,7157 MARY PECK BOND PL,PITTSBURGH,PA,15206,False,no_match,1,
731801,CENTERVILLE CLINICS INC,Federally Qualified Health Center,other,2500 SOUTH MAIN STREET EXT,MCMURRAY,PA,15301,False,no_match,2,
731814,CENTERVILLE CLINICS INC,Federally Qualified Health Center,other,"TRINITY NORTH ELEMANTRY SCHOOL, 225 MIDLAND DRIVE,",WASHINGTON,PA,15301,False,non_exact_house_number,1,"225 MIDLAND DR, WASHINGTON, PA, 15301"
731821,KEYSTONE PEDIATRIC DENTAL,Federally Qualified Health Center,other,"111 CHAMBERS HILL DRIVE, SUITE 202",CHAMBERSBURG,PA,17201,False,no_match,2,
731840,CENTERVILLE CLINICS INC,Federally Qualified Health Center,other,1000 MAPLETOWN ROAD,GREENSBORO,PA,15338,False,no_match,1,
731854,CENTERVILLE CLINICS INC,Federally Qualified Health Center,other,801 EAST WHEELING ST,WASHINGTON,PA,15301,False,no_match,2,
731976,LAPORTE HEALTH CENTER,Federally Qualified Health Center,other,217 KING STREET,LAPORTE,PA,18626,False,no_match,1,
D31001,HONESDALE PODIATRY,Federally Qualified Health Center,other,"600 MAPLE AVE, STE 4",HONESDALE,PA,18431,False,no_match,1,
D31006,KEYSTONE PEDIATRIC DEVELOPMENTAL CENTER,Federally Qualified Health Center,other,110 CHAMBERS HILL DR,CHAMBERSBURG,PA,17201,False,no_match,1,
D31015,THE WRIGHT CENTER FOR COMMUNITY HEALTH,Federally Qualified Health Center,other,"5950 SR 6, STE 401",TUNKHANNOCK,PA,18657,False,no_match,1,
D31025,VHP PEDIATRICS - WEST END,Federally Qualified Health Center,other,120 BURRUS BLVD,BRODHEADSVILLE,PA,18322,False,no_match,1,
D31028,KEYSTONE INTERNAL MEDICINE WAYNESBORO,Federally Qualified Health Center,other,"1051 E MAIN ST, STE 2",ALTENWALD,PA,17268,False,no_match,2,
D31031,"DELAWARE VALLEY COMMUNITY HEALTH, INC.",Federally Qualified Health Center,other,2600 N AMERICAN ST,PHILADELPHIA,PA,19133,False,no_match,1,
D31037,SULLIVAN COUNTY LAUREL HEALTH CENTER,Federally Qualified Health Center,other,217 KING STREET UNIT 3,LAPORTE,PA,18626,False,no_match,1,
D31061,TOGETHER FOR HEALTH DENTAL CENTER,Federally Qualified Health Center,other,"600 MAPLE AVE, STE 7",HONESDALE,PA,18431,False,no_match,1,
401002,HOSPITAL GENERAL DE CASTANER INC,Federally Qualified Health Center,other,CARRETERA 135 KM 64.2,CASTANER,PR,00631,False,no_match,2,
401003,MOROVIS COMMUNITY HEALTH CENTER INC,Federally Qualified Health Center,other,460 CARR 2,BDA COREA,PR,00692,False,no_match,3,
401004,MED CENTRO INC,Federally Qualified Health Center,other,138 LUIS MUNOZ MARIN AVENUE,COAMO,PR,00769,False,no_match,1,
401005,CORPORACION DE SALUD ASEGURADA POR NUESTRA ORGANIZ,Federally Qualified Health Center,other,AVENIDA RAFAEL CORDERO ESQUINA TROCHE,CAGUAS,PR,00725,False,no_match,2,
401009,CHSI - QUEBRADA CLINIC,Federally Qualified Health Center,other,455 RURAL STREET KM. 2.1 BO. QUEBRADA,CAMUY,PR,00627,False,no_match,2,
401802,JUNTA CSC DR JOSE S BELAVAL INC,Federally Qualified Health Center,other,"BOX 7281, BO STATION",SANTURCE,PR,00916,False,no_match,1,
401803,CENRO DE SALUD FAMILIAR JULIO PALMIERI,Federally Qualified Health Center,other,MORSE STREET,ARROYO,PR,00714,False,no_match,2,
401804,"MIGRANT HEALTH CENTER, INC MAYAGUEZ",Federally Qualified Health Center,other,PO BOX 7128,MAYAGUEZ,PR,00681,False,no_usable_address,0,
401807,"MOROVIS COMMUNITY HEALTH CENTER, INC",Federally Qualified Health Center,other,"AVENIDA COROZAL, ESQUINA PATRON",MOROVIS,PR,00687,False,no_match,1,
401808,PATILLAS PRIMARY HEALTH SERVICES CTR,Federally Qualified Health Center,other,GUILLERMO RIEFKHOL STREET,PATILLAS,PR,00723,False,no_match,1,
401809,CONCILIO DE SALUD INTEGRAL DE LOIZA,Federally Qualified Health Center,other,"ROAD 188, INTS 187",LOIZA,PR,00772,False,no_match,1,
401810,MIGRANT HEALTH CTR WESTERN REGION ISABELA,Federally Qualified Health Center,other,"BO PLANAS, CARRETERA 457 KM 22",COMUNIDAD CAPIRO,PR,00662,False,no_match,2,
401811,MIGRANT HEALTH CTR WESTERN REGION GUANICA,Federally Qualified Health Center,other,BO MONTALVA NO 23 ENSENADA,BO SIBERIA,PR,00647,False,no_match,2,
401812,MIGRANT HEALTH CTR WESTERN REGION BETANCES MAYAGUE,Federally Qualified Health Center,other,CALLE RAMON EMETERIO BETANCES 392 SUR,ALT DE ALGARROBO,PR,00680,False,non_exact_house_number,2,"392 CLL RAMON EMETERIO BETANCES SUR, MAYAGUEZ, PR, 00680"
401813,MIGRANT HEALTH CTR WESTERN REGION SAN RAF MAYAGUEZ,Federally Qualified Health Center,other,CALLE SAN RAFAEL NUMERO 222,ALT DE ALGARROBO,PR,00680,False,no_match,2,
401814,MIGRANT HEALTH CENTER WESTERN REGION MARICAO,Federally Qualified Health Center,other,CALLE ZUZUARREGUI NO 7,MAYAGUEZ,PR,00681,False,no_match,2,
401815,MIGRANT HEALTH CENTER WESTERN REGION,Federally Qualified Health Center,other,CARRETERA 101 KM 7 1 BO PALMEREJO,BDA NICOLIN PEREZ,PR,00667,False,no_match,2,
401816,MIGRANT HEALTH CENTER WESTERN REGION SAN SEBASTIAN,Federally Qualified Health Center,other,119 CM 35 2 BO PIEDRAS BLANCAS,BDA CHINTO RODON,PR,00685,False,no_match,2,
401817,MIGRANT HEALTH CENTER WESTERN REGION MAYAGUEZ,Federally Qualified Health Center,other,AVENIDA DUSCOMBE NUMERO 189 INTERIOR,ALT DE ALGARROBO,PR,00680,False,no_match,3,
401819,PRYMED MEDICAL CARE VEGA BAJA,Federally Qualified Health Center,other,ROAD #2 KM 39 8,VEGA BAJA,PR,00694,False,no_match,3,
401820,CONSEJO DE SALUD DE PUERTO RICO INC,Federally Qualified Health Center,other,CARR 385 KM 05 BARRIO CUEVAS,ALT DE PENUELAS,PR,00624,False,no_match,2,
401821,CONSEJO DE SALUD DE PUERTO RICO INC,Federally Qualified Health Center,other,CARR 1 KM 114 5 SECTOR CAPITANEJO BO SINGAPUR,BDA CASIANO,PR,00795,False,no_match,3,
401823,CENTROS INTEGRADOS DE SERVICIOS DE SALUD LARES,Federally Qualified Health Center,other,742 CALLE DEL CARMEN,PARC CACAO,PR,00678,False,no_match,3,
401824,CENTROS INTEGRADOS DE SERVICIOS DE SALUD LARES,Federally Qualified Health Center,other,111 CARR,BDA NICOLIN PEREZ,PR,00667,False,no_match,2,
401825,MED CENTRO INC,Federally Qualified Health Center,other,CARR 149 KM 55 2 BO VILLALBA ARRIBA,ALT DE VILLALBA,PR,00766,False,no_match,3,
401826,CONSEJO DE SALUD DE PR INC EL TUQUE PONCE,Federally Qualified Health Center,other,CALLE H N 9 BO NUEVA VIDA EL TUQUE,PONCE,PR,00728,False,no_match,2,
401827,CONCILIO DE SALUD INTEGRAL DE LOIZA INC,Federally Qualified Health Center,other,CARR 188 INT 187,JARD DE LOIZA,PR,00772,False,no_match,1,
401828,COSSMA INC,Federally Qualified Health Center,other,AVE EL JIBARO CARR 172 KM 13 5,BO BAYAMON,PR,00739,False,no_match,2,
401829,NEOMED CENTER INC,Federally Qualified Health Center,other,CARR 156 KM 41 3 BO BAYAMONCITO,AGUAS BUENAS,PR,00703,False,no_match,3,
401832,"NEOMED CENTER, INC",Federally Qualified Health Center,other,CARR 941 SALIDA BO JAGUAS,BDA CAMPAMENTO,PR,00778,False,no_match,2,
401833,COSSMA SAN LORENZO,Federally Qualified Health Center,other,CALLE MUNOZ RIVERA #186,ALT DE SAN LORENZO,PR,00754,False,no_match,2,
401834,COSSMA LAS PIEDRAS,Federally Qualified Health Center,other,BO MONTONES PARQUE INDUSTRIAL SUR CARR 99316,EST DEL ROCIO,PR,00771,False,no_match,3,
401835,COSSMA YABUCOA,Federally Qualified Health Center,other,BARRIO JUAN MARTIN CARR 901 KM 1 6,JARD DE YABUCOA,PR,00767,False,no_match,2,
401837,NEOMED CENTER INC AGUAS BUENAS,Federally Qualified Health Center,other,PBOX 277,BDA CAMPAMENTO,PR,00778,False,no_match,1,
401840,HOSPITAL CASTANER INC,Federally Qualified Health Center,other,PO BOX 1003,ADJUNTAS,PR,00631,False,wrong_county,1,"44 CALLE E, ADJUNTAS, PR, 00601"
401841,SALUD INTEGRAL EN LA MONTANA INC,Federally Qualified Health Center,other,"COLLE GEORGETTI , CARR 167, COMERIO, PR 00782",JARD DE NARANJITO,PR,00719,False,no_match,2,
401842,SALUD INTEGRAL EN LA MONTANA INC,Federally Qualified Health Center,other,"CARR 164, ELDESVIO, BO ACHIOTO, NARANJITO,PR 00719",BDA SOSTRE,PR,00783,False,no_match,2,
401843,SALUD INTEGRAL EN LA MONTANA INC,Federally Qualified Health Center,other,CARR 155 SECTOR EL DESVO,ALT DE OROCOVIS,PR,00720,False,no_match,2,
401845,SALUD INTEGRAL EN LA MONTANA INC,Federally Qualified Health Center,other,"CARR 891 KM, 15 BO PUEBLO COROZAL PR 00783",BDA SOSTRE,PR,00783,False,no_match,2,
401846,SALUD INTEGRAL EN LA MONTANA INC,Federally Qualified Health Center,other,POBOX 515 NARANJITO PUERTO RICO,JARD DE NARANJITO,PR,00719,False,no_match,3,
401847,CONSEJO DE SALUD DE PR INC,Federally Qualified Health Center,other,BOX 220,MERCEDITA,PR,00715,False,tie,1,
401848,NEOMED CENTER INC,Federally Qualified Health Center,other,CARR # 31,BDA FLORES,PR,00777,False,no_match,2,
401849,CALLE RAFAEL LAZA,Federally Qualified Health Center,other,AGUAS BUENAS,AGUAS BUENAS,PR,00703,False,no_match,2,
401850,COMMUNITY HEALTH FOUNDATION OF PUERTO RICO INC,Federally Qualified Health Center,other,MARGINAL SANTA CRUZ C-17  URB SANTA CRUZ,BAYAMON,PR,00961,False,no_match,1,
401851,MOROVIS COMMUNITY HEALTH CENTER,Federally Qualified Health Center,other,PO BOX 606,COMUNIDAD JUAN OTERO,PR,00687,False,no_match,1,
401852,HOSPITAL GENERAL DE CASTANER INC,Federally Qualified Health Center,other,BOX 1003,ADJUNTAS,PR,00631,False,wrong_county,1,"53 CLL GUILLERMO ESTEVES, JAYUYA, PR, 00664"
401853,ATLANTIC MEDICAL CENTER,Federally Qualified Health Center,other,"CARR#2, KM 57 ,8 CRUCE DAVILLA",BARCELONETA,PR,00617,False,no_match,2,
401854,SALUD INTEGRAL EN LA MONTANA,Federally Qualified Health Center,other,CARR 167 KM 17 PUERTORIQUENOS,BAYAMON,PR,00961,False,no_match,3,
401856,HPM FOUNDATION INC,Federally Qualified Health Center,other,URB VALLE ARRIBATTAS,CAROLINA,PR,00983,False,no_match,3,
401857,HPM FOUNDATION INC,Federally Qualified Health Center,other,CALLE PEDRO MARQUEZ,CULEBRA,PR,00775,False,no_match,1,
401860,CENTRO DE SERVICIOS PRIMARIOS DE SALAD INC,Federally Qualified Health Center,other,"CALLE ANTONIS, ALCAZAR#3",ALT DE FLORIDA,PR,00650,False,no_match,2,
401861,MOROVIS COMMUNITY HEALTH CENTER,Federally Qualified Health Center,other,BARRIO CANDALARIA SECTOR PAJAROS PR 863 KM 1.0,ALTS DE COVADONGA,PR,00949,False,no_match,1,
401862,CENTRO DE SALUD INTEGRAL EN TOA ALTA I SE,Federally Qualified Health Center,other,"CALLE ANTONIO R. BARCELÓ, NUM 16",TOA ALTA,PR,00953,False,non_exact_house_number,2,"16 CLL ANTONIO R BARCELO, TOA ALTA, PR, 00953"
401864,"MED CENTRO, INC",Federally Qualified Health Center,other,138 LUIS M MARIN AVENUE,COAMO,PR,00769,False,no_match,1,
401867,ATLANTIC MEDICAL CENTER,Federally Qualified Health Center,other,CARR 639 KM 2 0 SABANA HOYOS,ARECIBO,PR,00612,False,no_match,3,
401868,NEOMED CENTER,Federally Qualified Health Center,other,CARRETERA#31 KM 3.7 LOTE #2 EL DUQUE WARD,NAGUABO,PR,00718,False,no_match,3,
411802,WOOD RIVER HEALTH SERVICES,Federally Qualified Health Center,other,823 MAIN ST,HOPE VALLEY,RI,02832,False,no_match,2,
411826,THUNDERMIST HLTH CTR SOUP KITCHEN,Federally Qualified Health Center,other,BLACKSTONE ST,WOONSOCKET,RI,02895,False,no_match,1,
411827,THUNDERMIST HLTH CTR SOJOURNER HOUSE,Federally Qualified Health Center,other,PO BOX 532,WOONSOCKET,RI,02895,False,no_usable_address,0,
411834,EAST BAY COMMUNITY ACTION PRGRM DBA FLORENCE GRAYE,Federally Qualified Health Center,other,1 YORK AVE,NEWPORT,RI,02840,False,no_match,1,
411837,CHAFEE HEALTH CENTER,Federally Qualified Health Center,other,ONE WARREN WAY,PROVIDENCE,RI,02905,False,tie,2,
421007,COMMUNITY MEDICAL CENTER,Federally Qualified Health Center,other,10278 OLD #6 HIGHWAY,VANCE,SC,29163,False,no_match,1,
421008,HOPEHEALTH-SCHOOL BASED,Federally Qualified Health Center,other,652 N  MATTHEWS ROAD,LAKE CITY,SC,29560,False,no_match,2,
421010,ANDREWS HEALTHCARE CENTER,Federally Qualified Health Center,other,675 NORTH MORGAN AVENUE,ANDREWS,SC,29510,False,non_exact_direction,1,"675 S MORGAN AVE, ANDREWS, SC, 29510"
421015,RIDGELAND MIDDLE SCHOOL HEALTH CENTER,Federally Qualified Health Center,other,250 JAGUAR TRAIL,RIDGELAND,SC,29936,False,no_match,1,
421017,HARDEEVILLE RIDGELAND MIDDLE SCHOOL,Federally Qualified Health Center,other,150 HURRICANE ALLEY,HARDEEVILLE,SC,29927,False,no_match,1,
421019,RIDGELAND/HARDEEVILLE HIGH SCHOOL,Federally Qualified Health Center,other,250 JAGUAR TRAIL,RIDGELAND,SC,29936,False,no_match,1,
421022,"ST JAMES-SANTEE FAMILY HEALTH CENTER, INC",Federally Qualified Health Center,other,57 JASSAMINE AVENUE,COOSAW,SC,29940,False,wrong_county,2,"57 JESSAMINE ST, GEORGETOWN, SC, 29440"
421036,AFFINITY HEALTH CENTER FORT MILL,Federally Qualified Health Center,other,120 ELLIOTT STREET,FORT MILL,SC,29715,False,tie,1,
421057,"CARETEAM PLUS, INC.",Federally Qualified Health Center,other,100 PROFESSIONAL PARK DR,CONWAY,SC,29526,False,no_match,1,
421059,HOPEHEALTH BETHEA,Federally Qualified Health Center,other,157 HOME AVE.,DARLINGTON,SC,29532,False,no_match,2,
421075,FOOTHILLS COMMUNITY HEALTH CARE - ANDERSON,Federally Qualified Health Center,other,1100 FRANKLIN STREET,ANDERSON,SC,29624,False,no_match,2,
421081,HOPE FOR THE PEE DEE,Federally Qualified Health Center,other,2155 PAXVILLE HWY.,MANNING,SC,29102,False,no_match,2,
421082,ST. JAMES HEALTH AND WELLNESS - ANDREWS HEALTHCARE,Federally Qualified Health Center,other,411 EAST MAIN STREET,ANDREWS,SC,29510,False,non_exact_direction,2,"411 W MAIN ST, ANDREWS, SC, 29510"
421113,CARETEAM PLUS INC,Federally Qualified Health Center,other,132 PROFESSIONAL PARK DR,CONWAY,SC,29526,False,no_match,1,
421809,BEAUFORT JASPER COMPREHENSIVE HEALTH,Federally Qualified Health Center,other,HIGHWAY 170 BOX 357,RIDGELAND,SC,29936,False,no_match,2,
421814,PEEDEE COMMUNITY HEALTH SERVICES CLIO,Federally Qualified Health Center,other,MAIN STREET BOX 239,SOCIETY HILL,SC,29593,False,no_match,1,
421837,ALLENDALE COUNTY RURAL HEALTH PROGRAMS,Federally Qualified Health Center,other,OFF HIGHWAY 278,FAIRFAX,SC,29827,False,no_match,2,
421860,SUMMERVILLE HEALTH CENTER,Federally Qualified Health Center,other,700 B NORTHPINE,SUMMERVILLE,SC,29483,False,no_match,1,
421876,LITTLE RIVER MEDICAL CENTER INC,Federally Qualified Health Center,other,7714 NORTH KINGS HIGHWAY,MYRTLE BEACH,SC,29572,False,no_match,1,
421881,CARESOUTH CAROLINA INC,Federally Qualified Health Center,other,225 MAIN STREET,MC COLL,SC,29570,False,tie,2,
421888,RICHLAND PRIMARY HEALTHCARE,Federally Qualified Health Center,other,1520 LAUREL STREET,EASTOVER,SC,29044,False,no_match,1,
421889,LITTLE RIVER MEDICAL CENTER INC,Federally Qualified Health Center,other,PO BOX 547,LITTLE RIVER,SC,29566,False,no_match,1,
421893,"CARE SOUTH CAROLINA, INC",Federally Qualified Health Center,other,500 WEST BOULEVARD,CHESTERFIELD,SC,29709,False,no_match,2,
421907,ESTILL MEDICAL CENTER,Federally Qualified Health Center,other,776 SECOND STREET,ESTILL,SC,29918,False,no_match,1,
421937,"LITTLE RIVER MEDICAL CENTER, INC",Federally Qualified Health Center,other,7724 NORTH KINGS HWY,MYRTLE BEACH,SC,29572,False,no_match,2,
421939,PEE DEE HEALTH CARE,Federally Qualified Health Center,other,201 CASHUA STREET,DARLINGTON,SC,29532,False,no_match,1,
421958,LITTLE RIVER MEDICAL CENTER INC,Federally Qualified Health Center,other,1411 10TH AVENUE NORTH,MYRTLE BEACH,SC,29577,False,no_match,1,
421974,WOMEN'S HEALTH & INTERNAL MEDICINE OF BATESBURG-LE,Federally Qualified Health Center,other,"338 EAST COLUMBIA AVENUE, SUITE B",BATESBURG-LEESVILLE,SC,29070,False,non_exact_direction,2,"338 W COLUMBIA AVE, BATESBURG, SC, 29006"
423424,LAFFITTE & WARREN MEDICAL CENTER,Rural Health Clinic,other,623  NORTH MEMORIAL AVENUE,ALLENDALE,SC,29810,False,no_match,2,
423476,P H MOUTAIN LAKES FAMILY MEDICINE,Rural Health Clinic,other,10110 CLEMSON BLVD,SENECA,SC,29678,False,no_match,1,
423480,MUSC CHILDRENS HEALTH PEDIATRICS CHESTER,Rural Health Clinic,other,ONE MEDICAL PARK DRIVE BUILDING 3 STE A,CHESTER,SC,29706,False,no_match,3,
423484,MUSC CHILDREN'S HEALTH PEDIATRICS MARION,Rural Health Clinic,other,2845 EAST HWY 76 STE 4,MULLINS,SC,29574,False,no_match,2,
423496,PH FAMILY MEDICINE WINNSBORO,Rural Health Clinic,other,56 US HIGHWAY 321 BYPASS N,WINNSBORO,SC,29180,False,non_exact_direction,2,"56 US HWY 321 S BYP, WINNSBORO, SC, 29180"
423497,PH FAMILY MEDICINE-BISHOPVILLE,Rural Health Clinic,other,116 HOSPITAL SQ,BISHOPVILLE,SC,29010,False,no_match,1,
423871,SYCAMORE HEALTH CARE LLC,Rural Health Clinic,other,7205 BUFORD'S BRIDGE HIGHWAY,SYCAMORE,SC,29846,False,no_match,2,
423875,CPG FAMILY MEDICINE,Rural Health Clinic,other,51 11TH AVE,AYNOR,SC,29511,False,no_match,2,
423968,EASTERN CAROLINA PEDIATRIC ASSOCIATES,Rural Health Clinic,other,105 INDUSTRIAL WAY,DARLINGTON,SC,29532,False,no_match,1,
428915,"WALTERBORO FAMILY PRACTICE ASSOCIATES, PA",Rural Health Clinic,other,107 CHURCH ST,WALTERBORO,SC,29488,False,no_match,2,
428945,LEXINGTON MEDICAL CENTER BATESBURG-LEESVILLE,Rural Health Clinic,other,338 EAST COLUMBIA AVE,BATESBURG-LEESVILLE,SC,29070,False,non_exact_direction,2,"338 W COLUMBIA AVE, BATESBURG, SC, 29006"
428969,JOHN A MARTIN PRIMARY HEALTH CARE,Rural Health Clinic,other,56 HWY 321 BYPASS NORTH,WINNSBORO,SC,29180,False,non_exact_direction,1,"56 US HWY 321 S BYP, WINNSBORO, SC, 29180"
428988,"LAKE CITY FAMILY MEDICINE, LLC",Rural Health Clinic,other,901 N MATTHEWS ROAD,LAKE CITY,SC,29560,False,no_match,2,
871018,HOPEHEALTH PINE NEEDLES,Federally Qualified Health Center,other,3380 PINE NEEDLES RD,FLORENCE,SC,29501,False,no_match,1,
873804,NORTH AUGUSTA PEDIATRICS LLC,Rural Health Clinic,other,140 ALLEN CT,NORTH AUGUSTA,SC,29860,False,no_match,1,
873808,ANMED HEALTH,Rural Health Clinic,other,21 S SHIRLEY AVE,HONEA PATH,SC,29654,False,non_exact_direction,1,"21 N SHIRLEY AVE, HONEA PATH, SC, 29654"
431802,EAGLE BUTTE COMMUNITY CLINIC,Federally Qualified Health Center,other,PO BOX 860,EAGLE BUTTE,SD,57625,False,no_match,1,
431803,ISABEL COMMUNITY CLINIC,Federally Qualified Health Center,other,PO BOX 209,ISABEL,SD,57633,False,no_match,1,
431813,FAITH COMMUNITY CLINIC,Federally Qualified Health Center,other,112 N 2ND AVE W   PO BOX 577,FAITH,SD,57626,False,non_exact_direction,1,"112 W 2ND ST, FAITH, SD, 57626"
431815,ACCESS HEALTH - HIGHMORE,Federally Qualified Health Center,other,200 COMMERCIAL ST,HIGHMORE,SD,57345,False,tie,2,
431817,H H C - DE SMET COMMUNITY HEALTH CENTER,Federally Qualified Health Center,other,401 PRAIRIE AVE SW,DE SMET,SD,57231,False,no_match,1,
431829,EASTSIDE NEIGHBORHOOD CENTER - TAKINI SCHOOL,Federally Qualified Health Center,other,"HC 77, BOX 537",HOWES,SD,57748,False,no_match,1,
431831,EASTSIDE NEIGHBORHOOD CENTER - EAGLE BUTTE SCHOOLS,Federally Qualified Health Center,other,"POST OFFICE BOX 1650, WEST FRONTIER STREET",EAGLE BUTTE,SD,57625,False,no_match,1,
431832,EASTSIDE NEIGHBORHOOD CENTER -TOISPAYE TOPA SCHOOL,Federally Qualified Health Center,other,"POST OFFICE BOX 17, 123 WEST HIGHWAY 212",RIDGEVIEW,SD,57652,False,no_match,1,
431833,EASTSIDE NEIGHBORHOOD CENTER - CROW CREEK SCHOOL,Federally Qualified Health Center,other,"POST OFFICE BOX 12, 105 CROW CREEK LOOP",STEPHAN,SD,57346,False,non_exact_house_number,1,"105 CROW CREEK LOOP, STEPHAN, SD, 57346"
431834,C H C B H - ORAL HEALTH CLINIC,Federally Qualified Health Center,other,"685 NORTH LACROSSE STREET, SUITES D AND E",RAPID CITY,SD,57701,False,non_exact_direction,1,"685 N LACROSSE ST, RAPID CITY, SD, 57701"
431837,C H C B H - WORKING AGAINST VIOLENCE,Federally Qualified Health Center,other,POST OFFICE BOX 3042,RAPID CITY,SD,57701,False,no_match,1,
431840,ACCESS HEALTH - FORT PIERRE,Federally Qualified Health Center,other,"202 ISLAND DR, STE 1",FORT PIERRE,SD,57532,False,no_match,1,
431848,TIOSPAYE TOPA SCHOOL,Federally Qualified Health Center,other,POST OFFICE BOX 300,RIDGEVIEW,SD,57652,False,no_match,2,
431853,FORT THOMPSON COMMUNITY HEALTH CENTER,Federally Qualified Health Center,other,225 SAME BOY DRIVE,FORT THOMPSON,SD,57339,False,no_match,2,
431855,ACCESS HEALTH - MITCHELL,Federally Qualified Health Center,other,1900 GRASSLAND DRIVE STE 103,MITCHELL,SD,57301,False,no_match,2,
433403,SANFORD CLEAR LAKE CLINIC,Rural Health Clinic,other,701 3RD AVENUE S,CLEAR LAKE,SD,57226,False,no_match,2,
433410,AVERA ST BENEDICT CRHC/TRIPP,Rural Health Clinic,other,306 SOUTH MAIN STREET,TRIPP,SD,57376,False,non_exact_direction,2,"306 N MAIN ST, TRIPP, SD, 57376"
433412,SANFORD CLINIC WEBSTER,Rural Health Clinic,other,101 PEABODY DRIVE PO BOX 381,WEBSTER,SD,57274,False,no_match,2,
433424,KADOKA CLINIC,Rural Health Clinic,other,601 CHESTNUT STREET,KADOKA,SD,57543,False,no_match,2,
433435,AVERA MEDICAL GROUP MILBANK,Rural Health Clinic,other,301 FLYNN DR,MILBANK,SD,57252,False,no_match,1,
433436,BROOKINGS HEALTH SYSTEM WHITE MEDICAL CLINIC,Rural Health Clinic,other,302 EAST 5TH STREET,WHITE,SD,57276,False,non_exact_direction,2,"302 W 5TH ST, WHITE, SD, 57276"
433443,RURAL MEDICAL CLINICS - BRIDGEWATER,Rural Health Clinic,other,208 S MAIN  POST OFFICE BOX 17,BRIDGEWATER,SD,57319,False,wrong_county,2,"208 MAIN ST, BRIDGEWATER, SD, 57319"
433858,SANFORD CLINIC ESTELLINE,Rural Health Clinic,other,305 HOSPITAL DRIVE,ESTELLINE,SD,57234,False,no_match,2,
433989,CAMPBELL COUNTY CLINIC-HERREID,Rural Health Clinic,other,208 MAIN STREET N    POST OFFICE BOX 158,HERREID,SD,57632,False,no_match,2,
433995,WEST DAKOTA HEALTH CENTER,Rural Health Clinic,other,906 MAIN STREET PO BOX 206,TIMBER LAKE,SD,57656,False,no_match,2,
438504,SANFORD CLINIC FAMILY MEDICINE BERESFORD,Rural Health Clinic,other,600 W CEDAR STREET,BERESFORD,SD,57004,False,wrong_county,2,"600 E CEDAR ST, BERESFORD, SD, 57004"
441010,LIFESPAN HEALTH,Federally Qualified Health Center,other,175 ENOCH BLVD,SAVANNAH,TN,38372,False,no_match,1,
441814,BLUFF CITY MEDICAL CLINIC,Federally Qualified Health Center,other,229 HIGHWAY 19-E,BLUFF CITY,TN,37618,False,no_match,2,
441815,ROAN MOUNTAIN MEDICAL CLINIC,Federally Qualified Health Center,other,RT 2  BOX 47A  HWY 19E,ROAN MOUNTAIN,TN,37687,False,tie,2,
441838,MACON COUNTY HEALTH DEPT,Federally Qualified Health Center,other,SYCAMOR STREET,LAFAYETTE,TN,37083,False,non_exact_direction,2,"601 HWY 52 W, LAFAYETTE, TN, 37083"
441849,GREELAW HEALTH CENTER,Federally Qualified Health Center,other,278 GREENLAW,MEMPHIS,TN,38105,False,tie,1,
441850,ROSSVILLE HEALTH CENTER,Federally Qualified Health Center,other,HIGHWAY  AND KNOX ROAD,ROSSVILLE,TN,38066,False,no_match,2,
441851,ROGERSVILLE MEDICAL CLINIC,Federally Qualified Health Center,other,POST OFFICE BOX 818,ROGERSVILLE,TN,37857,False,no_match,1,
441868,EAST NASHVILLE MIDDLE SCHOOL CENTER,Federally Qualified Health Center,other,110 GALLATIN ROAD,NASHVILLE,TN,37206,False,no_match,1,
441872,HANCOCK MEDICAL CENTER,Federally Qualified Health Center,other,210 RIVER ROAD,SNEEDVILLE,TN,37869,False,no_match,1,
441879,CHEROKEE HEALTH SYSTEMS,Federally Qualified Health Center,other,HIGHWAY 11W,BEAN STATION,TN,37708,False,no_match,1,
441885,CHEROKEE HEALTH SYSTEMS,Federally Qualified Health Center,other,10731 CHAPMAN HWY,SEYMOUR,TN,37865,False,no_match,1,
441946,CHEROKEE HEALTH SYSTEMS,Federally Qualified Health Center,other,150 PIONEER DRIVE,RUTLEDGE,TN,37861,False,no_match,1,
441955,HOPE FAMILY HEALTH SERVICES,Federally Qualified Health Center,other,1124 NEW HIGHWAY  52 E,WESTMORELAND,TN,37186,False,no_match,1,
441964,UNITED NEIGHBORHOOD HEALTH SERVICES INC,Federally Qualified Health Center,other,2195 NOLENSVILLE PIKE,NASHVILLE,TN,37211,False,no_match,1,
441965,HOPE FAMILY HEALTH SERVICES,Federally Qualified Health Center,other,10427 NEW HIGHWAY 52 W,WESTMORELAND,TN,37186,False,wrong_county,1,"10427 HWY 52 W, WESTMORELAND, TN, 37186"
441977,UNHS-UNITY CLINIC (CASA),Federally Qualified Health Center,other,2195 NOLENSVILLE ROAD,NASHVILLE,TN,37211,False,no_match,2,
441988,PRIMARY CARE & HOPE CLINIC,Federally Qualified Health Center,other,"1701 N. MAIN ST, SUITE C",SHELBYVILLE,TN,37160,False,no_match,2,
443435,ASCENSION SAINT THOMAS HICKMAN MEDICAL CLINIC,Rural Health Clinic,other,150 EAST SWAN STREET,CENTERVILLE,TN,37033,False,non_exact_direction,2,"150 W SWAN ST, CENTERVILLE, TN, 37033"
443440,TENNOVA LAFOLLETTE MEDICAL CENTER CLINIC-SOUTH,Rural Health Clinic,other,2145 JACKSBORO PIKE,LA FOLLETTE,TN,37766,False,no_match,2,
443470,SCOTTS HILL CLINIC,Rural Health Clinic,other,2718 SQIRREL HOLLOW DR STE A,LINDEN,TN,37096,False,no_match,2,
443471,ASCENSION SAINT THOMAS THREE RIVERS PRIMARY CARE,Rural Health Clinic,other,451 HIGHWAY 13 S,WAVERLY,TN,37185,False,no_match,1,
443475,ASCENSION SAINT THOMAS RIVER PARK,Rural Health Clinic,other,"140 VO-TECH DRIVE, SUITE 4",MCMINNVILLE,TN,37110,False,no_match,2,
443480,SWEETWATER HOSPITAL ASSOCIATION,Rural Health Clinic,other,304 CHURCH ST,SWEETWATER,TN,37874,False,no_match,1,
443947,"WOMEN'S WELLNESS & MATERNITY CENTER, INC",Rural Health Clinic,other,3459 HWY 68,MADISONVILLE,TN,37354,False,no_match,1,
443974,LIBERTY MEDICAL CLINIC,Rural Health Clinic,other,4937 COLLEGE STREET,BELLS,TN,38006,False,no_match,2,
448905,CHRISTIAN FAMILY MEDICINE AND PEDIATRICS,Rural Health Clinic,other,1688 HIGHWAY 51 SOUTH,COVINGTON,TN,38019,False,no_match,2,
448908,LENTZ PEDIATRICS PLC,Rural Health Clinic,other,10777 HWY 412 WEST,LEXINGTON,TN,38351,False,no_match,2,
448914,VANDERBILT PRIMARY CARE DOVER,Rural Health Clinic,other,133 DR ROBERT H LEE DRIVE,DOVER,TN,37058,False,no_match,2,
448958,DMA WAVERLY,Rural Health Clinic,other,215B HOLLY LANE,WAVERLY,TN,37185,False,no_match,2,
448971,COMPLETE HEALTHCARE MEDICAL CENTER,Rural Health Clinic,other,3170 APPALACHIAN HIGHWAY SUITE 5,JACKSBORO,TN,37757,False,no_match,2,
448972,MEDINA FAMILY PRACTICE,Rural Health Clinic,other,605 HWY 45 E,MEDINA,TN,38355,False,wrong_county,2,"605 US HWY 45E, MEDINA, TN, 38355"
883801,"FAMILY CARE WALK IN CLINIC, INC",Rural Health Clinic,other,400 US HIGHWAY 45 WEST,HUMBOLDT,TN,38343,False,wrong_county,2,"400 US HWY 45W, HUMBOLDT, TN, 38343"
883813,CARMEL CLINIC CORPORATION,Rural Health Clinic,other,2762 HWY 231 N,SHELBYVILLE,TN,37160,False,tie,2,
883829,HUMBOLDT FAMILY WALK-IN CLINIC LLC,Rural Health Clinic,other,1600 COLEMAN DRIVE,HUMBOLDT,TN,38343,False,no_match,2,
883835,"PREMIER FAMILY CARE, INC",Rural Health Clinic,other,9458 HIGHWAY 100,SCOTTS HILL,TN,38374,False,tie,1,
883842,DICKSON MEDICAL ASSOCIATE WHITE BLUFF,Rural Health Clinic,other,2004 HIGHWAY 47 N,WHITE BLUFF,TN,37187,False,no_match,1,
883843,DICKSON MEDICAL ASSOCIATES SOUTH PEDIATRICS,Rural Health Clinic,other,768 HIGHWAY 46 S,DICKSON,TN,37055,False,no_match,1,
883852,ANEW FAMILY MEDICAL PLLC,Rural Health Clinic,other,702 SOUTH MAIN STREET,MIDDLETON,TN,38052,False,non_exact_direction,2,"702 N MAIN ST, MIDDLETON, TN, 38052"
883868,FAST PACE HEALTH,Rural Health Clinic,other,104 1ST AVENUE SOUTH,COLLINWOOD,TN,38450,False,no_match,2,
883869,"FAST PACE MEDICAL CLINIC, PLLC - DYERSBURG",Rural Health Clinic,other,US HIGHWAY 51 BYPASS W,DYERSBURG,TN,38024,False,no_match,2,
883880,"FAST PACE MEDICAL CLINIC, PLLC - SAVANNAH",Rural Health Clinic,other,1805 WAYNE RD,SAVANNAH,TN,38372,False,no_match,1,
883884,FAST PACE MEDICAL PLLC - WAVERLY,Rural Health Clinic,other,301 W MAIN ST,WAVERLY,TN,37185,False,non_exact_direction,1,"301 E MAIN ST, WAVERLY, TN, 37185"
883898,"FAST PACE MEDICAL CLINIC, PLLC - PINEY FLATS",Rural Health Clinic,other,5554 HIGHWAY 11 E,PINEY FLATS,TN,37686,False,no_match,1,
883901,FAST PACE MEDICAL CLINIC PLLC - CARTHAGE,Rural Health Clinic,other,573 CARTHAGE BYPASS,CARTHAGE,TN,37030,False,no_match,2,
883906,"FAST PACE MEDICAL CLINIC, PLLC - WINCHESTER",Rural Health Clinic,other,2401 DECHERD BLVD,WINCHESTER,TN,37398,False,no_match,1,
883908,FAST PACE MEDICAL CLINIC PLLC - SMITHVILLE,Rural Health Clinic,other,101 W BROAD ST,SMITHVILLE,TN,37166,False,non_exact_direction,1,"101 E BROAD ST, SMITHVILLE, TN, 37166"
883916,FAST PACE MEDICAL CLINIC -SHELBYVILLE,Rural Health Clinic,other,1401 N MAIN ST,SHELBYVILLE,TN,37160,False,no_match,1,
883929,SUMMERTOWN MEDICAL CENTER,Rural Health Clinic,other,4955D HWY 43 N,MOUNT PLEASANT,TN,38474,False,wrong_county,2,"4955D HWY 43 N, MOUNT PLEASANT, TN, 38474"
883931,FIRST CHOICE HEALTH - PULASKI,Rural Health Clinic,other,"181 BRE AVENUE, SUITE C",PULASKI,TN,38478,False,no_match,2,
883937,UNITED PRIMARY CARE,Rural Health Clinic,other,401 W WASHINGTON AVENUE,ATHENS,TN,37303,False,non_exact_direction,2,"401 E WASHINGTON AVE, ATHENS, TN, 37303"
883953,DICKSON COMMUNITY CLINIC,Rural Health Clinic,other,"114 HIGHWAY 70 E, SUITE A-5",DICKSON,TN,37055,False,tie,1,
883970,RESTORATION CLINIC,Rural Health Clinic,other,"16850 STATE HIGHWAY 58 SOUTH, SUITE A",DECATUR,TN,37322,False,no_match,2,
888916,HIGHPOINT FAMILY WELLNESS - BLACKWELL WITH ASCENSI,Rural Health Clinic,other,108 W BLACKWELL STREET,TULLAHOMA,TN,37388,False,no_match,2,
888923,DMA SOUTH,Rural Health Clinic,other,758 HIGHWAY 46 S,DICKSON,TN,37055,False,no_match,1,
888926,BROWN BEHAVIORAL HEALTH SERVICES,Rural Health Clinic,other,"793 TENNESSEE ST, STE A",BOLIVAR,TN,38008,False,no_match,1,
888934,EASTLAKE URGENT CARE,Rural Health Clinic,other,2205 JACKSBORO PIKE,LA FOLLETTE,TN,37766,False,no_match,1,
888938,ROCKY TOP FAMILY MED INC,Rural Health Clinic,other,124 NOLAND DRIVE,MOORESBURG,TN,37811,False,no_match,2,
888940,FAST PACE HEALTH,Rural Health Clinic,other,2019 JACKSBORO PIKE,LAFOLLETTE,TN,37766,False,no_match,2,
888943,"NEWPORT PEDIATRICS, P C",Rural Health Clinic,other,1829 CROWE LANE,NEWPORT,TN,37821,False,no_match,2,
888946,WOMEN'S HEALTH CLINIC,Rural Health Clinic,other,"1611 S LOCUST AVE, STE 200",LAWRENCEBURG,TN,38464,False,non_exact_direction,1,"1611 N LOCUST AVE, LAWRENCEBURG, TN, 38464"
888950,ACCESS MEDICAL CLINIC LLC,Rural Health Clinic,other,2702 JACKSBORO PIKE,JACKSBORO,TN,37757,False,no_match,1,
451002,CCISD-VSHSI SCHOOL-BASED HEALTH CLINIC,Federally Qualified Health Center,other,1603 NORTH 11TH STREET,CRYSTAL CITY,TX,78839,False,no_match,2,
451008,COMMUNITYCARE,Federally Qualified Health Center,other,"7112 ED BLUESTEIN BLVD, STE 105",AUSTIN,TX,78723,False,no_match,1,
451025,MEHOP WHARTON,Federally Qualified Health Center,other,10119 US 59 HWY,WHARTON,TX,77488,False,no_match,1,
451032,COMMUNITYCARE AUSTIN TRANSITIONAL,Federally Qualified Health Center,other,3154 TEXAS 71,DEL VALLE,TX,78617,False,no_match,1,
451047,LONE STAR CIRCLE OF CARE AT JONESTOWN,Federally Qualified Health Center,other,"18220 FM 1431, SUITE D",JONESTOWN,TX,78645,False,no_match,1,
451051,"LEGACY COMMUNITY HEALTH SERVICES, INC",Federally Qualified Health Center,other,5515 SOUTH LOOP E,HOUSTON,TX,77033,False,no_match,1,
451065,MANUEL PUENTES MIDDLE SCHOOL,Federally Qualified Health Center,other,3216 TIM FOSTER STREET,EL PASO,TX,79938,False,no_match,2,
451066,SUN RIDGE MIDDLE SCHOOL,Federally Qualified Health Center,other,2210 SUN RIDGE COUNTRY DRIVE,EL PASO,TX,79936,False,no_match,1,
451073,"LEGACY COMMUNITY HEALTH SERVICES, INC",Federally Qualified Health Center,other,353 CRENSHAW ROAD,HOUSTON,TX,77034,False,no_match,2,
451075,"HEALTH SERVICES OF NORTH TEXAS, INC",Federally Qualified Health Center,other,"306 N LOOP 288, SUITE 200",DENTON,TX,76209,False,no_match,1,
451087,COMMUNITYCARE,Federally Qualified Health Center,other,"7112 ED BLUESTEIN BLVD, SUITE 100",AUSTIN,TX,78723,False,no_match,1,
451093,CENTROMED,Federally Qualified Health Center,other,"17323 INTERSTATE 35 N, SUITE 113",SCHERTZ,TX,78154,False,no_match,1,
451095,AVENUE 360 HEALTH AND WELLNESS,Federally Qualified Health Center,other,14095 MAIN ST,HOUSTON,TX,77035,False,no_match,1,
451097,LAREDO COLLEGE SOUTH CLINIC,Federally Qualified Health Center,other,5500 S ZAPATA HIGHWAY,LAREDO,TX,78046,False,no_match,2,
451100,LONE STAR FAMILY HEALTH CENTER,Federally Qualified Health Center,other,227 STATE HIGHWAY 75 N STE 130,HUNTSVILLE,TX,77320,False,tie,1,
451119,ANGLETON INTERNAL MEDICINE AND PRIMARY CARE,Federally Qualified Health Center,other,2020 E MULBERRY STREET,ANGLETON,TX,77515,False,no_match,2,
451121,CHN AT BRAZOSPORT,Federally Qualified Health Center,other,"500 COLLEGE DRIVE, ROOM B112",LAKE JACKSON,TX,77566,False,no_match,1,
451124,"LEGACY COMMUNITY HEALTH SERVICES, INC",Federally Qualified Health Center,other,507 CRENSHAW ROAD,HOUSTON,TX,77034,False,no_match,2,
451133,LONE STAR CIRCLE OF CARE AT GISD,Federally Qualified Health Center,other,"5001 AIRPORT RD, STE HLTH CLINIC",GEORGETOWN,TX,78628,False,no_match,3,
451145,CENTRAL TEXAS COMMUNITY HEALTH CENTERS,Federally Qualified Health Center,other,2711 S INTERSTATE 35,AUSTIN,TX,78741,False,no_match,1,
451151,WELLNESS POINTE,Federally Qualified Health Center,other,"825 MEDICAL DRIVE, SUITE A",TYLER,TX,75701,False,no_match,2,
451162,MCH FAMILY HEALTH CLINIC,Federally Qualified Health Center,other,"3001 JBS PKWY, STE 100",ODESSA,TX,79762,False,no_match,1,
451175,"LEGACY COMMUNITY HEALTH SERVICES, INC",Federally Qualified Health Center,other,"5515 SOUTH LOOP E, STE B",HOUSTON,TX,77033,False,no_match,1,
451178,ST. HOPE FOUNDATION INC,Federally Qualified Health Center,other,"20320 NORTHWEST FWY, STE 500",JERSEY VILLAGE,TX,77065,False,no_match,1,
451183,HEALTH CENTER OF SOUTHEAST TEXAS,Federally Qualified Health Center,other,871 COUNTY ROAD 3549,CLEVELAND,TX,77327,False,no_match,1,
451815,VIDA Y SALUD HEALTH SYSTEMS INC,Federally Qualified Health Center,other,308 S 3RD AVE,CRYSTAL CITY,TX,78839,False,no_match,2,
451826,SU CLINICA FAMILIAR MATERNITY,Federally Qualified Health Center,other,1706 TREASURE HILL BLVD,HARLINGEN,TX,78550,False,no_match,2,
451828,SU CLINICA FAMILIAR,Federally Qualified Health Center,other,105 EALTON GLOOR BLVD,BROWNSVILLE,TX,78526,False,no_match,2,
451849,ZAPATA HEALTH CLINIC,Federally Qualified Health Center,other,801 HWY 83,ZAPATA,TX,78076,False,no_match,1,
451850,"CROSS TIMBERS HEALTH CLINICS, INC",Federally Qualified Health Center,other,1100 W REYNOSA DRAWER 30,DE LEON,TX,76444,False,non_exact_direction,2,"1100 E REYNOSA AVE, DE LEON, TX, 76444"
451858,SBHC - FRANKLIN MIDDLE SCHOOL,Federally Qualified Health Center,other,"1098 W DECHERD STREET, RM #MC2",FRANKLIN,TX,77856,False,no_match,1,
451860,REGENCE HEALTH NETWORK INC,Federally Qualified Health Center,other,3113 ROSS ST,AMARILLO,TX,79103,False,no_match,1,
451879,DALLAS DEFLECTION CENTER - HOMEWARD BOUND,Federally Qualified Health Center,other,"5300 UNIVERSITY HILLS BLVD, STE 400",DALLAS,TX,75241,False,no_match,1,
451889,COMMUNITYCARE - NORTHEAST,Federally Qualified Health Center,other,7112  ED BLUESTEIN BLVD - SUITE 155,AUSTIN,TX,78723,False,no_match,1,
451893,JONESTOWN NORTHWEST RURAL HLTH CTR,Federally Qualified Health Center,other,18649 HWY 1431 SUITE 12-A,JONESTOWN,TX,78645,False,no_match,1,
451937,CHAPARRAL HEALTH CLINIC,Federally Qualified Health Center,other,115 WEST MAIN STREET,BENAVIDES,TX,78341,False,no_match,1,
451938,SAN ISIDRO HEALTH CLINIC,Federally Qualified Health Center,other,FM 1017,ALTO BONITO,TX,78582,False,no_match,1,
451939,STUDENT HEALTH SERVICES CLINIC,Federally Qualified Health Center,other,FORT RINGGOLD - RGCCISD,RIO GRANDE,TX,78582,False,no_match,1,
451940,ALTO BONITO HEALTH CLINIC - GRULLA,Federally Qualified Health Center,other,2120 COUNTY PARK,GRULLA,TX,78548,False,no_match,1,
451941,COMMUNITY HEALTH CLINIC,Federally Qualified Health Center,other,510 EISENHOWER,RIO GRANDE,TX,78582,False,tie,1,
451947,CANYON HEALTH CENTER,Federally Qualified Health Center,other,700 SOUTH FRIO,CAMP WOOD,TX,78833,False,no_match,2,
451951,ROMA FAMILY CLINIC - CACST,Federally Qualified Health Center,other,101 EG CIRCLE,ROMA,TX,78584,False,no_match,1,
451958,PUBLIC HOURSING PUBLIC PRIMARY PROJECT,Federally Qualified Health Center,other,405 CASPER WALK - S J SUTTON HOMES,SAN ANTONIO,TX,78208,False,no_match,1,
451961,GATEWAY COMMUNITY HEALTH CENTER - QUAD CITY,Federally Qualified Health Center,other,917 NORTH MAIN AVENUE,LAREDO,TX,78044,False,no_match,1,
451968,NUESTRA CLINICA DEL VALLE INC,Federally Qualified Health Center,other,317 E DUKAKIS AVE,MISSION,TX,78573,False,no_match,1,
451970,NEW HORIZON HEALTH,Federally Qualified Health Center,other,95 EAST PRICE ROAD BUILDING F SUITE F,BROWNSVILLE,TX,78521,False,no_match,2,
451974,COMMUNITYCARE - ARCH,Federally Qualified Health Center,other,500 EAST 7TH STREET,AUSTIN,TX,78701,False,non_exact_direction,2,"500 W 7TH ST, AUSTIN, TX, 78701"
451975,PARKWAY COMMUNITY HEALTH CENTER,Federally Qualified Health Center,other,406 MARTIN LUTHER KING BLVD,LUBBOCK,TX,79401,False,tie,2,
451977,COMMUNITY ACTION HEALTH CENTER,Federally Qualified Health Center,other,700 FLOURNOY ROAD - SUITE 2-A,ALFRED,TX,78332,False,tie,2,
453403,FAMILY MEDICAL ASSOCIATES,Rural Health Clinic,other,997 WEST I 20,COLORADO CITY,TX,79512,False,no_match,3,
453460,FAMILY CARE CENTER HEARTS BLUFF,Rural Health Clinic,other,2320 HARTS BLUFF RD,MOUNT PLEASANT,TX,75455,False,no_match,1,
453462,VAN HORN RHC,Rural Health Clinic,other,EISENHOWER & FM 2185,VAN HORN,TX,79855,False,non_exact_house_number,1,"2185 VAN HORN DR, VAN HORN, TX, 79855"
453481,SIEVERS MEDICAL CLINIC - WAELDER,Rural Health Clinic,other,1818 EAST US HIGHWAY 90,WAELDER,TX,78959,False,no_match,1,
453825,LAVERNIA FAMILY MEDICAL CENTER,Rural Health Clinic,other,402 W CHIHUAHUA STREET,LA VERNIA,TX,78121,False,no_match,3,
453826,STOCKDALE FAMILY MEDICAL CENTER,Rural Health Clinic,other,601 PERSON ST,STOCKDALE,TX,78160,False,no_match,2,
453832,EDUARDO MORENO M D RHC,Rural Health Clinic,other,210 S AVE C,CRYSTAL CITY,TX,78839,False,non_exact_direction,2,"210 N AVE C, CRYSTAL CITY, TX, 78839"
453883,FAMILY PRACTICE OF LEONARD,Rural Health Clinic,other,700 N STATE HWY 78,LEONARD,TX,75452,False,no_match,2,
458527,FCHC BREMOND CLINIC,Rural Health Clinic,other,201 SOUTH MAIN,BREMOND,TX,76629,False,non_exact_direction,2,"201 N MAIN ST, BREMOND, TX, 76629"
458547,FAMILY CARE CENTER,Rural Health Clinic,other,"387 WEST IH 10, STE 1",FORT STOCKTON,TX,79735,False,no_match,2,
458579,REEVES COUNTY HOSPITAL DISTRICT,Rural Health Clinic,other,2335 MEDICAL DR,PECOS,TX,79772,False,no_match,1,
458612,CHRISTUS SPOHN FAMILY HEALTH CENTER ROBSTOWN,Rural Health Clinic,other,1038 TEXAS YES BLVD,ROBSTOWN,TX,78380,False,no_match,1,
458619,UNIVERSITY MEDICAL CENTER-FABENS,Rural Health Clinic,other,"101 POTASIO, PO BOX 3940",FABENS,TX,79838,False,no_match,2,
458681,MCCAMEY HOSPITAL RURAL HEALTH,Rural Health Clinic,other,2500 HWY 305 SOUTH,MCCAMEY,TX,79752,False,no_match,2,
458810,PLAINS CLINIC,Rural Health Clinic,other,602 HWY 214,PLAINS,TX,79355,False,no_match,1,
458825,ASCENSION SETON BURNET HEALTHCARE CENTER,Rural Health Clinic,other,200 JOHN W HOOVER PKWY BLDG 1 STE A & BLDG 3 STE B,BURNET,TX,78611,False,no_match,2,
458833,KNOX COUNTY HOSPITAL CLINIC,Rural Health Clinic,other,712 SOUTH 5TH STREET,KNOX CITY,TX,79529,False,tie,2,
458855,CHRISTUS SPOHN FAMILY HEALTH FREER,Rural Health Clinic,other,111 EAST RILEY STREET,FREER,TX,78357,False,no_match,2,
458868,MARTIN COUNTY FAMILY CLINIC AND EXPRESS CARE,Rural Health Clinic,other,600 INTERSTATE 20 EAST BLDG TWO,STANTON,TX,79782,False,no_match,1,
458888,UT HEALTH EAST TEXAS JACKSONVILLE HOSPITAL,Rural Health Clinic,other,580 N FRANKSTON HWY,FRANKSTON,TX,75763,False,no_match,1,
458891,UT HEALTH EAST TEXAS JACKSONVILLE HOSPITAL,Rural Health Clinic,other,1325 N DICKINSON DR,RUSK,TX,75785,False,no_match,1,
458896,NTMC HEALTH COMPLETE CARE,Rural Health Clinic,other,1902 HOSPITAL BLVD,GAINESVILLE,TX,76240,False,no_match,1,
458912,"WAGNER MEDICAL CLINIC, LLP",Rural Health Clinic,other,124 E WOLTERS/2ND STREET,SHINER,TX,77984,False,no_match,3,
458916,GRACE AND MERCY HEALTH CLINIC,Rural Health Clinic,other,100 S E 4TH STREET,KERENS,TX,75144,False,tie,1,
671004,CENTROMED SA PEDIATRICS,Federally Qualified Health Center,other,123 STONE OAK LOOP,SAN ANTONIO,TX,78258,False,no_match,1,
671083,COMMUNITYCARE,Federally Qualified Health Center,other,"2700 W PECAN ST, STE 450",PFLUGERVILLE,TX,78660,False,no_match,1,
671087,EAST TEXAS COMMUNITY CLINIC INC,Federally Qualified Health Center,other,"115 MEDICAL CIR, STE 100",ATHENS,TX,75751,False,no_match,1,
671090,ACCESSHEALTH,Federally Qualified Health Center,other,1135 HIGHWAY 90 A,MISSOURI CITY,TX,77489,False,no_match,1,
671123,COMMUNICARE HEALTH CENTERS,Federally Qualified Health Center,other,"6511 WEST FM 1604 NORTH, STE 105",SAN ANTONIO,TX,78254,False,no_match,1,
671149,"HEART OF TEXAS COMMUNITY HEALTH CENTER, INC.",Federally Qualified Health Center,other,"6500 IMPERIAL DR, SUITE 200",WACO,TX,76712,False,no_match,2,
671804,CENTRO MED,Federally Qualified Health Center,other,7315 SOUTH LOOP 1604,SOMERSET,TX,78069,False,no_match,2,
671815,MIDLAND COMMUNITY HEALTHCARE SERVICES (WOMEN'S),Federally Qualified Health Center,other,400 ROSALIND REDFERN GROVER PKWY 3,MIDLAND,TX,79701,False,no_match,1,
671840,MT ENTERPRISE COMMUNITY HEALTH CLINIC,Federally Qualified Health Center,other,106 WEST RUSK STREET,MOUNT ENTERPRISE,TX,75681,False,no_match,2,
671847,SOUTH TEXAS RURAL HEALTH SERVICES INC,Federally Qualified Health Center,other,100 SOUTH MAIN STREET,ENCINAL,TX,78019,False,non_exact_direction,2,"100S N MAIN ST, ENCINAL, TX, 78019"
671851,ACCESS HEALTH,Federally Qualified Health Center,other,REDA BLA ND EVANS AT O J BAKER STREET,PRAIRIE VIEW,TX,77446,False,no_match,1,
671859,EAST TEXAS BORDER HEALTH CLINIC,Federally Qualified Health Center,other,ROUTE 1 - BOX 416,AVINGER,TX,75630,False,no_match,1,
671865,FRONTERA HEALTHCARE MENARD CLINIC,Federally Qualified Health Center,other,119 ELLIS,MENARD,TX,76859,False,no_match,2,
671874,"HEART OF TEXAS COMMUNITY HEALTH CENTER, INC.",Federally Qualified Health Center,other,600 W STATE HIGHWAY 6,WACO,TX,76712,False,tie,1,
671875,"HEART OF TEXAS COMMUNITY HEALTH CENTER, INC.",Federally Qualified Health Center,other,556 N LOOP 340 WACO,BELLMEAD,TX,76705,False,no_match,2,
671877,WACO FAMILY MEDICINE,Federally Qualified Health Center,other,"120 HILLCREST MEDICAL BLVD,  OFFICE BLDG II, SUITE",WACO,TX,76712,False,no_match,2,
671881,MARFA COMMUNITY HEALTH CLINIC,Federally Qualified Health Center,other,406 SOUTH SUMMER STREET,MARFA,TX,79843,False,non_exact_direction,2,"406 N SUMMER ST, MARFA, TX, 79843"
671897,FRONTERA HEALTHCARE MASON CLINIC,Federally Qualified Health Center,other,216 W COLLEGE AVEV,MASON,TX,76856,False,non_exact_direction,2,"216 E COLLEGE AVE, MASON, TX, 76856"
671902,COMMUNICARE HEALTH CENTERS SAN MARCOS,Federally Qualified Health Center,other,1941 S INTERSTATE 35,SAN MARCOS,TX,78666,False,no_match,1,
671908,HOPE HEALTH,Federally Qualified Health Center,other,572 COLEMAN ST,WAXAHACHIE,TX,75165,False,no_match,1,
671920,"NUESTRA CLINICA DEL VALLE, INC",Federally Qualified Health Center,other,2891 E GRANT STREET,ROMA,TX,78584,False,non_exact_direction,2,"2891 N GRANT ST, ROMA, TX, 78584"
671922,COMMUNITY ACTION HEALTH CENTER DUVAL,Federally Qualified Health Center,other,115 WEST MAIN ST,BENAVIDES,TX,78341,False,no_match,3,
671929,CENTROMED SARA E DAVIDSON CLINIC,Federally Qualified Health Center,other,"1 HAVEN FOR HOPE WAY,  BLDG 1, SUITE 300",SAN ANTONIO,TX,78207,False,no_match,1,
671937,"SOUTH TEXAS RURAL HEALTH SERVICES, INC",Federally Qualified Health Center,other,1502 GRAND AVE,BIG WELLS,TX,78830,False,no_match,1,
671938,HEALTH CENTER OF SOUTHEAST TEXAS - SHEPHERD,Federally Qualified Health Center,other,11 WOODLAND PARK DR,SHEPHERD,TX,77371,False,no_match,1,
671947,VSHSI LPISD COMMUNITY AND SCHOOL BASED HEALTH CLIN,Federally Qualified Health Center,other,121 ESTES/HWY 57,LA PRYOR,TX,78872,False,no_match,1,
671951,SU CLINICA FAMILIAR,Federally Qualified Health Center,other,HIGHWAY 107 & LA FERIA AVE,SANTA ROSA,TX,78593,False,no_match,2,
671961,HOWARD COUNTY COMMUNITY HEALTH CENTER,Federally Qualified Health Center,other,103 W 11TH ST,BIG SPRING,TX,79720,False,non_exact_direction,1,"103 NE 11TH ST, BIG SPRING, TX, 79720"
671965,WOMEN'S HEALTH AND WIC CENTER,Federally Qualified Health Center,other,229 ST GEORGE STREET,GONZALES,TX,78629,False,tie,1,
671982,COMMUNITYCARE NORTH CENTRAL,Federally Qualified Health Center,other,1210 W BRAKER LANE,AUSTIN,TX,78758,False,no_match,2,
673420,QUICK CARE CLINIC,Rural Health Clinic,other,1411 N MAIN ST,ANDREWS,TX,79714,False,no_match,3,
673432,CUERO MEDICAL CLINIC,Rural Health Clinic,other,2500 N  ESPLANADE  STREET SUITE 102,CUERO,TX,77954,False,no_match,2,
673434,PARKVIEW MEDICAL CLINIC OF TEAGUE,Rural Health Clinic,other,101 ANTHONY DR,TEAGUE,TX,75860,False,no_match,1,
673437,UVALDE MEDICAL AND SURGICAL ASSOCIATES,Rural Health Clinic,other,1195 GARNER FIELD ROAD BUILDING B -C SUITE 500,UVALDE,TX,78801,False,no_match,2,
673443,OLTON RURAL HEALTH CLINIC,Rural Health Clinic,other,524 8TH STREET,OLTON,TX,79064,False,no_match,1,
673450,ASCENSION SETON KINGSLAND HEALTH CENTER,Rural Health Clinic,other,525 RANCH ROAD 2900,KINGSLAND,TX,78639,False,no_match,1,
673455,RICE MEDICAL ASSOCIATES - EAST BERNARD,Rural Health Clinic,other,1011 S DILL STREET,EAST BERNARD,TX,77435,False,no_match,2,
673460,RANKIN COUNTY HOSPITAL DISTRICT,Rural Health Clinic,other,1611 SPUR 576,RANKIN,TX,79778,False,no_match,1,
673468,FCH RURAL HEALTH CLINIC ALVORD,Rural Health Clinic,other,115 E BYPASS 287,ALVORD,TX,76225,False,no_match,1,
673474,IRAAN GENERAL HOSPITAL DISTRICT,Rural Health Clinic,other,600 HWY 349 NORTH,IRAAN,TX,79744,False,no_match,1,
673485,COVENANT FAMILY MEDICAL CLINIC,Rural Health Clinic,other,1208 N I27,PLAINVIEW,TX,79072,False,non_exact_direction,1,"1208 S I- 27, PLAINVIEW, TX, 79072"
673487,CONCHO MEDICAL CLINIC,Rural Health Clinic,other,551 EAKER ST,EDEN,TX,76837,False,no_match,1,
673490,EMH REGIONAL HEALTHCARE CLINIC,Rural Health Clinic,other,2314 W COMMERCE STREET,EASTLAND,TX,76448,False,no_match,2,
673493,READYCARE-DILLEY,Rural Health Clinic,other,801 W FM 117,DILLEY,TX,78017,False,tie,1,
673802,PCA  GUN BARREL CITY,Rural Health Clinic,other,801 WEST MAIN STREET,GUN BARREL CITY,TX,75147,False,wrong_county,1,"801 W MAIN ST, GUN BARREL CITY, TX, 75156"
673811,CHRISTUS TRINITY CLINIC,Rural Health Clinic,other,650  E LENNON,EMORY,TX,75440,False,no_match,2,
673822,CHRISTUS TRINITY CLINIC,Rural Health Clinic,other,18780 INTERSTATE 20,CANTON,TX,75103,False,no_match,1,
673823,CHRISTUS TRINITY CLINIC,Rural Health Clinic,other,"502 EGOODE ST, STE 1E",QUITMAN,TX,75783,False,no_match,2,
673908,CHILDREN'S CLINIC OF DIMMIT AND ZAVALA PA,Rural Health Clinic,other,"1313 VETERANS BLVD, SUITE C",CRYSTAL CITY,TX,78839,False,no_match,1,
673912,PRESIDIO MEDICAL CENTER,Rural Health Clinic,other,101 NORTH ERMA,PRESIDIO,TX,79845,False,no_match,1,
673915,PEDIATRIC PRACTICE ASSOCIATION,Rural Health Clinic,other,1609 US HWY 83,ZAPATA,TX,78076,False,no_match,1,
673919,"PUCKETT FAMILY CLINIC, PC",Rural Health Clinic,other,1301 EAST MAIN STREET,HONEY GROVE,TX,75446,False,non_exact_direction,2,"1301 MAIN ST W, HONEY GROVE, TX, 75446"
673929,THE PEDIATRIC CARE CENTER,Rural Health Clinic,other,1804 N US HWY 83,ZAPATA,TX,78076,False,non_exact_direction,2,"1804 S US HWY 83, ZAPATA, TX, 78076"
673930,FAMILY PRACTICE EMORY,Rural Health Clinic,other,"1080 E LENNON, SUITE 3",EMORY,TX,75440,False,no_match,2,
673931,HEALTH TEXAS PROVIDER NETWORK,Rural Health Clinic,other,6257 FM 2642,ROYSE CITY,TX,75189,False,no_match,1,
673933,WHITNEY FAMILY MEDICINE,Rural Health Clinic,other,1314 N BRAZOS STREET,WHITNEY,TX,76692,False,no_match,3,
673936,RICELAND MEDICAL CENTER,Rural Health Clinic,other,2275 HWY 87 18A,CRYSTAL BEACH,TX,77650,False,no_match,1,
673937,COMPLETE HEALTHCARE SERVICES RHC-RAYBURN,Rural Health Clinic,other,2427 W RECREATIONAL RD 255,BROOKELAND,TX,75931,False,wrong_county,1,"2427 RECREATIONAL ROAD 255, BROOKELAND, TX, 75931"
673955,CLARKSVILLE FAMILY CLINIC,Rural Health Clinic,other,201 S WALNUT STREET,CLARKSVILLE,TX,75426,False,non_exact_direction,2,"201 N WALNUT ST, CLARKSVILLE, TX, 75426"
673965,UT HEALTH EAST TEXAS PHYSICIANS,Rural Health Clinic,other,125 STATE HIGHWAY 31 E,CHANDLER,TX,75758,False,no_match,1,
673966,FAMILY HEALTHCARE OF BOVINA PC,Rural Health Clinic,other,1100 HWY 86,BOVINA,TX,79009,False,tie,2,
673976,HUNTSVILLE MEMORIAL HOSPITAL,Rural Health Clinic,other,"125 MEDICAL PARK LANE, SUITE C",HUNTSVILLE,TX,77340,False,no_match,2,
673995,GOODALL-WITCHER CLINIC IN CLIFTON,Rural Health Clinic,other,201 POSEY AVENUE,CLIFTON,TX,76634,False,no_match,2,
678555,RISING STAR RURAL HEALTH CLINIC,Rural Health Clinic,other,1870 STATE HIGHWAY 36,RISING STAR,TX,76471,False,no_match,1,
678559,ROCKSPRINGS MEDICAL CLINIC,Rural Health Clinic,other,212 WEST MAIN ST,ROCKSPRINGS,TX,78880,False,non_exact_direction,2,"212 E MAIN ST, ROCKSPRINGS, TX, 78880"
678561,DIMMIT REGIONAL HOSPITAL RURAL HEALTH CLINIC,Rural Health Clinic,other,1313 VETERANS BLVD STE A,CRYSTAL CITY,TX,78839,False,no_match,2,
678565,POSSUM KINGDOM FAMILY HEALTH,Rural Health Clinic,other,55 S FM 2353 STE A,GRAFORD,TX,76449,False,tie,1,
678566,UTHEALTH PHYSICIANS WINNSBORO RHC,Rural Health Clinic,other,600 E COKE RD,WINNSBORO,TX,75494,False,non_exact_direction,1,"600 W COKE RD, WINNSBORO, TX, 75494"
678901,INTEGRITY URGENT CARE,Rural Health Clinic,other,2901 W 7TH AVE,CORSICANA,TX,75110,False,no_match,1,
678930,TEXAS A & M UNIVERSITY SCHOOL OF NURS MOBILE CLIN,Rural Health Clinic,other,8447 RIVERSIDE PKWY,BRYAN,TX,77807,False,no_match,1,
678934,PEDIATRIC CLINIC MOUNT PLEASANT,Rural Health Clinic,other,2001 N JEFFERSON AVE STE 300,MOUNT PLEASANT,TX,75455,False,no_match,1,
678935,HEALTHIER WAY FAMILY CARE PLLC,Rural Health Clinic,other,720 US HWY 259 N,ORE CITY,TX,75683,False,no_match,2,
678942,INTEGRITY URGENT CARE,Rural Health Clinic,other,1643 N MARKET ST,HEARNE,TX,77859,False,non_exact_direction,1,"1643 S MARKET ST, HEARNE, TX, 77859"
678943,INTEGRITY URGENT CARE,Rural Health Clinic,other,3014 E BUSINESS 190 STE 254,COPPERAS COVE,TX,76522,False,no_match,1,
678961,BRAVO HEALTH TERLINGUA,Rural Health Clinic,other,199 REX IVEY RD,TERLINGUA,TX,79852,False,no_match,1,
678962,INTEGRITY URGENT CARE,Rural Health Clinic,other,2409 S STATE HWY 36 STE A,GATESVILLE,TX,76528,False,no_match,2,
741120,LONE STAR CIRCLE OF CARE ADULT MEDICINE AT ST. JOH,Federally Qualified Health Center,other,"6937 N INTERSTATE 35, STE LONESTAR2",AUSTIN,TX,78752,False,no_match,1,
741137,MYCHN TECHNOLOGY DRIVE,Federally Qualified Health Center,other,"4005 TECHNOLOGY RD, STE 1190",ANGLETON,TX,77515,False,no_match,1,
741818,"HOUSTON AREA COMMUNITY SERVICES, INC",Federally Qualified Health Center,other,"MEDICAL PLAZA I, 902 FROSTWOOD DRIVE, SUITE 142",HOUSTON,TX,77024,False,non_exact_house_number,1,"902 FROSTWOOD DR, HOUSTON, TX, 77024"
741830,HEALTHPOINT,Federally Qualified Health Center,other,1301 MEMORIAL DR,BRYAN,TX,77802,False,no_match,1,
741839,UNITED MEDICAL CENTERS,Federally Qualified Health Center,other,4018 EL INDIO HIGHWAY,EAGLE PASS,TX,78852,False,no_match,2,
741848,"LEGACY COMMUNITY HEALTH SERVICES, INC",Federally Qualified Health Center,other,10711 KIPP WAY DRIVE,HOUSTON,TX,77099,False,no_match,2,
741855,ACCESSHEALTH,Federally Qualified Health Center,other,5353 RIDGE CREEK CIRCLE,HOUSTON,TX,77053,False,wrong_county,1,"5353 W RIDGECREEK CIR, HOUSTON, TX, 77053"
741861,SPRING BRANCH COMMUNITY HEALTH CENTER,Federally Qualified Health Center,other,19333 CLAY ROAD,KATY,TX,77449,False,no_match,2,
741869,"HEALTH SERVICES OF NORTH TEXAS, INC",Federally Qualified Health Center,other,"303 S HIGHWAY 78, #106",WYLIE,TX,75098,False,wrong_county,1,"303 STATE HWY 78, WYLIE, TX, 75098"
741873,"WACO FAMILY MEDICINE - MARTIN LUTHER KING, JR.",Federally Qualified Health Center,other,1911 N MARTIN LUTHER KING JR BLVD,WACO,TX,76704,False,no_match,1,
741880,WACO FAMILY MEDICINE,Federally Qualified Health Center,other,2201 MACARTHUR DR  SUITE 103,WACO,TX,76708,False,no_match,1,
741897,CENTRAL CARE COMMUNITY HEALTH CENTER,Federally Qualified Health Center,other,14087 MAIN STREET,HOUSTON,TX,77035,False,no_match,1,
741906,LOCKHART FAMILY PRACTICE CENTER,Federally Qualified Health Center,other,2060 SOUTH COLORADO STREET,LOCKHART,TX,78644,False,non_exact_direction,2,"2060 N COLORADO ST, LOCKHART, TX, 78644"
741927,DELL CITY HEALTH OUTREACH CENTER,Federally Qualified Health Center,other,"102 SOUTH DODSON, BUILDING B",SALT FLAT,TX,79847,False,no_match,1,
741928,CHCL MEDICAL PLAZA,Federally Qualified Health Center,other,"3502 9TH STREET, SUITE #280",LUBBOCK,TX,79415,False,no_match,1,
741968,ST HOPE FOUNDATION,Federally Qualified Health Center,other,14815 SOUTHWEST FWY,SUGAR LAND,TX,77478,False,no_match,1,
741984,HOPE COMMUNITY MEDICINE,Federally Qualified Health Center,other,109 E MAIN STREET,SAN AUGUSTINE,TX,75972,False,non_exact_direction,2,"109 W MAIN ST, SAN AUGUSTINE, TX, 75972"
971004,GULF COAST HEALTH CENTER-MEMORIAL HIGH SCHOOL SBHC,Federally Qualified Health Center,other,3501 SGT LUCIEN ADAMS BLVD,PORT ARTHUR,TX,77642,False,no_match,1,
971009,SBHC - FRANKLIN ELEMENTARY SCHOOL,Federally Qualified Health Center,other,"317 N OWENSVILLE ST, RM #MCI",FRANKLIN,TX,77856,False,non_exact_direction,1,"317 S OWENSVILLE ST, FRANKLIN, TX, 77856"
971016,FOREMOST FAMILY HEALTH CENTERS,Federally Qualified Health Center,other,2727 AL LIPSCOMB WAY,DALLAS,TX,75215,False,no_match,1,
971033,AMISTAD HEALTH,Federally Qualified Health Center,other,"3602 MCARDLE RD, RM WRM2",CORPUS CHRISTI,TX,78415,False,tie,1,
971036,COMMUNICARE HEALTH CENTERS,Federally Qualified Health Center,other,418 N LOOP 1604 W,SAN ANTONIO,TX,78232,False,non_exact_direction,1,"418 N LOOP 1604 E, SAN ANTONIO, TX, 78232"
971037,SAMBRANO ELEMENTARY SCHOOL,Federally Qualified Health Center,other,200 HERRING ROAD,SAN ELIZARIO,TX,79849,False,no_match,1,
971042,PREVENTATIVE CARE HEALTH SERVICES INC,Federally Qualified Health Center,other,1707 N 4TH ST,ALPINE,TX,79830,False,no_match,1,
971054,UNITED MEDICAL CENTERS,Federally Qualified Health Center,other,3809 VETERANS BLVD,DEL RIO,TX,78840,False,no_match,1,
971056,COMMUNITY ACTION CORPORATION OF SOUTH TEXAS,Federally Qualified Health Center,other,1210 N RETAMA ST,KINGSVILLE,TX,78363,False,no_match,1,
971057,HHM PEDIATRICS HEALTH SPECIALISTS,Federally Qualified Health Center,other,"7200 STATE HIGHWAY 161, STE 100",IRVING,TX,75039,False,no_match,1,
971066,HEALING HANDS MINISTRIES WOMEN'S HEALTH CENTER,Federally Qualified Health Center,other,1911 FM 423,FRISCO,TX,75033,False,no_match,1,
971068,"HEALTH OPPORTUNITIES FOR THE PEOPLE OF EAST TEXAS,",Federally Qualified Health Center,other,1375 N DICKINSON DR,RUSK,TX,75785,False,no_match,1,
971075,"COMMUNITY HEALTH CENTER OF LUBBOCK, 96W",Federally Qualified Health Center,other,"2401 FULTON AVE, APT B",LUBBOCK,TX,79407,False,no_match,2,
971087,COMMUNITY ACTION CORPORATION OF SOUTH TEXAS,Federally Qualified Health Center,other,139 N MAIN ST,SARITA,TX,78385,False,no_match,1,
971092,UH HEALTH FAMILY CARE CENTER,Federally Qualified Health Center,other,"4349 MARTIN LUTHER KING BLVD,",HOUSTON,TX,77204,False,no_match,2,
971111,LONGVIEW WELLNESS CENTER INC,Federally Qualified Health Center,other,410 GREEN ST,LONGVIEW,TX,75601,False,tie,1,
971113,LONE STAR CIRCLE OF CARE PEDIATRICS AT ST JOHN,Federally Qualified Health Center,other,6937 N INTERSTATE 3535,ANDICE,TX,78628,False,no_match,2,
461000,FAMILY HEALTHCARE,Federally Qualified Health Center,other,120 LINA BLBD,SPRINGDALE,UT,84767,False,no_match,2,
461001,HEALTH WEST GARDEN CITY,Federally Qualified Health Center,other,325 W LOGAN RD,GARDEN CITY,UT,84028,False,no_match,1,
461801,CARBON MEDICAL SERVICE ASSOCIATION,Federally Qualified Health Center,other,331 HIGHWAY 123,SUNNYSIDE,UT,84539,False,no_match,1,
461802,WAYNE COMMUNITY HEALTH CENTERS,Federally Qualified Health Center,other,128 SOUTH 300 WEST,BICKNELL,UT,84715,False,non_exact_direction,1,"128 N 300 W, BICKNELL, UT, 84715"
461818,MONTEZUMA CREEK COMMUNITY HEALTH CENTER,Federally Qualified Health Center,other,1478 EAST HIGHWAY 162,MONTEZUMA CREEK,UT,84534,False,no_match,1,
461821,WAYNE COMMUNITY HEALTH CENTER,Federally Qualified Health Center,other,30 SOUTH HWY 95,HANKSVILLE,UT,84734,False,no_match,2,
461839,MOUNTAINLANDS COMMUNITY HEALTH CENTER INC,Federally Qualified Health Center,other,1680 WEST HIGHWAY 40-201,VERNAL,UT,84078,False,non_exact_direction,2,"1680 E US HWY 40, VERNAL, UT, 84078"
461850,KOOSHAREM COMMUNITY HEALTH CENTER,Federally Qualified Health Center,other,795 NORTH PAIUTE WAY,RICHFIELD,UT,84701,False,no_match,1,
463818,MONUMENT VALLEY HEALTH CENTER,Rural Health Clinic,other,30 W MEDICAL DRIVE,MONUMENT VALLEY,UT,84536,False,no_match,1,
463820,PAROWAN MEDICAL CLINIC,Rural Health Clinic,other,450 EAST CLINIC WAY,PAROWAN,UT,84761,False,no_match,1,
463822,"MAIN STREET FAMILY MEDICINE, PLLC",Rural Health Clinic,other,571 EAST MAIN STREET,ENTERPRISE,UT,84725,False,non_exact_direction,2,"571 W MAIN ST, ENTERPRISE, UT, 84725"
463823,STERLING URGENT CARE,Rural Health Clinic,other,609 SOUTH HIGHWAY 91 #A,RICHMOND,UT,84333,False,no_match,2,
463991,BEAVER/ MILFORD MEDICAL CLINIC,Rural Health Clinic,other,850 NORTH MAIN,MILFORD,UT,84751,False,no_match,2,
463995,UINTAH BASIN MEDICAL CENTER THE CLINIC DUCHESNE,Rural Health Clinic,other,50 EAST 200 SOUTH,DUCHESNE,UT,84021,False,non_exact_direction,2,"50 W 200 SOUTH ST, DUCHESNE, UT, 84021"
463996,SPANISH VALLEY CLINIC,Rural Health Clinic,other,5555 OLD AIRPORT ROAD,ARCHES,UT,84532,False,no_match,2,
463999,SALINA FAMILY MEDICINE,Rural Health Clinic,other,63 WEST 550 NORTH,SALINA,UT,84654,False,no_match,2,
491002,ALEXANDRIA NEIGHBORHOOD HEALTH SERVICES INC,Federally Qualified Health Center,other,1225 MARTHA CUSTIS DR  STE C1,ALEXANDRIA,VA,22302,False,no_match,1,
491012,TRI AREA COMMUNITY HEALTH,Federally Qualified Health Center,other,200 MAROON TIDE DR,GALAX,VA,24333,False,no_match,2,
491029,TRI AREA COMMUNITY HEALTH,Federally Qualified Health Center,other,100 CAVS LN,HILLSVILLE,VA,24343,False,no_match,1,
491041,TRI AREA COMMUNITY HEALTH AT GRAYSON COUNTY SCHOOL,Federally Qualified Health Center,other,110 BLUE DEVIL DR,INDEPENDENCE,VA,24348,False,no_match,1,
491800,BOYDTON MEDICAL CENTER,Federally Qualified Health Center,other,"WASHINGTON STREET, P O  BOX 540",BOYDTON,VA,23917,False,no_match,1,
491802,SOUTHSIDE COMMUNITY HEALTH CENTER,Federally Qualified Health Center,other,8380 BOYDTON PLANK ROAD,ALBERTA,VA,23821,False,no_match,2,
491805,EASTVILLE COMMUNITY HEALTH CENTER,Federally Qualified Health Center,other,17068 LANKFORD HIGHWAY,CHERITON,VA,23316,False,no_match,2,
491810,"BLAND COUNTY MEDICAL CLINIC, INC",Federally Qualified Health Center,other,"ROUTE 1, BOX 102",BASTIAN,VA,24314,False,no_match,1,
491813,"OFFICE OF B JAY BORTZ, M D",Federally Qualified Health Center,other,"P O BOX 70, U S HIGHWAY 58 SUITE 5",PENNINGTON GAP,VA,24277,False,no_match,1,
491816,JONESVILLE BREATHING CENTER,Federally Qualified Health Center,other,"P O BOX 894, CHURCH STREET",JONESVILLE,VA,24263,False,no_match,1,
491825,"ST CHAS COMMUNTU HEALTH CLINIC, INC",Federally Qualified Health Center,other,P O DRAWER S,SAINT CHARLES,VA,24282,False,no_match,1,
491829,HAYSI CLINIC,Federally Qualified Health Center,other,PO DRAWER S,SAINT CHARLES,VA,24282,False,no_match,2,
491857,HOUSECALLS FOR THE HOMEBOUND,Federally Qualified Health Center,other,1508 KV ROAD PO BOX 70,VICTORIA,VA,23974,False,no_match,1,
491885,KENCARE,Federally Qualified Health Center,other,119  7TH AVENUE,KENBRIDGE,VA,23944,False,no_match,1,
491895,SDHS COUNSELING AND BEHAVIORAL SERVICES,Federally Qualified Health Center,other,1685 K-V ROAD,VICTORIA,VA,23974,False,no_match,2,
491903,HIGHLAND MEDICAL CENTER SCHOOL BASED HEALTHCARE,Federally Qualified Health Center,other,240 MYERS MOON ROAD,MONTEREY,VA,24465,False,no_match,2,
491914,HCHC PARKVIEW,Federally Qualified Health Center,other,1479 VIRGINIA AVENUE,HARRISONBURG,VA,22803,False,no_match,2,
491931,"ALEXANDRIA NEIGHBORHOOD HEALTH SERVICES, INC",Federally Qualified Health Center,other,8637 ENGLESIDE OFFICE PARK,ALEXANDRIA,VA,22309,False,no_match,1,
491939,HAMPTON ROADS ICARE,Federally Qualified Health Center,other,7447 CENTRAL BUSINESS PARK DR,NORFOLK,VA,23513,False,no_match,1,
491948,SOUTHWEST VIRGINIA COMMUNITY HEALTH SYSTEM,Federally Qualified Health Center,other,"319 5TH AVENUE, 1ST FLOOR",SALTVILLE,VA,24370,False,tie,2,
491954,COMMUNITY HEALTH CENTER OF ELKTON,Federally Qualified Health Center,other,"800 SHENANDOAH AVENUE, SUITE 170",ELKTON,VA,22827,False,no_match,2,
491984,NHHC VALLEY VIEW BLVD MEDICAL,Federally Qualified Health Center,other,5060 VALLEY VIEW BLVD NW,ROANOKE,VA,24012,False,non_exact_direction,1,"5060 VALLEY VIEW BLVD NORTH NW, ROANOKE, VA, 24012"
493411,V H PAGE MEM HOSP FAMILY MEDICINE/SHENANDOAH,Rural Health Clinic,other,505 WILLIAMS AVENUE,SHENANDOAH,VA,22849,False,no_match,2,
493430,BON SECOURS LIVELY MEDICAL CENTER,Rural Health Clinic,other,36 LIVELY OAKS RD,LIVELY,VA,22507,False,no_match,2,
493432,FRONT ROYAL FAMILY PRACTICE AND MULTISPECIALTY CLI,Rural Health Clinic,other,"351 VALLEY HEALTH WAY, SUITES 200 AND 300",FRONT ROYAL,VA,22630,False,no_match,3,
493454,SENTARA HALIFAX FAMILY MEDICINE,Rural Health Clinic,other,101 AUBREY'S LOOP,SOUTH BOSTON,VA,24592,False,no_match,1,
493467,COMMONWEALTH FAMILY CLINIC,Rural Health Clinic,other,"1532 SLATE CREEK RD, SUITE 105",GRUNDY,VA,24614,False,no_match,1,
493468,MOUNTAIN VIEW MEDICAL CLINIC,Rural Health Clinic,other,"1520 SLATE CREEK RD, SUITE 204",GRUNDY,VA,24614,False,no_match,1,
493829,TRI-STATE CLINIC INC,Rural Health Clinic,other,1520 SLATE CREEK ROAD,GRUNDY,VA,24614,False,no_match,2,
493840,ABINGDON FAMILY HEALTH CARE,Rural Health Clinic,other,445 PORTERFIELD HIGHWAY SUITE A,ABINGDON,VA,24210,False,no_match,2,
493844,MERIT MEDICAL RURAL HEALTH CLINIC - RICHLANDS,Rural Health Clinic,other,6719 GOVERNOR GC PEERY HWY  SUITE 3100,RICHLANDS,VA,24641,False,no_match,2,
493875,ULTRA HEALTH LEBANON,Rural Health Clinic,other,39 S FLANNAGAN AVE,LEBANON,VA,24266,False,no_match,1,
493878,ULTRA HEALTH GRUNDY,Rural Health Clinic,other,1107 RIVERVIEW ST,GRUNDY,VA,24614,False,no_match,1,
493988,MOUNTAIN AIR MEDICAL CLINIC,Rural Health Clinic,other,"1520 SLATE CREEK RD, SUITE 102",GRUNDY,VA,24614,False,no_match,1,
498936,INFINITY MEDICAL MANAGMENT LLC,Rural Health Clinic,other,"231 MEDICAL PARK DRIVE, SUITE 300",BLUEFIELD,VA,24605,False,no_match,2,
498943,CLINCH VALLEY FAMILY CARE,Rural Health Clinic,other,"1100 CEDAR VALLEY DR, SUITE 3",CEDAR BLUFF,VA,24609,False,no_match,1,
481801,FREDERIKSTED HEALTH CENTER,Federally Qualified Health Center,other,516 STRAND STREET,FREDERIKSTED,VI,00840,False,no_match,2,
481802,EAST END FAMILY HEALTH CENTER,Federally Qualified Health Center,other,4605 TUTU PARK MALL SUITE 207,ST THOMAS,VI,00805,False,no_match,2,
481803,MID ISLAND HEALTH CENTER,Federally Qualified Health Center,other,4100 SION FARM COMMERCIAL CENTER SUITE 4-5,CHRISTIANSTED,VI,00820,False,no_match,3,
481804,NORTHSHORE HEALTH CENTER,Federally Qualified Health Center,other,60C 4043 LA GRANDE PRINCESS CENTER,CHRISTIANSTED,VI,00820,False,no_match,2,
481805,LENA SCHULTERBRANDT HEALTH CENTER,Federally Qualified Health Center,other,"1 ESTATE CANE, STE 206-209",FREDERIKSTED,VI,00840,False,no_match,2,
483800,VIHCF RURAL HEALTH CLINIC,Rural Health Clinic,other,"SUNNY ISLE SHOPPING CENTER, SPACE 1,2,3A",CHRISTIANSTED,VI,00820,False,no_match,3,
471815,CASTLETON FAMILY HEALTH CENTER,Federally Qualified Health Center,other,275  ROUTE 30 NORTH,BOMOSEEN,VT,05732,False,no_match,2,
471817,CABOT HEALTH SERVICES,Federally Qualified Health Center,other,25 COMMON ROAD,CABOT,VT,05647,False,no_match,2,
471827,ST ALBANS HEALTH CENTER,Federally Qualified Health Center,other,3 CREST RD,SAINT ALBANS,VT,05478,False,no_match,2,
471851,GIFFORD HEALTH CARE INC,Federally Qualified Health Center,other,1823 VT RTE 107,BETHEL,VT,05032,False,no_match,2,
471875,NOTCH PRIMARY CARE,Federally Qualified Health Center,other,12 CREST RD,ST ALBANS,VT,05478,False,no_match,2,
471876,NORTHERN EXPRESS CARE NEWPORT,Federally Qualified Health Center,other,"137 MAIN ST, STE 102",NEWPORT,VT,05855,False,tie,2,
471877,LITTLE RIVERS HEALTH CARE INC,Federally Qualified Health Center,other,2689 VT 113,HARTFORD,VT,05047,False,no_match,2,
501008,PENINSULA COMMUNITY HEALTH SERVICES,Federally Qualified Health Center,other,1400 NE MCWILLIAMS RD RM 141/143,BREMERTON,WA,98311,False,tie,1,
501017,QUINCY STUDENT HEALTH AND WELLNESS CENTER,Federally Qualified Health Center,other,403 JACKRABBIT ST NE,QUINCY,WA,98848,False,no_match,1,
501081,QUINAULT COMMUNITY HEALTH,Federally Qualified Health Center,other,"1020 ANDERSON DR, STE 203",ABERDEEN,WA,98520,False,no_match,1,
501815,COLUMBIA BASIN HEALTH ASSOCIATION,Federally Qualified Health Center,other,1515 E COLUMBIA STREET,OTHELLO,WA,99344,False,no_match,2,
501830,NEW HOPE CLINIC,Federally Qualified Health Center,other,602 NOB HELL BLVD,YAKIMA,WA,98907,False,tie,1,
501831,WEST COAST COMM CLINICS-LAKE QUINAULT,Federally Qualified Health Center,other,5423 U S HIGHWAY 101,NEILTON,WA,98566,False,no_match,1,
501838,FAMILY HEALTH CENTERS - BREWSTER,Federally Qualified Health Center,other,WEST 525 JAY AVENUE (P O BOX 1877),BREWSTER,WA,98812,False,non_exact_house_number,2,"525 JAY AVE NW, BREWSTER, WA, 98812"
501866,COMMUNITY HEALTH CARE- TILLICUM CLINIC,Federally Qualified Health Center,other,14916 WASHINGTON AVENUE S,TACOMA,WA,98498,False,non_exact_direction,1,"14916 WASHINGTON AVE SW, TACOMA, WA, 98498"
501877,COLUMBIA BASIN HEALTH ASSOC - WAHLUKE FAMILY CLINI,Federally Qualified Health Center,other,601 GOVERNMENT WAY,MATTAWA,WA,99349,False,wrong_county,1,"601 GOVERNMENT RD, MATTAWA, WA, 99349"
501880,SEA MAR CHC - VANCOUVER CLINIC,Federally Qualified Health Center,other,7410 E DELAWARE LANE,SEATTLE,WA,98124,False,no_match,2,
501905,NACHES MEDICAL CLINIC,Federally Qualified Health Center,other,102 EAST 2ND STREET,NACHES,WA,98937,False,non_exact_direction,1,"102 W 2ND ST, NACHES, WA, 98937"
501916,SEA MAR COMMUNITY HEALTH CENTERS,Federally Qualified Health Center,other,"17707 WEST MAIN STREET, 1ST FLOOR",MONROE,WA,98272,False,no_match,2,
501939,VALLEY VIEW HEALTH CENTER - PE ELL,Federally Qualified Health Center,other,LEWIS COUNTY COMMUNITY HEALTH SERVICES,PE ELL,WA,98572,False,no_match,2,
501975,FAMILY HEALTH CENTERS - TWISP DENTAL,Federally Qualified Health Center,other,110 EAST 2ND AVENUE,TWISP,WA,98856,False,no_match,1,
503929,PROVIDENCE MEDICAL GROUP SOUTHWEST WASHINGTON,Rural Health Clinic,other,1010 S SCHEUBER RD STES 3 & 4,CENTRALIA,WA,98531,False,non_exact_direction,2,"1010 SCHEUBER RD N, CENTRALIA, WA, 98531"
503939,DEER PARK URGENT CARE,Rural Health Clinic,other,702 S PARK ST,DEER PARK,WA,99006,False,no_match,1,
503996,WHIDBEYHEALTH PRIMARY CARE-GOLDIE ST,Rural Health Clinic,other,1300 NE GOLDIE STREET,OAK HARBOR,WA,98277,False,no_match,2,
508520,BOGACHIEL CLINIC,Rural Health Clinic,other,390 FOUNDERS WAY,FORKS,WA,98331,False,no_match,1,
508522,REPUBLIC MEDICAL CLINIC,Rural Health Clinic,other,10 ROS CIRCLE,REPUBLIC,WA,99166,False,no_match,2,
508541,CLE ELUM FAMILY MEDICINE CTR,Rural Health Clinic,other,201 ALPHA WAY,CLE ELUM,WA,98922,False,no_match,1,
508554,BENTON CITY CLINIC,Rural Health Clinic,other,701 DALE AVE,BENTON CITY,WA,99320,False,no_match,1,
508567,EXPRESS CARE LAKE CHELAN HEALTH,Rural Health Clinic,other,219 EAST JOHNSON,CHELAN,WA,98816,False,no_match,2,
941027,SEA MAR COMMUNITY HEALTH CENTERS,Federally Qualified Health Center,other,6100 NE FOURTH PLAIN BLVD,VANCOUVER,WA,98661,False,non_exact_direction,1,"6100 E FOURTH PLAIN BLVD, VANCOUVER, WA, 98661"
941056,HEALTHPOINT KENT URGENT CARE,Federally Qualified Health Center,other,219 STATE AVENUE N,KENT,WA,98030,False,wrong_county,2,"219 N STATE AVE, KENT, WA, 98030"
941060,PENINSULA COMMUNITY HEALTH SERVICES,Federally Qualified Health Center,other,300 E CAMPUS DRIVE,BELFAIR,WA,98528,False,no_match,2,
941078,GRANGER FAMILY MEDICINE CLINIC,Federally Qualified Health Center,other,"115 SUNNYSIDE AVE, STE A",GRANGER,WA,98932,False,no_match,1,
941087,HEALTHPOINT,Federally Qualified Health Center,other,"830 SW 116TH ST, BLDG 200E",TACOMA,WA,98416,False,no_match,1,
521016,RHINELANDER DENTAL CENTER,Federally Qualified Health Center,other,2268 N SHORE DR,LAKE GEORGE,WI,54501,False,no_match,2,
521021,MARSHFIELD DENTAL CENTER,Federally Qualified Health Center,other,1307 N SAINT JOSEPH AVE,MARSHFIELD,WI,54449,False,tie,1,
521037,FAMILY HEALTH CENTER OF MARSHFIELD INC,Federally Qualified Health Center,other,N6571 LUMBERJACK GUY RD,BLACK RIVER FALLS,WI,54615,False,non_exact_house_number,1,"N6571 GUY RD, BLACK RIVER FALLS, WI, 54615"
521807,WINNEGAGO HEALTH CARE CENTER,Federally Qualified Health Center,other,"RT 5, BOX 384-B",BLACK RIVER FALLS,WI,54615,False,non_exact_house_number,2,"N6520 GUY RD, BLACK RIVER FALLS, WI, 54615"
521812,MENOMINEE TRIBAL CLINIC,Federally Qualified Health Center,other,P O BOX 970,KESHENA,WI,54135,False,no_usable_address,0,
521813,BAD RIVER HEALTH CLINIC,Federally Qualified Health Center,other,P O BOX 39,ODANAH,WI,54861,False,no_usable_address,0,
521815,NORWALK COMMUNITY HEALTH CENTER,Federally Qualified Health Center,other,200 W NORTH,NORWALK,WI,54648,False,non_exact_direction,2,"200 NORTH ST, NORWALK, WI, 54648"
521823,FAMILY HEALTH/LA CLINICA,Federally Qualified Health Center,other,400 S TOWNLINE RD,WAUTOMA,WI,54982,False,non_exact_direction,1,"400 N TOWNLINE RD, WAUTOMA, WI, 54982"
521824,LA CLINICA DE LOS CAMPESINOS,Federally Qualified Health Center,other,"400 S TOWNLINE ROAD, WAUTOMA",WAUTOMA,WI,54982,False,non_exact_direction,1,"400 N TOWNLINE RD, WAUTOMA, WI, 54982"
521860,OUTREACH HEALTHCARE,Federally Qualified Health Center,other,879 MATHER STREET,GREEN BAY,WI,54303,False,no_match,1,
521865,NOBLE COMMUNITY CLINICS - FRIENDSHIP,Federally Qualified Health Center,other,302 W LAKE ST,FRIENDSHIP,WI,53934,False,non_exact_direction,1,"302 E LAKE ST, FRIENDSHIP, WI, 53934"
523998,MAYO CLINIC HEALTH SYSTEM SPARTA,Rural Health Clinic,other,310 W MAIN ST,SPARTA,WI,54656,False,non_exact_direction,1,"310 E MAIN ST, SPARTA, WI, 54656"
528518,ASPIRUS OWEN CLINIC,Rural Health Clinic,other,6 JOHNSON ST,OWEN,WI,54460,False,no_match,1,
528524,CAMPUS CLINIC,Rural Health Clinic,other,250 26TH ST  SUITES 110 & 100,PRAIRIE DU SAC,WI,53578,False,no_match,2,
528525,RIVER VALLEY MEDICAL CLINIC,Rural Health Clinic,other,436 SUNRISE DR,SPRING GREEN,WI,53588,False,no_match,1,
528526,VERNON HEALTH LAFARGE CLINIC,Rural Health Clinic,other,206 N MILL ST,LA FARGE,WI,54639,False,non_exact_direction,2,"206 S MILL ST, LA FARGE, WI, 54639"
528551,EMPLIFY HEALTH,Rural Health Clinic,other,250 STATE ROAD 37,MONDOVI,WI,54755,False,tie,1,
528563,CUMBERLAND HEALTHCARE,Rural Health Clinic,other,1705 16TH AVE,CUMBERLAND,WI,54829,False,no_match,2,
528565,SOUTHWEST HEALTH DARLINGTON CLINIC,Rural Health Clinic,other,133 PERFORMANCE DRIVE,DARLINGTON,WI,53530,False,no_match,2,
528571,CUMBERLAND HC TURTLE LAKE CENTER,Rural Health Clinic,other,632 US HIGHWAY 8,CUMBERLAND,WI,54829,False,wrong_county,2,"632 US HWY 8, TURTLE LAKE, WI, 54889"
528576,ASPIRUS WISCONSIN RAPIDS CLINIC PEACH ST,Rural Health Clinic,other,2031 PEACH ST,WISCONSIN RAPIDS,WI,54494,False,no_match,1,
528579,EMPLIFY HEALTH CRIVITZ CLINIC,Rural Health Clinic,other,218 S US HWY 141,CRIVITZ,WI,54114,False,non_exact_direction,2,"218 N US HWY 141, CRIVITZ, WI, 54114"
528584,ESSENTIA HEALTH SPOONER CLINIC,Rural Health Clinic,other,1180 CHANDLER DR,SPOONER,WI,54801,False,no_match,1,
528588,LAFAYETTE HOSPITAL AND CLINICS  DARLINGTON,Rural Health Clinic,other,211 BEV ANDERSON DR,DARLINGTON,WI,53530,False,no_match,2,
528608,THEDACARE FAMILY MEDICINE CLINTONVILLE,Rural Health Clinic,other,370 S MAIN ST,CLINTONVILLE,WI,54929,False,non_exact_direction,1,"370 E MAIN ST, CLINTONVILLE, WI, 54929"
528610,MHLC PRIMARY CARE CLINIC OF ARGYLE,Rural Health Clinic,other,107 CENTER ST,ARGYLE,WI,53504,False,no_match,1,
528616,ASPIRUS ADAMS CLINIC,Rural Health Clinic,other,419 N OAK ST,ADAMS,WI,53910,False,no_match,1,
528627,MAYO CLINIC HS OAKRIDGE IN MONDOVI,Rural Health Clinic,other,700 BUFFALO ST,MONDOVI,WI,54755,False,no_match,1,
528639,ASPIRUS WITTENBERG CLINIC,Rural Health Clinic,other,1660 SUE ALAN DRIVE,WITTENBERG,WI,54499,False,no_match,2,
528641,ASPIRUS RHINELANDER CLINIC  NORTH SHORE DRIVE,Rural Health Clinic,other,2251 NORTH SHORE DR  SUITE 100,RHINELANDER,WI,54501,False,no_match,2,
528646,SOUTHWEST HEALTH KIELER CLINIC,Rural Health Clinic,other,3695 PRISM LANE,KIELER,WI,53812,False,no_match,2,
528652,MARSHFIELD CLINIC CUMBERLAND CENTER,Rural Health Clinic,other,1200 STATE ROAD 48,CUMBERLAND,WI,54829,False,no_match,1,
528662,RAMC LA VALLE CLINIC,Rural Health Clinic,other,S1429 STATE HIGHWAY 33,LA VALLE,WI,53941,False,no_match,2,
511001,GREEN BANK ELEMENTARY MIDDLE SCHOOL WELLNESS CNTR,Federally Qualified Health Center,other,"RR1, BOX 5",GREEN BANK,WV,24944,False,no_match,2,
511004,VALLEY HEALTH SPRING VALLEY HIGH,Federally Qualified Health Center,other,1 TIMBERWOLFE LANE,HUNTINGTON,WV,25704,False,no_match,2,
511006,VALLEY HEALTH WAYNE HIGH SCHOOL,Federally Qualified Health Center,other,100 PIONEER RD,WAYNE,WV,25570,False,no_match,1,
511008,BRAXTON COUNTY HIGH SCHOOL WELLNESS CENTER,Federally Qualified Health Center,other,200 JERRY BURTON DRIVE,SUTTON,WV,26601,False,no_match,2,
511009,BRAXTON COUNTY MIDDLE SCHOOL WELLNES CENTER,Federally Qualified Health Center,other,100 CARTER BRAXTON DRIVE,SUTTON,WV,26601,False,no_match,2,
511010,SOUTH HARRISON MIDDLE SCHOOL WELLNESS CENTER,Federally Qualified Health Center,other,"RR1, BOX 58B",LOST CREEK,WV,26385,False,no_match,2,
511017,VALLEY HEALTH HARTS ELEMENTARY,Federally Qualified Health Center,other,1246 MCCLELLAN HIGHWAY,HARTS,WV,25524,False,no_match,2,
511021,"TRI-STATE COMMUNITY HEALTH CENTER, INC",Federally Qualified Health Center,other,261 BERKMORE PLACE,BERKELEY SPRINGS,WV,25411,False,no_match,1,
511023,FAMILYCARE,Federally Qualified Health Center,other,RR 2 BOX 93,BUFFALO,WV,25033,False,no_match,1,
511034,LUMBERPORT ELEMENTARY SCHOOL WELLNESS CENTER,Federally Qualified Health Center,other,CHESTNUT & LYNDON STS,LUMBERPORT,WV,26386,False,non_exact_house_number,2,"CHESTNUT ST & E LYNDON ST, LUMBERPORT, WV, 26386"
511036,LINCOLN MIDDLE AND HIGH SCHOOL WELLNESS CENTER,Federally Qualified Health Center,other,78 JERRY TOTH DRIVE,SHINNSTON,WV,26431,False,no_match,2,
511038,BUCKHANNON-UPSHUR MIDDLE SCHOOL WELLNESS CENTER,Federally Qualified Health Center,other,303 RR 6,BUCKHANNON,WV,26201,False,no_match,1,
511042,MARLINTON MIDDLE SCHOOL WELLNESS CENTER,Federally Qualified Health Center,other,2 BOX 52 S,MARLINTON,WV,24954,False,no_match,1,
511043,CAMDEN FAMILY HEALTH- CRAIGSVILLE,Federally Qualified Health Center,other,100 SCHOOL STREET,CRAIGSVILLE,WV,26205,False,no_match,1,
511046,FRAMETOWN ELEMENTARY SCHOOL WELLNESS CENTER,Federally Qualified Health Center,other,14 HC 62,FRAMETOWN,WV,26623,False,no_match,1,
511049,WIRT COUNTY SCHOOLS WELLNES CENTER,Federally Qualified Health Center,other,461 SCHOOLVIEW STREET,ELIZABETH,WV,26143,False,no_match,2,
511051,COMMUNITY CARE OF HILLSBORO,Federally Qualified Health Center,other,7576 SENECA TRAIL,HILLSBORO,WV,24946,False,no_match,1,
511053,CABIN CREEK HEALTH CENTER INC,Federally Qualified Health Center,other,6100 SISSONVILLE DRIVE,CHARLESTON,WV,25312,False,no_match,1,
511054,RITCHIE REGIONAL HEALTH CTR- DODDRIDGE CO,Federally Qualified Health Center,other,151 DODDRIDGE SCHOOL ROAD,WEST UNION,WV,26456,False,no_match,1,
511055,PENDLETON COUNTY HIGH SCHOOL- SCHOOL BASED HEALTH,Federally Qualified Health Center,other,409 MAPLE AVENUE,FRANKLIN,WV,26807,False,no_match,2,
511056,FRANKLIN ELEMENTARY SCHOOL- SCHOOL BASED HEALTH CE,Federally Qualified Health Center,other,67 SOUTH BRANCH STREET,FRANKLIN,WV,26807,False,no_match,1,
511057,BRANDYWINE ELEMENTARY SCHOOL- SCHOOL BASED HEALTH,Federally Qualified Health Center,other,11480 BLUE GRAY TRAIL,BRANDYWINE,WV,26802,False,no_match,1,
511058,NORTH FORK ELEMENTARY SCHOOL- SCHOOL BASED HEALTH,Federally Qualified Health Center,other,1 SCHOOL LANE,CIRCLEVILLE,WV,26804,False,no_match,2,
511059,SALEM ELEMENTARY SCHOOL WELLNESS CENTER,Federally Qualified Health Center,other,"RR1, BOX10A",SALEM,WV,26426,False,no_match,2,
511072,VALLEY HEALTH CARE INC,Federally Qualified Health Center,other,HIGHWAY 219 - 250 SOUTH,MILL CREEK,WV,26280,False,no_match,2,
511073,VALLEY HEALTH TEAYS VALLEY,Federally Qualified Health Center,other,1100 HOSPITAL DRIVE,HURRICANE,WV,25526,False,no_match,2,
511074,"VALLEY HEALTH CARE, INC",Federally Qualified Health Center,other,290 RR 1,MILL CREEK,WV,26280,False,no_match,1,
511076,CAMDEN FAMILY HEALTH-LEWIS COUNTY,Federally Qualified Health Center,other,300 MINUTEMAN DRIVE,WESTON,WV,26452,False,no_match,2,
511079,LIZEMORE ELEMENTARY SCHOOL WELLNESS CENTER,Federally Qualified Health Center,other,1 LIZEMORE STREET,LIZEMORES,WV,25125,False,wrong_county,2,"12292 STATE RTE 20 SOUTH RD, ROCK CAVE, WV, 26234"
511080,COMMUNITY CARE OF BRIDGEPORT,Federally Qualified Health Center,other,"65 PROFESSIONAL PL, SUITES 101 102 103",BRIDGEPORT,WV,26330,False,no_match,2,
511091,CAMDEN FAMILY HEALTH RED OAK,Federally Qualified Health Center,other,46 RED OAK DRIVE,CRAIGSVILLE,WV,26205,False,no_match,2,
511095,FAMILYCARE HEALTH CENTER,Federally Qualified Health Center,other,#2 CHATEAU LANE,BARBOURSVILLE,WV,25504,False,no_match,1,
511096,MVA NORTH MARION CAMPUS WELLNESS CENTER,Federally Qualified Health Center,other,1 NORTH MARION DRIVE,FARMINGTON,WV,26571,False,no_match,1,
511098,VALLEY HEALTH FOODFAIR RT 60,Federally Qualified Health Center,other,6350 US ROUTE 60,BARBOURSVILLE,WV,25504,False,no_match,2,
511099,"COMMUNITY HEALTH SYSTEMS, INC",Federally Qualified Health Center,other,8965 SHOESTRING TRAIL,WILLIAMSBURG,WV,24991,False,no_match,2,
511102,PIONEER HEALTH CENTER,Federally Qualified Health Center,other,1 PIONEER PATH,MAN,WV,25635,False,no_match,1,
511103,MUSTAGE HEALTH CENTER,Federally Qualified Health Center,other,267 MIDWAY ROAD,ALUM CREEK,WV,25003,False,no_match,2,
511108,VHC NORTH SCHOOL SBHC,Federally Qualified Health Center,other,"ROUTE 2, BOX 320",ELKINS,WV,26241,False,no_match,2,
511110,"COMMUNITY CARE OF WEST VIRGINIA, INC",Federally Qualified Health Center,other,33-37 W MAIN STREET,BUCKHANNON,WV,26201,False,non_exact_house_number,1,"37 W MAIN ST, BUCKHANNON, WV, 26201"
511114,ALTERNATIVE LEARNING CENTER WELLNESS CENTER,Federally Qualified Health Center,other,1349 SHINNSTON PIKE,CLARKSBURG,WV,26301,False,tie,1,
511120,CAMDEN FAMILY HEALTH,Federally Qualified Health Center,other,110 PANTHER CREEK ELEMENTARY ROAD,NETTIE,WV,26681,False,no_match,2,
511123,MOUNTAIN VIEW WELLNESS CENTER,Federally Qualified Health Center,other,620 SCHOOL STREET,UNION,WV,24983,False,no_match,2,
511126,THE MYERS CLINIC,Federally Qualified Health Center,other,3 HEALTH CARE DRIVE,PHILIPPI,WV,26416,False,no_match,2,
511127,CAMDEN FACILITY HEALTH,Federally Qualified Health Center,other,16414 WEBSTER ROAD,CRAIGSVILLE,WV,26205,False,no_match,2,
511131,LEADING CREEK ELEMENTARY SCHOOL WELLNESS CT,Federally Qualified Health Center,other,15300 US HIGHWAY 33 W,LINN,WV,26384,False,no_match,1,
511141,MONROE COUNTY HEALTH CENTER,Federally Qualified Health Center,other,180 OLD SCHOOLHOUSE ROAD,FOREST HILL,WV,24935,False,no_match,2,
511147,RITCHIE REGIONAL HEALTH CENTER DODDRIDGE HIGH SCHO,Federally Qualified Health Center,other,49 BULLDOG DRIVE,WEST UNION,WV,26456,False,no_match,2,
511148,RITCHIE REGIONAL HEALTH CENTER SMITHVILLE ELEMENTA,Federally Qualified Health Center,other,157 MAIN STREET,SMITHVILLE,WV,26178,False,no_match,1,
511152,MIDLAND TRAIL HEALTH CENTER,Federally Qualified Health Center,other,26737 MIDLAND TRAIL,HICO,WV,25854,False,no_match,1,
511159,ACCESSHEALTH PROFESSIONAL PARK CLINIC,Federally Qualified Health Center,other,224 PROFESSIONAL PARK,BECKLEY,WV,25801,False,no_match,1,
511165,WILLIAMSON HEALTH & WELLNESS CENTER GILBERT CLINIC,Federally Qualified Health Center,other,2475 RTE 52,GILBERT,WV,25621,False,no_match,1,
511166,FMC SBHC OAK GLEN COMPLEX,Federally Qualified Health Center,other,39 GOLDEN BEAR DRIVE,NEW CUMBERLAND,WV,26047,False,no_match,2,
511178,SHENANDOAH COMMUNITY HEALTH WIDMYER ELEMENTARY,Federally Qualified Health Center,other,128 WIDMYER CIR,BERKELEY SPRINGS,WV,25411,False,no_match,1,
511182,E A HAWSE RETIREMENT VILLAGE INC,Federally Qualified Health Center,other,207 VIKING DRIVE,PETERSBURG,WV,26847,False,no_match,2,
511183,LOGAN MINGO AREA MENTAL HEALTH INC,Federally Qualified Health Center,other,174 LMAH CENTER ROAD,LOGAN,WV,25601,False,no_match,2,
511184,"LOGAN MINGO AREA MENTAL HEALTH, INC",Federally Qualified Health Center,other,2954 BUFFALO CREEK ROAD,CHATTAROY,WV,25667,False,no_match,2,
511185,RMC ANNEX,Federally Qualified Health Center,other,RAINELLE MEDICAL CANTER INC.,RAINELLE,WV,25962,False,no_match,1,
511189,NEW RIVER HEALTH  SMITHERS,Federally Qualified Health Center,other,2 GREYHOUND LN.,LONGACRE,WV,25186,False,no_match,2,
511193,E.A HAWSE HEALTH CENTER INC.  ROMNEY,Federally Qualified Health Center,other,22347 NORTHWESTERN PIKE,ROMNEY,WV,26757,False,no_match,1,
511802,NORTHERN GREENBRIER HEALTH CLINIC,Federally Qualified Health Center,other,RT 9 SINKING CREEK ROAD,WILLIAMSBURG,WV,24991,False,no_match,1,
511809,VALLEY HEALTH WAYNE,Federally Qualified Health Center,other,203 KENOVA AVENUE,WAYNE,WV,25570,False,no_match,2,
511817,"RAINELLE MEDICAL CENTER, INC",Federally Qualified Health Center,other,176 MEDICAL CENTER DR,RAINELLE,WV,25962,False,no_match,1,
511818,TUG RIVER AT NORTHFORK,Federally Qualified Health Center,other,P O DRAWER V,NORTHFORK,WV,24868,False,no_match,2,
511819,"TUG RIVER HEALTH ASSOCIATION, INC",Federally Qualified Health Center,other,103 SUPPLY STREET,GARY,WV,24836,False,no_match,2,
511826,COMMUNITY CARE OF ROCK CAVE,Federally Qualified Health Center,other,78 QUEENS ALLEY RD,ROCK CAVE,WV,26234,False,no_match,1,
511828,"NETTIE/LEIVASY MEDICAL CENTER, INC",Federally Qualified Health Center,other,"ROUTE 39, P O BOX 192",NETTIE,WV,26681,False,no_match,1,
511831,GLEN ROGERS-RAVENCLIFF CLINIC,Federally Qualified Health Center,other,MAIN STREET,RAVENCLIFF,WV,25913,False,no_match,1,
511832,CLEAR FOLK CLINIC,Federally Qualified Health Center,other,HOME SCHOOL VILLAGE #1,COLCORD,WV,25048,False,no_match,1,
511845,E A HAWSE HEALTH CENTER,Federally Qualified Health Center,other,PO BOX 97  ROUTE 259,BAKER,WV,26801,False,no_match,2,
511847,COMMUNITY HEALTH FOUNDATION OF MAN,Federally Qualified Health Center,other,600 EAST MCDOWELL AVENUE,MAN,WV,25635,False,no_match,1,
511848,GILBERT MEDICAL CENTER,Federally Qualified Health Center,other,ROUTE 80 MAIN STREET,GILBERT,WV,25621,False,no_match,1,
511851,NEWBURG CLINIC,Federally Qualified Health Center,other,1321 N MOUNTAINEER HIGHWAY,NEWBURG,WV,26410,False,no_match,2,
511852,LINCOLN COUNTY PRIMARY CARE CENTER INC,Federally Qualified Health Center,other,7400 LYNN AVENUE,HAMLIN,WV,25523,False,no_match,2,
511854,CABELL MIDLAND HEALTH CENTER,Federally Qualified Health Center,other,11315 US ROUTE 60,HUNTINGTON,WV,25701,False,no_match,2,
511863,COPLIN MEMORIAL COMMUNITY HEALTH CENTR,Federally Qualified Health Center,other,716 WASHINGTON STREET,BALDWIN,WV,26351,False,no_match,2,
511864,BIG OTTER CLINIC,Federally Qualified Health Center,other,797 CLINIC DRIVE,IVYDALE,WV,25113,False,no_match,2,
511868,TCHC LITTLE MEADOW HEALTH CENTER,Federally Qualified Health Center,other,110 S PICKENS ROAD,HELVETIA,WV,26224,False,no_match,2,
511869,EA HAWSE HEALTH CENTER - MATHIAS BRANCH,Federally Qualified Health Center,other,ROUTE 1 BOX 8C1,MATHIAS,WV,26812,False,no_match,2,
511871,MINNIE HAMILTON HEALTH CARE CENTER INC,Federally Qualified Health Center,other,"376 WV HIGHWAY 5 E, STE 101",GLENVILLE,WV,26351,False,no_match,1,
511873,PENDLETON COMMUNITY CARE,Federally Qualified Health Center,other,82 PINE ST,FRANKLIN,WV,26807,False,no_match,1,
511876,WAYNE HIGH HEALTH CENTER,Federally Qualified Health Center,other,6750 CRAIG ROAD,WAYNE,WV,25570,False,no_match,1,
511877,TOLISA HIGH HEALTH CENTER,Federally Qualified Health Center,other,1 REBEL DRIVE,FORT GAY,WV,25514,False,no_match,1,
511879,MOUNTAINTOP HEALTH CENTER,Federally Qualified Health Center,other,72 CORTLAND ACRES LANE,THOMAS,WV,26292,False,no_match,2,
511882,NORTHFORK PRIMARY CARE CLINIC,Federally Qualified Health Center,other,US ROUTE 33/28,RIVERTON,WV,26814,False,no_match,2,
511888,CLAY COUNTY ELEMENTARY WELLNESS CENTER,Federally Qualified Health Center,other,168 CHURCH STREET,CLAY,WV,25043,False,no_match,2,
511890,CLAY COUNTY HIGH SCHOOL WELLNESS CENTER,Federally Qualified Health Center,other,ONE PANTHER DRIVE,CLAY,WV,25043,False,no_match,1,
511894,ROBERT C BYRN DRIVE CLINIC,Federally Qualified Health Center,other,3352 ROBERT C BYRD DRIVE,BECKLEY,WV,25801,False,no_match,2,
511897,CENTRAL WV COMMUNITY HEALTH CENTER,Federally Qualified Health Center,other,55 FRIENDS-R-FUN DRIVE,SUMMERSVILLE,WV,26651,False,no_match,1,
511901,TUG RIVER / MOUNTVIEW WELLNESS CENTER,Federally Qualified Health Center,other,950 MOUNTVIEW ROAD SUITE 500,WELCH,WV,24801,False,no_match,2,
511903,COMMUNITY HEALTH FOUNDATION,Federally Qualified Health Center,other,HC 68 SUITE 3,LOGAN,WV,25601,False,no_match,1,
511906,FAMILY PRACTICE COMMUNITY HEALTH CENTER,Federally Qualified Health Center,other,1200 HARRISON AVENUE,ELKINS,WV,26241,False,no_match,1,
511909,MT STORM HEALTH CENTER,Federally Qualified Health Center,other,US ROUTE 50,MOUNT STORM,WV,26739,False,no_match,2,
511911,WEST HAMLIN ELEMENTARY SCHOOL,Federally Qualified Health Center,other,ROUTE 1 BOX 112A,WEST HAMLIN,WV,25571,False,no_match,1,
511928,BROWNING FAMILY PRACTICE/HILLSBORO HEALTH CLINIC,Federally Qualified Health Center,other,RT 219 NORTH,HILLSBORO,WV,24946,False,no_match,1,
511929,VALLEY HEALTH HURRICANE,Federally Qualified Health Center,other,"3729 TEAYS VALLEY RD, STE 100",HURRICANE,WV,25526,False,no_match,1,
511931,TCHC NORTHERN POCAHONTAS COUNTY HEALTH CLINIC,Federally Qualified Health Center,other,4498 POTOMAC HIGHLANDS TRAIL,DURBIN,WV,26264,False,no_match,2,
511937,LISA ELLIOTT HEALTH CENTER,Federally Qualified Health Center,other,75 SPY ROCK LOOP ROAD,HICO,WV,25854,False,no_match,2,
511952,SOUTHERN WEST VIRGINIA HEALTH SYSTEM - MAN,Federally Qualified Health Center,other,600 EAST MCDONALD AVENUE,MAN,WV,25635,False,no_match,2,
511953,SOUTHERN WEST VIRGINIA HEALTH SYSTEM - GILBERT,Federally Qualified Health Center,other,202 LARRY JOE HARLESS DRIVE SUITE 205,GILBERT,WV,25621,False,no_match,2,
511954,SOUTHERN WEST VIRGINIA HEALTH SYSTEM - LOGAN,Federally Qualified Health Center,other,122 NICK SAVAS DRIVE,LOGAN,WV,25601,False,no_match,2,
511967,VALLEY HEALTH POINT PLEASANT PEDIATRICS,Federally Qualified Health Center,other,2801 JACKSON AVENUE,POINT PLEASANT,WV,25550,False,no_match,1,
511969,COAL CITY ELEMENTARY SCHOOL BASED HEALTH CENTER,Federally Qualified Health Center,other,900 INDEPENDENCE ROAD,COAL CITY,WV,25823,False,no_match,1,
511973,TUG RIVER/RIVER VIEW WELLNESS CENTER,Federally Qualified Health Center,other,"512 MOUNTAINEER HIGHWAY, ROOM 1344",BRADSHAW,WV,24817,False,no_match,1,
511975,LOGAN WILDCAT HEALTH SERVICES,Federally Qualified Health Center,other,1 WILDCAT WAY,LOGAN,WV,25601,False,no_match,1,
511976,SOUTHERN WEST VIRGINIA HEALTH SYSTEM-DELBARTON,Federally Qualified Health Center,other,5027 HELENA AVENUE,DELBARTON,WV,25670,False,no_match,1,
511979,FAMILYCARE HEALTH CENTER,Federally Qualified Health Center,other,3280 WINFIELD ROAD,WINFIELD,WV,25213,False,no_match,1,
511982,FAMILYCARE,Federally Qualified Health Center,other,"STATE ROUTE 62,  ELEANOR CIRCLE",ELEANOR,WV,25070,False,no_match,1,
511984,FAMILYCARE,Federally Qualified Health Center,other,3022 WINFIELD ROAD,WINFIELD,WV,25213,False,no_match,1,
511987,FRENCH CREEK ELEMENTARY SCHOOL WELLNESS CENTER,Federally Qualified Health Center,other,"RR2, BOX 305",FRENCH CREEK,WV,26218,False,no_match,1,
511988,COMMUNITY DENTAL CARE OF GREEN BANK,Federally Qualified Health Center,other,6404 POTOMAC HIGHLAND TRAIL,GREEN BANK,WV,24944,False,no_match,2,
513408,ROANE GENERAL MEDICAL ASSOCIATES,Rural Health Clinic,other,300 HOSPITAL DRIVE,SPENCER,WV,25276,False,no_match,1,
513409,SOUTHERN ROANE MEDICAL CLINIC,Rural Health Clinic,other,ONE LIBRARY LANE SUITE 2,LEFT HAND,WV,25251,False,no_match,2,
513410,MORAD-HUGHES HEALTH CENTER,Rural Health Clinic,other,122 PINNELL STREET,RIPLEY,WV,25271,False,no_match,2,
513411,BMH MEDICAL CLINIC,Rural Health Clinic,other,660A SOUTH MAIN STREET,MADISON,WV,25130,False,no_match,2,
513423,BRUSHY FORK CLINIC,Rural Health Clinic,other,21 AUCTION LANE,BUCKHANNON,WV,26201,False,no_match,2,
513425,FORT ASHBY RURAL HEALTH CLINIC OF POTOMAC VALLEY H,Rural Health Clinic,other,10261 FRANKFORT HIGHWAY,FORT ASHBY,WV,26719,False,no_match,2,
513433,BMH COMFORT CLINIC,Rural Health Clinic,other,"6952 COAL RIVER ROAD, STE C",COMFORT,WV,25049,False,no_match,2,
513848,FAMILY HEALTH CARE ASSOCIATES,Rural Health Clinic,other,113 MAIN AVENUE,PINEVILLE,WV,24874,False,no_match,1,
513865,MANCHIN CLINIC,Rural Health Clinic,other,100 MAIN STREET,FARMINGTON,WV,26571,False,no_match,2,
513884,BRAXTON PRIMARY HEALTH CARE,Rural Health Clinic,other,110 MUNICIPAL STREET,BURNSVILLE,WV,26335,False,no_match,2,
513889,BRADSHAW MEDICAL CLINIC,Rural Health Clinic,other,9981 MARSHALL HIGHWAY,BRADSHAW,WV,24817,False,no_match,3,
513905,FAMILY HEALTHCARE ASSOCIATES,Rural Health Clinic,other,1061 LARRY JOE HARLESS DRIVE,GILBERT,WV,25621,False,no_match,1,
513912,MOUNTAINEER HEALTHCARE PLLC,Rural Health Clinic,other,"83 SUMMERS HOSPITAL ROAD, SUITE 105",HINTON,WV,25951,False,no_match,1,
513925,VALLEY HEALTH FAMILY MEDICINE INWOOD,Rural Health Clinic,other,"4803 GERRARDSTOWN ROAD, SUITE 2",INWOOD,WV,25428,False,no_match,2,
513928,SUMMIT WOMEN'S HEALTH,Rural Health Clinic,other,411 12TH STREET EXT,PRINCETON,WV,24740,False,no_match,1,
513978,TYGART VALLEY TOTAL CARE CENTER,Rural Health Clinic,other,1 HOSPITAL PLAZA,GRAFTON,WV,26354,False,no_match,1,
513991,SUMMERS COUNTY ARH CLINIC,Rural Health Clinic,other,115 SUMMERS HOSPITAL ROAD,HINTON,WV,25951,False,no_match,2,
518900,LOGAN PEDIATRICS,Rural Health Clinic,other,"300 PROSPERITY LANE, STE 100",LOGAN,WV,25601,False,no_match,2,
581011,SOUTHERN WEST VIRGINIA HEALTH SYSTEM-WHARTON,Federally Qualified Health Center,other,35767 POND FORK RD,WHARTON,WV,25208,False,no_match,1,
581015,COALFIELD HEALTH CENTER - MAIN ST,Federally Qualified Health Center,other,594 MAIN ST,CHAPMANVILLE,WV,25508,False,no_match,1,
581022,SMITHVILLE SCHOOL BASED HEALTH CENTER,Federally Qualified Health Center,other,157 MAIN STREET,SMITHVILLE,WV,26178,False,no_match,1,
581029,COALTON ELEMENTARY SCHOOL,Federally Qualified Health Center,other,278 BROADWAY AVE,COALTON,WV,26257,False,no_match,1,
581037,VALLEY HEALTH SCP - HURRICANE,Federally Qualified Health Center,other,3751 TEAYS VALLEY RD,HURRICANE,WV,25526,False,no_match,1,
581041,FAMILYCARE HEALTH CENTERS,Federally Qualified Health Center,other,12803 WINFIELD RD,WINFIELD,WV,25213,False,no_match,1,
581046,RUPERT HEALTH CENTER,Federally Qualified Health Center,other,458 GREENBRIER STREET,RUPERT,WV,25984,False,no_match,1,
581055,LEWISBURG BEHAVIORAL HEALTH,Federally Qualified Health Center,other,"38378 MIDLAND TRL E, STE B",CALDWELL,WV,24925,False,no_match,1,
581059,CAREXPRESS OF SLATY FORK,Federally Qualified Health Center,other,431 CASS RD,SLATYFORK,WV,26291,False,no_match,1,
581071,NEW RIVER HEALTH LESTER SQUARE,Federally Qualified Health Center,other,821 ROBERT C BYRD DR.,SOPHIA,WV,25921,False,no_match,1,
581075,"E. A. HAWSE HEALTH CENTER, INC.",Federally Qualified Health Center,other,121 PANCIONE LOOP,AUGUSTA,WV,26704,False,no_match,1,
581077,ICE MOUNTAIN ELEMENTARY SCHOOL,Federally Qualified Health Center,other,6650 BLOOMERY PIKE,SLANESVILLE,WV,25444,False,no_match,1,
581081,WILLIAMSON HEALTH & WELLNESS CENTER-MINGO CENTRAL,Federally Qualified Health Center,other,"1000 KING COAL HIGHWAY, ROOMS 637 & 641",DELBARTON,WV,25670,False,no_match,2,
581083,VAN ELEMENTARY HEALTH CENTER,Federally Qualified Health Center,other,338 VAN HIGH SCHOOL RD,VAN,WV,25206,False,no_match,1,
581085,WILLIAMSON HEALTH & WELLNESS CENTER-BURCH PK-8,Federally Qualified Health Center,other,275 BULLDOG BLVD.,DELBARTON,WV,25670,False,no_match,2,
581800,HAMPSHIRE HIGH SCHOOL,Federally Qualified Health Center,other,157 TROJAN WAY,ROMNEY,WV,26757,False,no_match,1,
581802,"E A HAWSE HEALTH CENTER, INC - WARDENSVILLE",Federally Qualified Health Center,other,325 MAIN STREET,WARDENSVILLE,WV,26851,False,tie,1,
581809,NEW RIVER HEALTH - OAK HILL,Federally Qualified Health Center,other,497 MALL RD,OAK HILL,WV,25901,False,no_match,1,
581812,FMC COMMUNITY HEALTH CENTER,Federally Qualified Health Center,other,200 ROCKDALE RD,FOLLANSBEE,WV,26037,False,no_match,1,
581823,EASTERN GREENBRIER HEALTH CENTER,Federally Qualified Health Center,other,595 SPARTAN LN,LEWISBURG,WV,24901,False,no_match,1,
581824,SUMMERS COUNTY WELLNESS CENTER,Federally Qualified Health Center,other,176 MEDICAL CENTER DR,RAINELLE,WV,25962,False,no_match,2,
581833,VALLEY HEALTH - MILTON AT HARBOUR WAY,Federally Qualified Health Center,other,1 HARBOUR WAY,MILTON,WV,25541,False,no_match,1,
531801,NORTHWEST COMMUNITY ACTION PROGRAMS,Federally Qualified Health Center,other,1922 ROBERTSON P O DRAWR 158,WORLAND,WY,82401,False,no_match,1,
531816,"COMMUNITY HEALTH CENTER OF CENTRAL WYOMING, INC.",Federally Qualified Health Center,other,1035 ROSE LN BLDG,RIVERTON,WY,82501,False,no_match,1,
533803,MEDICINE BOW HEALTH CENTER,Rural Health Clinic,other,514 IDAHO DRIVE,MEDICINE BOW,WY,82329,False,no_match,3,
533987,OREGON TRAILS,Rural Health Clinic,other,525 E BIRCH ST,GLENROCK,WY,82637,False,non_exact_direction,2,"525 W BIRCH ST, GLENROCK, WY, 82637"
533989,REGISTER CLIFF RURAL HEALTH CLINIC,Rural Health Clinic,other,650 W WHALEN ST,GUERNSEY,WY,82214,False,no_match,1,
533991,BRIDGER VALLEY MEDICAL GROUP,Rural Health Clinic,other,107 N MAIN,LYMAN,WY,82937,False,non_exact_direction,2,"107 S MAIN ST, LYMAN, WY, 82937"
533992,BRIDGER VALLEY MEDICAL GROUP,Rural Health Clinic,other,531 PARKWAY DR,MOUNTAIN VIEW,WY,82939,False,no_match,1,
533994,BANNER MEDICAL CLINIC GUERNSEY,Rural Health Clinic,other,1 E WHALEN STREET,GUERNSEY,WY,82214,False,no_match,2,
538500,CODY REGIONAL HEALTH BASIN RURAL HEALTH CLINIC,Rural Health Clinic,other,525 N 5TH STREET,BASIN,WY,82410,False,non_exact_direction,1,"525 S 5TH ST, BASIN, WY, 82410"
